experience_id,name,source_column,mention_count
Experience_0,体量,appearance_overall_positive,1
Experience_1,形面,appearance_overall_positive,1
Experience_2,个性,appearance_overall_positive,2
Experience_3,辨识度,appearance_overall_positive,2
Experience_4,原创性,appearance_overall_positive,2
Experience_6,车身高度,appearance_overall_positive,1
Experience_7,臃肿感,appearance_overall_positive,1
Experience_8,前脸,appearance_overall_positive,1
Experience_9,定位,appearance_overall_positive,1
Experience_10,科技感,appearance_overall_positive,1
Experience_16,性价比,appearance_overall_positive,1
Experience_20,座椅放倒,appearance_overall_positive,1
Experience_21,气垫床,appearance_overall_positive,1
Experience_22,活动天幕,appearance_overall_positive,1
Experience_23,尾门储物盒,appearance_overall_positive,1
Experience_24,改装性,appearance_overall_positive,1
Experience_26,固定扰流板,appearance_overall_positive,1
Experience_27,悬浮式车顶,appearance_overall_positive,1
Experience_28,尾门小桌板,appearance_overall_positive,1
Experience_29,涉水深度,appearance_overall_positive,1
Experience_39,时尚,appearance_overall_positive,1
Experience_40,视觉冲击力,appearance_overall_positive,1
Experience_45,线条流畅,appearance_overall_positive,1
Experience_46,高头大马,appearance_overall_positive,1
Experience_56,年轻化,appearance_overall_positive,1
Experience_71,硬朗,appearance_overall_positive,1
Experience_72,大众审美,appearance_overall_positive,1
Experience_78,掀背门,appearance_overall_positive,1
Experience_79,卡钳罩,appearance_overall_positive,1
Experience_81,风格统一,appearance_overall_positive,1
Experience_83,城市越野风,appearance_overall_positive,1
Experience_86,线性,appearance_overall_positive,1
Experience_88,匀称,appearance_overall_positive,1
Experience_89,爆满,appearance_overall_positive,1
Experience_90,尺寸紧凑,appearance_overall_positive,1
Experience_94,面包车感,appearance_overall_positive,1
Experience_99,厚重,appearance_overall_positive,1
Experience_100,中规中矩,appearance_overall_positive,1
Experience_101,外造型,appearance_overall_positive,1
Experience_102,线条,appearance_overall_positive,3
Experience_103,外形,appearance_overall_positive,1
Experience_104,车体格,appearance_overall_positive,1
Experience_105,整体比例,appearance_overall_positive,1
Experience_106,时尚感,appearance_overall_positive,1
Experience_107,SUV造型,appearance_overall_positive,1
Experience_108,发罩分缝形式,appearance_overall_positive,1
Experience_109,车身形态,appearance_overall_positive,1
Experience_0,灯具边界,appearance_overall_negative,1
Experience_2,喜好,appearance_overall_negative,2
Experience_3,车尾造型,appearance_overall_negative,1
Experience_4,沉稳感,appearance_overall_negative,1
Experience_5,后尾部,appearance_overall_negative,1
Experience_6,圆润感,appearance_overall_negative,1
Experience_7,亲和感,appearance_overall_negative,1
Experience_8,6坐空间,appearance_overall_negative,1
Experience_9,仪表,appearance_overall_negative,1
Experience_10,细节部分,appearance_overall_negative,1
Experience_11,感官品质,appearance_overall_negative,1
Experience_12,外造型微细节,appearance_overall_negative,1
Experience_13,惊艳感,appearance_overall_negative,1
Experience_16,开门关门声音,appearance_overall_negative,1
Experience_17,车身外钣金件接缝,appearance_overall_negative,1
Experience_18,工艺管控,appearance_overall_negative,1
Experience_19,侧面设计,appearance_overall_negative,1
Experience_20,前备箱缝隙,appearance_overall_negative,1
Experience_21,MPV设计,appearance_overall_negative,1
Experience_22,车顶摄像头,appearance_overall_negative,1
Experience_23,前脸造型,appearance_overall_negative,1
Experience_24,侧面造型,appearance_overall_negative,1
Experience_25,鲨鱼鳍,appearance_overall_negative,1
Experience_26,后背设计,appearance_overall_negative,1
Experience_27,尺寸,appearance_overall_negative,1
Experience_28,造型接受度,appearance_overall_negative,1
Experience_29,车头,appearance_overall_negative,1
Experience_30,车型,appearance_overall_negative,1
Experience_31,颜色,appearance_overall_negative,1
Experience_32,配置,appearance_overall_negative,1
Experience_33,车高,appearance_overall_negative,1
Experience_34,车宽,appearance_overall_negative,1
Experience_35,设计,appearance_overall_negative,1
Experience_36,尾部设计,appearance_overall_negative,1
Experience_37,前脸设计,appearance_overall_negative,1
Experience_38,尾部,appearance_overall_negative,1
Experience_39,轮辋造型,appearance_overall_negative,1
Experience_40,前后脸造型,appearance_overall_negative,1
Experience_42,轮毂,appearance_overall_negative,1
Experience_43,A柱,appearance_overall_negative,1
Experience_45,后四窗,appearance_overall_negative,1
Experience_46,车身造型,appearance_overall_negative,1
Experience_47,力量感,appearance_overall_negative,1
Experience_48,亮饰条,appearance_overall_negative,1
Experience_49,高端感,appearance_overall_negative,1
Experience_50,车身臃肿,appearance_overall_negative,1
Experience_51,发动机盖分缝设计,appearance_overall_negative,1
Experience_52,大众化,appearance_overall_negative,1
Experience_53,特征,appearance_overall_negative,1
Experience_54,新潮,appearance_overall_negative,1
Experience_55,前脸灯造型,appearance_overall_negative,1
Experience_56,保险杠造型,appearance_overall_negative,1
Experience_57,眼前一亮,appearance_overall_negative,1
Experience_58,细节制造工艺,appearance_overall_negative,1
Experience_59,造型,appearance_overall_negative,1
Experience_60,新意,appearance_overall_negative,1
Experience_61,M9,appearance_overall_negative,1
Experience_62,M8,appearance_overall_negative,1
Experience_0,H型特征,appearance_front_side_positive,1
Experience_1,贯穿灯设计,appearance_front_side_positive,1
Experience_2,主动进气格栅,appearance_front_side_positive,1
Experience_3,侧围水切,appearance_front_side_positive,1
Experience_4,腰线,appearance_front_side_positive,1
Experience_5,俯冲感,appearance_front_side_positive,1
Experience_6,C柱设计,appearance_front_side_positive,1
Experience_7,摄像头,appearance_front_side_positive,1
Experience_8,车标,appearance_front_side_positive,1
Experience_9,贯穿式前大灯,appearance_front_side_positive,1
Experience_10,前脸运动姿态感,appearance_front_side_positive,1
Experience_11,前灯设计,appearance_front_side_positive,1
Experience_12,星环大灯,appearance_front_side_positive,1
Experience_13,鲨鱼前脸,appearance_front_side_positive,1
Experience_14,侧面运动感,appearance_front_side_positive,1
Experience_15,小灯,appearance_front_side_positive,1
Experience_16,灯,appearance_front_side_positive,1
Experience_17,星河璀璨,appearance_front_side_positive,1
Experience_18,车灯,appearance_front_side_positive,1
Experience_20,侧围,appearance_front_side_positive,2
Experience_21,星环灯,appearance_front_side_positive,1
Experience_22,发罩,appearance_front_side_positive,1
Experience_23,大发罩,appearance_front_side_positive,1
Experience_25,车身比例,appearance_front_side_positive,1
Experience_26,姿态,appearance_front_side_positive,1
Experience_27,主动闭合式进气格栅,appearance_front_side_positive,1
Experience_28,灯具,appearance_front_side_positive,1
Experience_29,小鹏系设计语言,appearance_front_side_positive,1
Experience_30,外观感知品质,appearance_front_side_positive,1
Experience_31,大灯设计,appearance_front_side_positive,1
Experience_32,车头高度,appearance_front_side_positive,1
Experience_34,侧面轮廓,appearance_front_side_positive,1
Experience_35,前脸格栅,appearance_front_side_positive,1
Experience_36,悬浮式侧位,appearance_front_side_positive,1
Experience_37,前脸气坝,appearance_front_side_positive,1
Experience_39,审美观,appearance_front_side_positive,1
Experience_40,越野运动感,appearance_front_side_positive,1
Experience_41,东方人审美,appearance_front_side_positive,1
Experience_42,饱满度,appearance_front_side_positive,1
Experience_43,高度,appearance_front_side_positive,1
Experience_44,家族化设计语言,appearance_front_side_positive,1
Experience_0,型面风格,appearance_front_side_negative,1
Experience_1,价值,appearance_front_side_negative,1
Experience_3,记忆点,appearance_front_side_negative,1
Experience_7,缝隙间隙,appearance_front_side_negative,1
Experience_8,享界S9,appearance_front_side_negative,1
Experience_9,差异化,appearance_front_side_negative,1
Experience_10,风格,appearance_front_side_negative,1
Experience_12,接缝处缝隙,appearance_front_side_negative,1
Experience_14,保险杠,appearance_front_side_negative,1
Experience_15,翼子板,appearance_front_side_negative,1
Experience_16,四门焊点,appearance_front_side_negative,1
Experience_17,抽屉式把手,appearance_front_side_negative,1
Experience_19,车灯闭环,appearance_front_side_negative,1
Experience_20,门把手,appearance_front_side_negative,1
Experience_21,贯穿式前灯,appearance_front_side_negative,1
Experience_22,外视镜,appearance_front_side_negative,1
Experience_23,前后组合大灯,appearance_front_side_negative,1
Experience_24,前格栅,appearance_front_side_negative,1
Experience_25,车身侧面线条,appearance_front_side_negative,1
Experience_0,银色车漆,appearance_paint_color_positive,1
Experience_2,多种色彩选择,appearance_paint_color_positive,1
Experience_3,高级漆面,appearance_paint_color_positive,1
Experience_4,色彩协调性,appearance_paint_color_positive,1
Experience_5,淡雅,appearance_paint_color_positive,1
Experience_7,大胆车漆颜色,appearance_paint_color_positive,1
Experience_8,正统外观颜色,appearance_paint_color_positive,1
Experience_9,保守外观颜色,appearance_paint_color_positive,1
Experience_10,细腻漆面,appearance_paint_color_positive,1
Experience_11,饱和漆面,appearance_paint_color_positive,1
Experience_12,均匀漆面,appearance_paint_color_positive,1
Experience_13,中性颜色,appearance_paint_color_positive,1
Experience_14,不张扬颜色,appearance_paint_color_positive,1
Experience_15,讨喜漆面颜色,appearance_paint_color_positive,1
Experience_16,好看漆面颜色,appearance_paint_color_positive,1
Experience_17,饱满漆面,appearance_paint_color_positive,1
Experience_18,高光泽度漆面,appearance_paint_color_positive,1
Experience_19,硬质漆膜,appearance_paint_color_positive,1
Experience_22,低调,appearance_paint_color_positive,1
Experience_23,豪华,appearance_paint_color_positive,1
Experience_24,闪亮车漆,appearance_paint_color_positive,1
Experience_25,高质感车漆,appearance_paint_color_positive,1
Experience_26,不廉价车漆,appearance_paint_color_positive,1
Experience_27,触感,appearance_paint_color_positive,1
Experience_28,漆面品质,appearance_paint_color_positive,1
Experience_29,黑色外漆,appearance_paint_color_positive,1
Experience_34,漆面色泽,appearance_paint_color_positive,1
Experience_35,橘皮,appearance_paint_color_positive,1
Experience_36,幻影紫,appearance_paint_color_positive,1
Experience_37,内饰,appearance_paint_color_positive,1
Experience_38,车漆,appearance_paint_color_positive,1
Experience_39,黑色,appearance_paint_color_positive,1
Experience_41,色差区域,appearance_paint_color_positive,1
Experience_42,车漆质量,appearance_paint_color_positive,1
Experience_43,经济型价位段,appearance_paint_color_positive,1
Experience_44,绿色车身,appearance_paint_color_positive,1
Experience_45,越野感,appearance_paint_color_positive,1
Experience_46,质感,appearance_paint_color_positive,1
Experience_47,漆面亮度,appearance_paint_color_positive,1
Experience_48,金属漆质感,appearance_paint_color_positive,1
Experience_49,贵价感,appearance_paint_color_positive,1
Experience_0,店端展示,appearance_paint_color_negative,1
Experience_1,个性色,appearance_paint_color_negative,1
Experience_2,劣势,appearance_paint_color_negative,1
Experience_3,漆面质感,appearance_paint_color_negative,1
Experience_4,手感,appearance_paint_color_negative,1
Experience_5,车漆颜色,appearance_paint_color_negative,1
Experience_6,品质感,appearance_paint_color_negative,1
Experience_7,第一视觉感触,appearance_paint_color_negative,1
Experience_8,黑白银灰颜色,appearance_paint_color_negative,1
Experience_9,颜色单调性,appearance_paint_color_negative,1
Experience_10,价格感知,appearance_paint_color_negative,1
Experience_11,漆面质量,appearance_paint_color_negative,1
Experience_12,不足,appearance_paint_color_negative,1
Experience_14,色,appearance_paint_color_negative,1
Experience_1,轻薄,interior_design_layout_positive,1
Experience_3,储物区域,interior_design_layout_positive,1
Experience_4,控制区域,interior_design_layout_positive,1
Experience_5,分布科学,interior_design_layout_positive,1
Experience_7,装饰,interior_design_layout_positive,1
Experience_8,包袱面积,interior_design_layout_positive,1
Experience_9,整体感,interior_design_layout_positive,1
Experience_10,环抱式,interior_design_layout_positive,1
Experience_11,类翅膀造型,interior_design_layout_positive,1
Experience_12,中控,interior_design_layout_positive,1
Experience_13,方向盘,interior_design_layout_positive,1
Experience_14,6座布局,interior_design_layout_positive,1
Experience_15,豪华配色,interior_design_layout_positive,1
Experience_16,空间,interior_design_layout_positive,1
Experience_17,内饰简洁,interior_design_layout_positive,1
Experience_18,软包,interior_design_layout_positive,1
Experience_19,搪塑软化处理,interior_design_layout_positive,1
Experience_20,塑料有型,interior_design_layout_positive,1
Experience_21,皮质柔软感,interior_design_layout_positive,1
Experience_22,整体氛围统一,interior_design_layout_positive,1
Experience_23,仪表台简约大方,interior_design_layout_positive,1
Experience_24,磁吸储物,interior_design_layout_positive,1
Experience_25,新能源风格,interior_design_layout_positive,1
Experience_26,氛围感营造,interior_design_layout_positive,1
Experience_27,整体性,interior_design_layout_positive,1
Experience_28,氛围灯,interior_design_layout_positive,3
Experience_29,内饰材料,interior_design_layout_positive,1
Experience_30,内饰颜色,interior_design_layout_positive,1
Experience_31,温馨感,interior_design_layout_positive,2
Experience_32,舒适感,interior_design_layout_positive,1
Experience_33,空间布局,interior_design_layout_positive,1
Experience_35,尊贵感,interior_design_layout_positive,1
Experience_36,后备箱软包,interior_design_layout_positive,1
Experience_37,IP贯穿屏,interior_design_layout_positive,1
Experience_38,体验,interior_design_layout_positive,1
Experience_39,真皮座椅,interior_design_layout_positive,1
Experience_40,座椅加热,interior_design_layout_positive,1
Experience_41,电动调节,interior_design_layout_positive,1
Experience_42,座椅通风,interior_design_layout_positive,1
Experience_43,十点按摩,interior_design_layout_positive,1
Experience_44,电动遮阳帘,interior_design_layout_positive,1
Experience_45,紫外线隔绝,interior_design_layout_positive,1
Experience_46,压缩机大冰箱,interior_design_layout_positive,1
Experience_47,全功能方向盘,interior_design_layout_positive,1
Experience_48,新势力简洁,interior_design_layout_positive,1
Experience_50,低廉感,interior_design_layout_positive,1
Experience_51,内饰风格,interior_design_layout_positive,1
Experience_52,操控,interior_design_layout_positive,1
Experience_53,低调感,interior_design_layout_positive,1
Experience_54,浅色设计,interior_design_layout_positive,1
Experience_55,车内明亮度,interior_design_layout_positive,1
Experience_56,家用适配性,interior_design_layout_positive,1
Experience_57,内饰质感,interior_design_layout_positive,1
Experience_58,第三排座椅舒适性,interior_design_layout_positive,1
Experience_59,车窗遮阳帘,interior_design_layout_positive,1
Experience_60,内饰设计风格,interior_design_layout_positive,1
Experience_61,中控台布局,interior_design_layout_positive,1
Experience_62,中控显示屏,interior_design_layout_positive,1
Experience_63,车辆控制功能,interior_design_layout_positive,1
Experience_64,操作直观性,interior_design_layout_positive,1
Experience_65,整体风格统一性,interior_design_layout_positive,1
Experience_66,BOSE音响,interior_design_layout_positive,1
Experience_67,后排座椅加热,interior_design_layout_positive,1
Experience_68,屏幕,interior_design_layout_positive,1
Experience_69,空间大小,interior_design_layout_positive,2
Experience_70,舒适性,interior_design_layout_positive,1
Experience_71,内饰布置和谐,interior_design_layout_positive,1
Experience_72,温馨,interior_design_layout_positive,1
Experience_73,座椅柔软亲肤,interior_design_layout_positive,1
Experience_74,空间感较好,interior_design_layout_positive,1
Experience_76,普通,interior_design_layout_positive,1
Experience_77,主流设计一致,interior_design_layout_positive,1
Experience_78,大屏,interior_design_layout_positive,1
Experience_79,天幕屏,interior_design_layout_positive,1
Experience_80,空间宽敞,interior_design_layout_positive,1
Experience_81,不压抑,interior_design_layout_positive,1
Experience_82,储物空间,interior_design_layout_positive,1
Experience_83,设计风格,interior_design_layout_positive,1
Experience_84,座位选择,interior_design_layout_positive,1
Experience_0,价值感,interior_design_layout_negative,1
Experience_2,做工,interior_design_layout_negative,1
Experience_3,简洁性,interior_design_layout_negative,1
Experience_4,置物便利性,interior_design_layout_negative,1
Experience_5,内饰精致度,interior_design_layout_negative,1
Experience_6,开关缝隙,interior_design_layout_negative,1
Experience_8,皮质亲肤感,interior_design_layout_negative,1
Experience_9,仪表台塑料感,interior_design_layout_negative,1
Experience_10,塑料感,interior_design_layout_negative,1
Experience_11,按键数量,interior_design_layout_negative,1
Experience_13,二排过道,interior_design_layout_negative,1
Experience_15,方向盘形状,interior_design_layout_negative,1
Experience_16,座椅,interior_design_layout_negative,2
Experience_17,翻毛皮,interior_design_layout_negative,1
Experience_18,塑料部件,interior_design_layout_negative,1
Experience_19,板块体验,interior_design_layout_negative,1
Experience_23,前排座椅调整,interior_design_layout_negative,1
Experience_24,三排导轨,interior_design_layout_negative,1
Experience_26,用料,interior_design_layout_negative,2
Experience_27,软包区域,interior_design_layout_negative,1
Experience_28,造型风格,interior_design_layout_negative,1
Experience_29,副驾前方储物格,interior_design_layout_negative,1
Experience_30,抽屉,interior_design_layout_negative,1
Experience_31,前排中间空调出风口,interior_design_layout_negative,1
Experience_1,细节处理,interior_material_workmanship_positive,2
Experience_2,简约科技,interior_material_workmanship_positive,1
Experience_4,工艺,interior_material_workmanship_positive,1
Experience_5,30+豪华车型体验,interior_material_workmanship_positive,1
Experience_6,包覆面积,interior_material_workmanship_positive,1
Experience_7,气味,interior_material_workmanship_positive,2
Experience_8,竹炭材质,interior_material_workmanship_positive,1
Experience_9,身体接触部分软包,interior_material_workmanship_positive,1
Experience_11,一键小憩模式,interior_material_workmanship_positive,1
Experience_12,大床模式,interior_material_workmanship_positive,1
Experience_13,IP台仿麂皮,interior_material_workmanship_positive,1
Experience_14,仪表台表面外观材质,interior_material_workmanship_positive,1
Experience_15,氛围灯效果,interior_material_workmanship_positive,1
Experience_16,用料亲肤感,interior_material_workmanship_positive,1
Experience_17,身体接触部位包覆,interior_material_workmanship_positive,1
Experience_18,化妆镜质感,interior_material_workmanship_positive,1
Experience_19,化妆镜功能感,interior_material_workmanship_positive,1
Experience_20,车型定位,interior_material_workmanship_positive,1
Experience_21,用户使用化妆镜体验感,interior_material_workmanship_positive,1
Experience_22,用户感受,interior_material_workmanship_positive,1
Experience_23,座椅舒适性,interior_material_workmanship_positive,1
Experience_26,软质覆盖,interior_material_workmanship_positive,1
Experience_28,皮质舒适性,interior_material_workmanship_positive,1
Experience_29,真皮接触面,interior_material_workmanship_positive,1
Experience_30,用料品质,interior_material_workmanship_positive,1
Experience_31,地毯用料,interior_material_workmanship_positive,1
Experience_32,用料水平,interior_material_workmanship_positive,1
Experience_33,麂皮车顶,interior_material_workmanship_positive,1
Experience_34,整洁性,interior_material_workmanship_positive,1
Experience_35,真皮舒适性,interior_material_workmanship_positive,1
Experience_36,座椅材质柔软性,interior_material_workmanship_positive,1
Experience_37,软包面积,interior_material_workmanship_positive,1
Experience_38,内饰造型,interior_material_workmanship_positive,1
Experience_39,内饰材质,interior_material_workmanship_positive,1
Experience_41,仪表集成,interior_material_workmanship_positive,1
Experience_42,方向盘设计,interior_material_workmanship_positive,1
Experience_43,平台化程度,interior_material_workmanship_positive,1
Experience_44,门饰板配合,interior_material_workmanship_positive,1
Experience_45,仪表板配合,interior_material_workmanship_positive,1
Experience_46,间隙面差,interior_material_workmanship_positive,1
Experience_49,内饰设计,interior_material_workmanship_positive,1
Experience_51,拉手材质,interior_material_workmanship_positive,1
Experience_52,化妆镜,interior_material_workmanship_positive,1
Experience_53,调节功能,interior_material_workmanship_positive,1
Experience_56,门板材质,interior_material_workmanship_positive,1
Experience_57,内饰手感,interior_material_workmanship_positive,1
Experience_58,触摸舒适性,interior_material_workmanship_positive,1
Experience_59,触摸质感,interior_material_workmanship_positive,1
Experience_61,亮饰条设计,interior_material_workmanship_positive,1
Experience_62,软包覆工艺,interior_material_workmanship_positive,1
Experience_64,廉价感,interior_material_workmanship_positive,1
Experience_65,用料质量,interior_material_workmanship_positive,3
Experience_66,同级对比体验,interior_material_workmanship_positive,1
Experience_67,中庸设计,interior_material_workmanship_positive,1
Experience_68,普适性体验,interior_material_workmanship_positive,1
Experience_69,软包覆程度,interior_material_workmanship_positive,1
Experience_70,客户接受度,interior_material_workmanship_positive,1
Experience_71,最低接受标准,interior_material_workmanship_positive,1
Experience_72,车载冰箱操作体验,interior_material_workmanship_positive,1
Experience_73,静音性能,interior_material_workmanship_positive,1
Experience_74,顺滑度,interior_material_workmanship_positive,1
Experience_77,包裹性,interior_material_workmanship_positive,1
Experience_0,喇叭网孔,interior_material_workmanship_negative,1
Experience_2,后排座椅,interior_material_workmanship_negative,1
Experience_3,细节品质,interior_material_workmanship_negative,1
Experience_4,金属制品,interior_material_workmanship_negative,1
Experience_5,中控台,interior_material_workmanship_negative,2
Experience_7,门板开关面板,interior_material_workmanship_negative,1
Experience_8,中控台饰板,interior_material_workmanship_negative,1
Experience_10,毛织材质,interior_material_workmanship_negative,1
Experience_11,内饰接缝面,interior_material_workmanship_negative,1
Experience_12,按摩功能,interior_material_workmanship_negative,1
Experience_13,内饰布局,interior_material_workmanship_negative,1
Experience_15,内饰用料,interior_material_workmanship_negative,1
Experience_16,布料,interior_material_workmanship_negative,1
Experience_17,硬塑料,interior_material_workmanship_negative,2
Experience_18,双连屏设计,interior_material_workmanship_negative,1
Experience_22,按键面板设计,interior_material_workmanship_negative,1
Experience_23,IP台,interior_material_workmanship_negative,1
Experience_25,软包覆感,interior_material_workmanship_negative,1
Experience_27,精细感,interior_material_workmanship_negative,1
Experience_28,仪表台镀铬饰条,interior_material_workmanship_negative,1
Experience_29,年轻的新潮要求,interior_material_workmanship_negative,1
Experience_30,硬质材质,interior_material_workmanship_negative,1
Experience_31,软包用料,interior_material_workmanship_negative,1
Experience_32,仿皮座椅,interior_material_workmanship_negative,1
Experience_33,第三排空间,interior_material_workmanship_negative,1
Experience_34,材质,interior_material_workmanship_negative,1
Experience_35,Console,interior_material_workmanship_negative,1
Experience_36,门板,interior_material_workmanship_negative,1
Experience_37,顶棚材质,interior_material_workmanship_negative,1
Experience_38,顶棚工艺,interior_material_workmanship_negative,1
Experience_0,品质,interior_color_atmosphere_positive,1
Experience_1,舒适,interior_color_atmosphere_positive,2
Experience_4,干净,interior_color_atmosphere_positive,1
Experience_5,色彩,interior_color_atmosphere_positive,1
Experience_6,香薰,interior_color_atmosphere_positive,1
Experience_9,色彩层次,interior_color_atmosphere_positive,1
Experience_12,氛围感,interior_color_atmosphere_positive,1
Experience_13,清爽,interior_color_atmosphere_positive,1
Experience_16,HMI,interior_color_atmosphere_positive,1
Experience_17,中控联动,interior_color_atmosphere_positive,1
Experience_18,深蓝色内饰,interior_color_atmosphere_positive,1
Experience_19,色彩统一,interior_color_atmosphere_positive,1
Experience_20,色彩氛围,interior_color_atmosphere_positive,1
Experience_22,音乐变色,interior_color_atmosphere_positive,1
Experience_24,温度感,interior_color_atmosphere_positive,1
Experience_25,灯光设计,interior_color_atmosphere_positive,1
Experience_26,香味调节,interior_color_atmosphere_positive,1
Experience_27,气味调节,interior_color_atmosphere_positive,1
Experience_28,整体烘托体验,interior_color_atmosphere_positive,1
Experience_29,全屏屏幕体验,interior_color_atmosphere_positive,1
Experience_30,材料质感,interior_color_atmosphere_positive,1
Experience_31,干净明快感,interior_color_atmosphere_positive,1
Experience_32,整体体验,interior_color_atmosphere_positive,1
Experience_33,紫色与米色拼接搭配,interior_color_atmosphere_positive,1
Experience_37,灵动,interior_color_atmosphere_positive,1
Experience_38,情绪价值,interior_color_atmosphere_positive,1
Experience_40,家庭氛围,interior_color_atmosphere_positive,1
Experience_0,木纹质感,interior_color_atmosphere_negative,1
Experience_1,光泽度,interior_color_atmosphere_negative,1
Experience_3,耐脏性,interior_color_atmosphere_negative,2
Experience_7,前排氛围感,interior_color_atmosphere_negative,1
Experience_8,二排氛围感,interior_color_atmosphere_negative,1
Experience_9,三排氛围感,interior_color_atmosphere_negative,1
Experience_10,整体观感,interior_color_atmosphere_negative,1
Experience_11,颜色压抑感,interior_color_atmosphere_negative,1
Experience_12,氛围灯颜色,interior_color_atmosphere_negative,1
Experience_13,内饰搭配,interior_color_atmosphere_negative,1
Experience_14,亮度,interior_color_atmosphere_negative,1
Experience_15,感知感,interior_color_atmosphere_negative,1
Experience_16,品牌独特风格,interior_color_atmosphere_negative,1
Experience_17,家族式风格,interior_color_atmosphere_negative,1
Experience_18,内饰风格统一性,interior_color_atmosphere_negative,1
Experience_19,内饰单调感,interior_color_atmosphere_negative,1
Experience_20,内饰颜色选择,interior_color_atmosphere_negative,1
Experience_22,沉浸感,interior_color_atmosphere_negative,1
Experience_23,色彩搭配,interior_color_atmosphere_negative,2
Experience_25,视野清晰度,interior_color_atmosphere_negative,1
Experience_26,整体表现,interior_color_atmosphere_negative,1
Experience_27,内饰耐脏性,interior_color_atmosphere_negative,1
Experience_29,外观配色,interior_color_atmosphere_negative,1
Experience_30,实车观感,interior_color_atmosphere_negative,1
Experience_31,内饰配色方案,interior_color_atmosphere_negative,1
Experience_32,灯光氛围,interior_color_atmosphere_negative,1
Experience_0,机构,interior_design_details_positive,1
Experience_1,铁网出风口,interior_design_details_positive,1
Experience_2,前排座椅,interior_design_details_positive,1
Experience_3,二排座椅,interior_design_details_positive,1
Experience_4,娱乐屏,interior_design_details_positive,1
Experience_5,实体按键,interior_design_details_positive,1
Experience_6,开门开关,interior_design_details_positive,1
Experience_7,中控储物盒,interior_design_details_positive,1
Experience_10,仪表台,interior_design_details_positive,1
Experience_12,操作,interior_design_details_positive,1
Experience_13,手套箱,interior_design_details_positive,1
Experience_14,220V插座,interior_design_details_positive,1
Experience_16,后备箱盖板,interior_design_details_positive,1
Experience_18,窗位边界,interior_design_details_positive,1
Experience_19,中控屏幕盲操,interior_design_details_positive,1
Experience_20,音响网罩,interior_design_details_positive,1
Experience_21,设计感,interior_design_details_positive,1
Experience_23,软质材料,interior_design_details_positive,1
Experience_25,显示屏幕圆角处理,interior_design_details_positive,1
Experience_27,右侧座椅横向移动,interior_design_details_positive,1
Experience_28,Nappa真皮座椅,interior_design_details_positive,1
Experience_29,副驾储物,interior_design_details_positive,1
Experience_30,后备箱百变空间,interior_design_details_positive,1
Experience_31,细节设计,interior_design_details_positive,1
Experience_32,简约设计,interior_design_details_positive,1
Experience_33,内饰螺丝,interior_design_details_positive,1
Experience_34,可拆卸改装,interior_design_details_positive,1
Experience_35,眼镜盒,interior_design_details_positive,1
Experience_36,B柱挂钩,interior_design_details_positive,1
Experience_0,三排座椅,interior_design_details_negative,1
Experience_1,后备箱,interior_design_details_negative,1
Experience_2,三排座椅后侧外包裹,interior_design_details_negative,1
Experience_3,内开门把手,interior_design_details_negative,1
Experience_4,细节,interior_design_details_negative,1
Experience_5,副驾手套箱,interior_design_details_negative,1
Experience_6,冰箱位,interior_design_details_negative,1
Experience_7,后排座椅通风,interior_design_details_negative,1
Experience_8,二排左后小桌板,interior_design_details_negative,1
Experience_9,方向盘导航按钮,interior_design_details_negative,1
Experience_10,中央出风口装饰条,interior_design_details_negative,1
Experience_11,中央扶手USB接口,interior_design_details_negative,1
Experience_13,扶手下半部分,interior_design_details_negative,1
Experience_14,装配工艺,interior_design_details_negative,1
Experience_0,大空间,smart_cockpit_hardware_positive,1
Experience_1,大前备箱,smart_cockpit_hardware_positive,1
Experience_2,界面简洁,smart_cockpit_hardware_positive,1
Experience_3,界面清晰,smart_cockpit_hardware_positive,1
Experience_4,界面流畅,smart_cockpit_hardware_positive,1
Experience_5,配置齐全,smart_cockpit_hardware_positive,1
Experience_6,豪华MPV功能,smart_cockpit_hardware_positive,1
Experience_7,大屏幕,smart_cockpit_hardware_positive,1
Experience_9,贯穿式屏幕,smart_cockpit_hardware_positive,1
Experience_10,主副驾一体化屏幕,smart_cockpit_hardware_positive,1
Experience_11,配套全面,smart_cockpit_hardware_positive,1
Experience_12,硬件流畅,smart_cockpit_hardware_positive,1
Experience_13,语音识别,smart_cockpit_hardware_positive,1
Experience_14,自研芯片,smart_cockpit_hardware_positive,1
Experience_15,8295芯片,smart_cockpit_hardware_positive,1
Experience_16,自研系统,smart_cockpit_hardware_positive,1
Experience_17,鸿蒙系统,smart_cockpit_hardware_positive,1
Experience_18,仪表双屏,smart_cockpit_hardware_positive,1
Experience_19,后排娱乐,smart_cockpit_hardware_positive,1
Experience_20,硬件平台化,smart_cockpit_hardware_positive,1
Experience_21,页面设计,smart_cockpit_hardware_positive,1
Experience_22,蔚来匹配,smart_cockpit_hardware_positive,1
Experience_23,momenta技术,smart_cockpit_hardware_positive,1
Experience_25,操作流畅性,smart_cockpit_hardware_positive,1
Experience_26,系统响应,smart_cockpit_hardware_positive,1
Experience_27,中控屏,smart_cockpit_hardware_positive,2
Experience_28,大屏设计,smart_cockpit_hardware_positive,1
Experience_29,反应速度,smart_cockpit_hardware_positive,1
Experience_30,前排遮阳板化妆镜,smart_cockpit_hardware_positive,1
Experience_31,灯光亮度调节,smart_cockpit_hardware_positive,1
Experience_32,色温调节,smart_cockpit_hardware_positive,1
Experience_33,后排车门空调控制,smart_cockpit_hardware_positive,1
Experience_34,风速调节,smart_cockpit_hardware_positive,1
Experience_35,温度调节,smart_cockpit_hardware_positive,1
Experience_36,座椅按摩,smart_cockpit_hardware_positive,1
Experience_37,后排小桌板,smart_cockpit_hardware_positive,1
Experience_38,储物设计,smart_cockpit_hardware_positive,1
Experience_39,外后视镜,smart_cockpit_hardware_positive,1
Experience_40,无边框设计,smart_cockpit_hardware_positive,1
Experience_41,二排吸顶屏,smart_cockpit_hardware_positive,1
Experience_42,4K显示,smart_cockpit_hardware_positive,1
Experience_43,21.5英寸屏幕,smart_cockpit_hardware_positive,1
Experience_44,华为鸿蒙座舱,smart_cockpit_hardware_positive,1
Experience_45,座舱体验,smart_cockpit_hardware_positive,1
Experience_46,客户满意度,smart_cockpit_hardware_positive,1
Experience_47,客户需求满足,smart_cockpit_hardware_positive,1
Experience_48,用户体验,smart_cockpit_hardware_positive,1
Experience_49,产品亮点,smart_cockpit_hardware_positive,1
Experience_0,前排空间,smart_cockpit_hardware_negative,1
Experience_1,组合仪表,smart_cockpit_hardware_negative,1
Experience_2,仪表屏幕,smart_cockpit_hardware_negative,1
Experience_3,左右屏,smart_cockpit_hardware_negative,1
Experience_4,屏间交互,smart_cockpit_hardware_negative,1
Experience_5,主仪表,smart_cockpit_hardware_negative,1
Experience_6,前挡投影,smart_cockpit_hardware_negative,1
Experience_7,投影内容,smart_cockpit_hardware_negative,1
Experience_9,系统价格,smart_cockpit_hardware_negative,1
Experience_10,车机芯片,smart_cockpit_hardware_negative,1
Experience_11,芯片性能,smart_cockpit_hardware_negative,1
Experience_12,屏幕分辨率,smart_cockpit_hardware_negative,1
Experience_13,智驾性能,smart_cockpit_hardware_negative,1
Experience_14,高速智驾,smart_cockpit_hardware_negative,1
Experience_15,AV主机,smart_cockpit_hardware_negative,1
Experience_16,音响,smart_cockpit_hardware_negative,1
Experience_17,副驾小桌板,smart_cockpit_hardware_negative,1
Experience_19,新科技体验,smart_cockpit_hardware_negative,1
Experience_20,屏幕按键操作,smart_cockpit_hardware_negative,1
Experience_0,UI设计风格,smart_cockpit_ui_positive,1
Experience_1,应用风格,smart_cockpit_ui_positive,1
Experience_2,信息分区,smart_cockpit_ui_positive,1
Experience_4,语音交互,smart_cockpit_ui_positive,1
Experience_5,音乐界面,smart_cockpit_ui_positive,1
Experience_6,功能,smart_cockpit_ui_positive,1
Experience_7,仪表导航,smart_cockpit_ui_positive,1
Experience_8,屏幕位置,smart_cockpit_ui_positive,1
Experience_9,驾驶员可视性,smart_cockpit_ui_positive,1
Experience_10,车模光影效果,smart_cockpit_ui_positive,1
Experience_11,系统响应速度,smart_cockpit_ui_positive,1
Experience_12,功能生态,smart_cockpit_ui_positive,1
Experience_13,体验流畅性,smart_cockpit_ui_positive,1
Experience_14,操作便利性,smart_cockpit_ui_positive,2
Experience_15,界面简洁性,smart_cockpit_ui_positive,2
Experience_16,理解易用性,smart_cockpit_ui_positive,1
Experience_18,中控HMI联动,smart_cockpit_ui_positive,1
Experience_19,副驾显示,smart_cockpit_ui_positive,1
Experience_20,歌词显示,smart_cockpit_ui_positive,1
Experience_21,小部件,smart_cockpit_ui_positive,1
Experience_22,双屏显示,smart_cockpit_ui_positive,1
Experience_23,视觉效果,smart_cockpit_ui_positive,1
Experience_24,卡片布局,smart_cockpit_ui_positive,1
Experience_25,逻辑设计,smart_cockpit_ui_positive,1
Experience_26,系统流畅性,smart_cockpit_ui_positive,1
Experience_27,UI设计,smart_cockpit_ui_positive,1
Experience_29,易用性,smart_cockpit_ui_positive,2
Experience_30,界面简介性,smart_cockpit_ui_positive,1
Experience_31,关键功能可达性,smart_cockpit_ui_positive,1
Experience_32,主界面简洁性,smart_cockpit_ui_positive,1
Experience_33,界面类比（Pad/电脑）,smart_cockpit_ui_positive,1
Experience_34,显示清晰度,smart_cockpit_ui_positive,1
Experience_35,操作易用性,smart_cockpit_ui_positive,1
Experience_36,简约性,smart_cockpit_ui_positive,1
Experience_37,现代性,smart_cockpit_ui_positive,1
Experience_38,流畅性,smart_cockpit_ui_positive,1
Experience_39,细腻度,smart_cockpit_ui_positive,1
Experience_40,卡片式界面,smart_cockpit_ui_positive,1
Experience_41,分屏使用,smart_cockpit_ui_positive,1
Experience_42,副驾独立影音,smart_cockpit_ui_positive,1
Experience_43,蓝牙耳机支持,smart_cockpit_ui_positive,1
Experience_44,头枕音响支持,smart_cockpit_ui_positive,1
Experience_45,UI操作,smart_cockpit_ui_positive,2
Experience_46,操作复杂度,smart_cockpit_ui_positive,1
Experience_47,设计趋势跟随性,smart_cockpit_ui_positive,1
Experience_48,越野模式可视化展示,smart_cockpit_ui_positive,1
Experience_49,屏幕交互熟悉度,smart_cockpit_ui_positive,1
Experience_50,上手难度,smart_cockpit_ui_positive,1
Experience_51,屏幕尺寸感知,smart_cockpit_ui_positive,1
Experience_52,操作习惯迁移,smart_cockpit_ui_positive,1
Experience_53,3D交互界面,smart_cockpit_ui_positive,1
Experience_54,三维模型操作,smart_cockpit_ui_positive,1
Experience_55,车窗控制交互,smart_cockpit_ui_positive,1
Experience_56,加油盖控制交互,smart_cockpit_ui_positive,1
Experience_0,清晰度,smart_cockpit_ui_negative,1
Experience_4,闪退,smart_cockpit_ui_negative,1
Experience_5,显示效果,smart_cockpit_ui_negative,1
Experience_6,图标,smart_cockpit_ui_negative,1
Experience_7,功能菜单层级,smart_cockpit_ui_negative,1
Experience_8,图标显示比例,smart_cockpit_ui_negative,1
Experience_9,主界面程序布局,smart_cockpit_ui_negative,1
Experience_10,使用便利性,smart_cockpit_ui_negative,1
Experience_11,车型体验对比,smart_cockpit_ui_negative,1
Experience_13,应用,smart_cockpit_ui_negative,1
Experience_14,整车功能,smart_cockpit_ui_negative,1
Experience_15,操作界面,smart_cockpit_ui_negative,1
Experience_16,美术设计,smart_cockpit_ui_negative,1
Experience_0,应用整合,smart_cockpit_ecosystem_positive,1
Experience_1,系统UI统一,smart_cockpit_ecosystem_positive,1
Experience_2,应用响应速度,smart_cockpit_ecosystem_positive,1
Experience_3,联网搜索,smart_cockpit_ecosystem_positive,1
Experience_4,短视频,smart_cockpit_ecosystem_positive,1
Experience_5,CarPlay,smart_cockpit_ecosystem_positive,1
Experience_6,ICCOA CarLink,smart_cockpit_ecosystem_positive,1
Experience_7,HiCar,smart_cockpit_ecosystem_positive,1
Experience_8,Flyme Link,smart_cockpit_ecosystem_positive,1
Experience_9,应用丰富度,smart_cockpit_ecosystem_positive,1
Experience_10,流畅感,smart_cockpit_ecosystem_positive,1
Experience_11,应用顺畅性,smart_cockpit_ecosystem_positive,1
Experience_12,家庭场景应用适配,smart_cockpit_ecosystem_positive,1
Experience_13,四屏交互系统,smart_cockpit_ecosystem_positive,1
Experience_14,语音控制,smart_cockpit_ecosystem_positive,1
Experience_15,绘画生成,smart_cockpit_ecosystem_positive,1
Experience_16,任务规划,smart_cockpit_ecosystem_positive,1
Experience_17,全景声音响系统,smart_cockpit_ecosystem_positive,1
Experience_18,日常应用满足度,smart_cockpit_ecosystem_positive,1
Experience_19,常用功能覆盖,smart_cockpit_ecosystem_positive,1
Experience_20,高德,smart_cockpit_ecosystem_positive,1
Experience_21,应用中心,smart_cockpit_ecosystem_positive,1
Experience_22,车辆启动,smart_cockpit_ecosystem_positive,1
Experience_23,空调控制,smart_cockpit_ecosystem_positive,1
Experience_24,远控功能,smart_cockpit_ecosystem_positive,1
Experience_25,苹果,smart_cockpit_ecosystem_positive,1
Experience_26,安卓,smart_cockpit_ecosystem_positive,1
Experience_27,鸿蒙,smart_cockpit_ecosystem_positive,1
Experience_1,图标布局,smart_cockpit_ecosystem_negative,1
Experience_3,连续操作功能,smart_cockpit_ecosystem_negative,1
Experience_4,卡顿,smart_cockpit_ecosystem_negative,1
Experience_5,开放性,smart_cockpit_ecosystem_negative,1
Experience_6,丰富度,smart_cockpit_ecosystem_negative,1
Experience_7,第三方应用,smart_cockpit_ecosystem_negative,1
Experience_8,车机,smart_cockpit_ecosystem_negative,1
Experience_9,银河,smart_cockpit_ecosystem_negative,1
Experience_10,APP,smart_cockpit_ecosystem_negative,1
Experience_11,下载功能,smart_cockpit_ecosystem_negative,1
Experience_12,娱乐app生态,smart_cockpit_ecosystem_negative,1
Experience_13,APP界面回弹,smart_cockpit_ecosystem_negative,1
Experience_14,AV功能,smart_cockpit_ecosystem_negative,1
Experience_15,网联功能,smart_cockpit_ecosystem_negative,1
Experience_16,手机互联,smart_cockpit_ecosystem_negative,1
Experience_0,唤醒,smart_cockpit_voice_assistant_positive,1
Experience_1,识别,smart_cockpit_voice_assistant_positive,2
Experience_2,响应,smart_cockpit_voice_assistant_positive,1
Experience_3,AI形象,smart_cockpit_voice_assistant_positive,1
Experience_4,拾音分区,smart_cockpit_voice_assistant_positive,1
Experience_6,执行能力,smart_cockpit_voice_assistant_positive,1
Experience_7,反应,smart_cockpit_voice_assistant_positive,2
Experience_8,泛化,smart_cockpit_voice_assistant_positive,1
Experience_9,模糊识别,smart_cockpit_voice_assistant_positive,1
Experience_10,音乐联动,smart_cockpit_voice_assistant_positive,1
Experience_11,导航联动,smart_cockpit_voice_assistant_positive,1
Experience_12,AI联动功能,smart_cockpit_voice_assistant_positive,1
Experience_13,语音助手,smart_cockpit_voice_assistant_positive,1
Experience_14,语音唤醒,smart_cockpit_voice_assistant_positive,1
Experience_15,屏幕自动熄屏,smart_cockpit_voice_assistant_positive,1
Experience_16,主界面图标,smart_cockpit_voice_assistant_positive,1
Experience_17,应用查找,smart_cockpit_voice_assistant_positive,1
Experience_18,分区识别,smart_cockpit_voice_assistant_positive,1
Experience_19,复杂识别,smart_cockpit_voice_assistant_positive,1
Experience_20,NOMI形象外显互动,smart_cockpit_voice_assistant_positive,1
Experience_21,语音交互流畅,smart_cockpit_voice_assistant_positive,1
Experience_22,语音交互精准,smart_cockpit_voice_assistant_positive,1
Experience_23,基本控制功能响应准确,smart_cockpit_voice_assistant_positive,1
Experience_24,语音增强,smart_cockpit_voice_assistant_positive,1
Experience_25,语音助手响应快,smart_cockpit_voice_assistant_positive,1
Experience_26,多指令同时输出,smart_cockpit_voice_assistant_positive,1
Experience_27,多指令快速执行,smart_cockpit_voice_assistant_positive,1
Experience_28,识别灵敏,smart_cockpit_voice_assistant_positive,1
Experience_29,连续指令支持,smart_cockpit_voice_assistant_positive,1
Experience_30,流畅,smart_cockpit_voice_assistant_positive,1
Experience_31,语音交互回复打断响应,smart_cockpit_voice_assistant_positive,1
Experience_32,语音助手回复中打断提问,smart_cockpit_voice_assistant_positive,1
Experience_33,打断后连续对话,smart_cockpit_voice_assistant_positive,1
Experience_34,反应快,smart_cockpit_voice_assistant_positive,1
Experience_35,可见即可说,smart_cockpit_voice_assistant_positive,1
Experience_36,连续对话,smart_cockpit_voice_assistant_positive,1
Experience_37,满足要求,smart_cockpit_voice_assistant_positive,1
Experience_38,语音助手反应快捷,smart_cockpit_voice_assistant_positive,1
Experience_39,语音灵敏度,smart_cockpit_voice_assistant_positive,2
Experience_40,语音响应速度,smart_cockpit_voice_assistant_positive,1
Experience_41,语音控制智驾,smart_cockpit_voice_assistant_positive,1
Experience_42,智驾功能语音设置,smart_cockpit_voice_assistant_positive,1
Experience_43,整体体验水平,smart_cockpit_voice_assistant_positive,1
Experience_44,Nomi情绪价值,smart_cockpit_voice_assistant_positive,1
Experience_45,自然语言理解能力,smart_cockpit_voice_assistant_positive,1
Experience_46,指令理解能力,smart_cockpit_voice_assistant_positive,1
Experience_47,交互能力,smart_cockpit_voice_assistant_positive,1
Experience_1,理解能力,smart_cockpit_voice_assistant_negative,1
Experience_2,拒识率,smart_cockpit_voice_assistant_negative,1
Experience_3,识别准确率,smart_cockpit_voice_assistant_negative,1
Experience_4,响应速度,smart_cockpit_voice_assistant_negative,1
Experience_5,同质化,smart_cockpit_voice_assistant_negative,1
Experience_6,唤醒率,smart_cockpit_voice_assistant_negative,1
Experience_7,唤醒响应,smart_cockpit_voice_assistant_negative,1
Experience_8,语音对话响应速度,smart_cockpit_voice_assistant_negative,1
Experience_9,语音识别准确率,smart_cockpit_voice_assistant_negative,1
Experience_10,连续对话识别,smart_cockpit_voice_assistant_negative,1
Experience_11,误识别,smart_cockpit_voice_assistant_negative,1
Experience_12,NFC钥匙,smart_cockpit_voice_assistant_negative,1
Experience_13,UWB钥匙,smart_cockpit_voice_assistant_negative,1
Experience_14,车机任务,smart_cockpit_voice_assistant_negative,1
Experience_15,高级功能,smart_cockpit_voice_assistant_negative,1
Experience_16,性能,smart_cockpit_voice_assistant_negative,1
Experience_17,表现,smart_cockpit_voice_assistant_negative,1
Experience_18,触发灵敏度,smart_cockpit_voice_assistant_negative,1
Experience_19,弱点,smart_cockpit_voice_assistant_negative,1
Experience_0,HUD显示,smart_cockpit_unique_features_positive,1
Experience_1,浏览器集成,smart_cockpit_unique_features_positive,1
Experience_2,生态功能,smart_cockpit_unique_features_positive,1
Experience_3,路线导航,smart_cockpit_unique_features_positive,1
Experience_4,冰箱温控面板,smart_cockpit_unique_features_positive,1
Experience_5,食物温度调节,smart_cockpit_unique_features_positive,1
Experience_6,能耗统计,smart_cockpit_unique_features_positive,1
Experience_7,空调模式选择,smart_cockpit_unique_features_positive,1
Experience_8,说明书设计,smart_cockpit_unique_features_positive,1
Experience_9,触键布局,smart_cockpit_unique_features_positive,1
Experience_10,路书App,smart_cockpit_unique_features_positive,1
Experience_11,场景预设,smart_cockpit_unique_features_positive,1
Experience_12,娱乐屏翻折,smart_cockpit_unique_features_positive,1
Experience_13,屏幕角度调节,smart_cockpit_unique_features_positive,1
Experience_14,滑移式设置,smart_cockpit_unique_features_positive,1
Experience_15,彩蛋功能,smart_cockpit_unique_features_positive,1
Experience_16,摄像画面调出功能,smart_cockpit_unique_features_positive,1
Experience_17,四向摄像画面,smart_cockpit_unique_features_positive,1
Experience_18,恒湿,smart_cockpit_unique_features_positive,1
Experience_19,恒温,smart_cockpit_unique_features_positive,1
Experience_20,恒洁,smart_cockpit_unique_features_positive,1
Experience_21,恒静,smart_cockpit_unique_features_positive,1
Experience_22,恒氧,smart_cockpit_unique_features_positive,1
Experience_23,滤网寿命提醒,smart_cockpit_unique_features_positive,1
Experience_24,外循环推荐,smart_cockpit_unique_features_positive,1
Experience_25,防晕车模式,smart_cockpit_unique_features_positive,1
Experience_26,平顺加速减速体验,smart_cockpit_unique_features_positive,1
Experience_27,华为平板接口设计,smart_cockpit_unique_features_positive,1
Experience_28,车机互联,smart_cockpit_unique_features_positive,1
Experience_29,流媒体后视镜,smart_cockpit_unique_features_positive,1
Experience_0,大屏操作,smart_cockpit_unique_features_negative,1
Experience_1,座舱UI,smart_cockpit_unique_features_negative,1
Experience_2,UI个性化,smart_cockpit_unique_features_negative,1
Experience_3,电动功能设置,smart_cockpit_unique_features_negative,1
Experience_4,防夹手设计,smart_cockpit_unique_features_negative,1
Experience_5,应用生态,smart_cockpit_unique_features_negative,1
Experience_6,贯穿屏,smart_cockpit_unique_features_negative,1
Experience_8,二排遥控器,smart_cockpit_unique_features_negative,1
Experience_9,车机响应速度,smart_cockpit_unique_features_negative,1
Experience_10,PAD车内放置,smart_cockpit_unique_features_negative,1
Experience_11,HUD,smart_cockpit_unique_features_negative,1
Experience_12,仪表盘,smart_cockpit_unique_features_negative,1
Experience_2,驾驶品质,configuration_comfort_positive,1
Experience_3,用车要求,configuration_comfort_positive,1
Experience_4,二排座椅乘坐舒适性,configuration_comfort_positive,1
Experience_5,0重力模式,configuration_comfort_positive,1
Experience_7,座椅功能,configuration_comfort_positive,1
Experience_9,无钥匙系统,configuration_comfort_positive,1
Experience_11,前后排座椅按摩,configuration_comfort_positive,1
Experience_12,整体品质感,configuration_comfort_positive,1
Experience_14,座椅包裹性,configuration_comfort_positive,1
Experience_15,杜比扬声器,configuration_comfort_positive,1
Experience_16,音响调教,configuration_comfort_positive,1
Experience_17,音响体验,configuration_comfort_positive,1
Experience_19,娱乐配置,configuration_comfort_positive,1
Experience_20,二排零重力座椅,configuration_comfort_positive,1
Experience_21,双扶手,configuration_comfort_positive,1
Experience_23,全景天窗,configuration_comfort_positive,1
Experience_24,座椅调节角度,configuration_comfort_positive,1
Experience_25,后排空间,configuration_comfort_positive,1
Experience_26,全车座椅舒适性,configuration_comfort_positive,1
Experience_27,第三排座椅角度调节,configuration_comfort_positive,1
Experience_28,后排座椅靠背电动调节,configuration_comfort_positive,1
Experience_29,前排零重力座椅,configuration_comfort_positive,1
Experience_30,二排按摩,configuration_comfort_positive,1
Experience_32,热泵空调,configuration_comfort_positive,1
Experience_33,前排座椅加热,configuration_comfort_positive,1
Experience_34,前排座椅通风,configuration_comfort_positive,1
Experience_35,前排座椅电动调节,configuration_comfort_positive,1
Experience_37,NVH表现,configuration_comfort_positive,1
Experience_38,无线CarPlay连接,configuration_comfort_positive,1
Experience_39,WLTC纯电续航,configuration_comfort_positive,1
Experience_40,滑移门,configuration_comfort_positive,1
Experience_41,中控大屏,configuration_comfort_positive,1
Experience_42,座椅仿皮,configuration_comfort_positive,1
Experience_43,软包覆,configuration_comfort_positive,1
Experience_44,滑门开启方式,configuration_comfort_positive,1
Experience_45,座椅调节按键位置,configuration_comfort_positive,1
Experience_47,增程器启动噪声,configuration_comfort_positive,1
Experience_48,主销配置,configuration_comfort_positive,1
Experience_49,城市通勤消费群体,configuration_comfort_positive,1
Experience_50,Max+配置,configuration_comfort_positive,1
Experience_51,舒适性配置,configuration_comfort_positive,1
Experience_52,冰箱彩电大沙发,configuration_comfort_positive,1
Experience_53,后排电动腿托,configuration_comfort_positive,1
Experience_54,汽车品质,configuration_comfort_positive,1
Experience_55,小米品牌logo,configuration_comfort_positive,1
Experience_56,三排座椅放平,configuration_comfort_positive,1
Experience_57,后备箱高度一致,configuration_comfort_positive,1
Experience_58,大平面,configuration_comfort_positive,1
Experience_59,储物,configuration_comfort_positive,1
Experience_60,露营,configuration_comfort_positive,1
Experience_61,0重力座椅,configuration_comfort_positive,1
Experience_62,电吸门,configuration_comfort_positive,1
Experience_63,空气悬架,configuration_comfort_positive,1
Experience_64,副驾屏,configuration_comfort_positive,1
Experience_65,冰箱,configuration_comfort_positive,1
Experience_1,过道版扶手,configuration_comfort_negative,1
Experience_2,无过道板,configuration_comfort_negative,1
Experience_5,悬架,configuration_comfort_negative,2
Experience_6,扭力梁悬架,configuration_comfort_negative,1
Experience_7,音响系统,configuration_comfort_negative,1
Experience_8,音效,configuration_comfort_negative,1
Experience_9,车价,configuration_comfort_negative,1
Experience_11,主驾座椅,configuration_comfort_negative,1
Experience_12,360影像,configuration_comfort_negative,1
Experience_15,续航,configuration_comfort_negative,1
Experience_16,后视镜视野,configuration_comfort_negative,1
Experience_17,车机界面操作,configuration_comfort_negative,1
Experience_18,电动滑移门,configuration_comfort_negative,1
Experience_19,选装费用,configuration_comfort_negative,1
Experience_20,后排座椅靠背调节,configuration_comfort_negative,1
Experience_21,腿托空间,configuration_comfort_negative,1
Experience_22,配置水平,configuration_comfort_negative,1
Experience_0,辅助驾驶,configuration_tech_positive,1
Experience_2,操控体验,configuration_tech_positive,1
Experience_3,二排屏幕,configuration_tech_positive,1
Experience_4,健康监测,configuration_tech_positive,1
Experience_5,生态互联,configuration_tech_positive,1
Experience_6,AR HUD,configuration_tech_positive,2
Experience_7,智驾高速NDA,configuration_tech_positive,1
Experience_8,华为智驾,configuration_tech_positive,1
Experience_9,杜比音效,configuration_tech_positive,1
Experience_10,华为智能座舱,configuration_tech_positive,1
Experience_11,流畅交互,configuration_tech_positive,1
Experience_12,生态整合,configuration_tech_positive,1
Experience_13,后轮主动转向,configuration_tech_positive,1
Experience_14,系统操作流畅,configuration_tech_positive,1
Experience_15,激光雷达,configuration_tech_positive,3
Experience_17,FSD配置,configuration_tech_positive,1
Experience_19,移动视频设备,configuration_tech_positive,1
Experience_20,智驾系统信任感,configuration_tech_positive,1
Experience_21,驾驶体验,configuration_tech_positive,1
Experience_22,乘坐体验,configuration_tech_positive,1
Experience_23,自动紧急制动,configuration_tech_positive,1
Experience_24,车道居中保持,configuration_tech_positive,1
Experience_25,盲点监测,configuration_tech_positive,1
Experience_26,终身免费智驾,configuration_tech_positive,1
Experience_27,OTA升级,configuration_tech_positive,1
Experience_28,智能泊车,configuration_tech_positive,1
Experience_29,测距表现,configuration_tech_positive,1
Experience_30,语音流畅性,configuration_tech_positive,1
Experience_31,幕布投影,configuration_tech_positive,1
Experience_32,4D毫米波雷达,configuration_tech_positive,1
Experience_33,华为ADS辅助驾驶高阶版,configuration_tech_positive,1
Experience_34,智驾满意度,configuration_tech_positive,1
Experience_35,智驾水平,configuration_tech_positive,1
Experience_36,ADS4.0,configuration_tech_positive,1
Experience_37,鸿蒙座舱,configuration_tech_positive,1
Experience_1,闪屏,configuration_tech_negative,1
Experience_2,亮点功能,configuration_tech_negative,1
Experience_4,自主能力,configuration_tech_negative,1
Experience_6,碰撞滴滴音,configuration_tech_negative,1
Experience_7,语音提醒,configuration_tech_negative,1
Experience_8,幕布,configuration_tech_negative,1
Experience_11,智驾,configuration_tech_negative,1
Experience_0,分缝,body_gap_positive,1
Experience_1,感知区域,body_gap_positive,1
Experience_4,瑕疵,body_gap_positive,1
Experience_5,缝隙,body_gap_positive,2
Experience_6,过渡,body_gap_positive,1
Experience_9,整齐,body_gap_positive,1
Experience_10,外车身缝隙,body_gap_positive,1
Experience_11,外观间隙,body_gap_positive,1
Experience_12,面差,body_gap_positive,1
Experience_13,精致感,body_gap_positive,2
Experience_14,间隙均匀性,body_gap_positive,1
Experience_15,精细,body_gap_positive,1
Experience_16,缝隙均匀性,body_gap_positive,3
Experience_17,一致性,body_gap_positive,2
Experience_18,缝隙小,body_gap_positive,3
Experience_19,缝隙自然连接,body_gap_positive,1
Experience_20,价格相符性,body_gap_positive,1
Experience_21,合理性,body_gap_positive,1
Experience_22,严丝合缝,body_gap_positive,1
Experience_23,外饰车身缝隙,body_gap_positive,1
Experience_0,缝隙控制,body_gap_negative,1
Experience_1,车身缝隙,body_gap_negative,2
Experience_2,内饰缝,body_gap_negative,1
Experience_3,车门接缝,body_gap_negative,1
Experience_4,车外钣金缝隙,body_gap_negative,1
Experience_5,段差,body_gap_negative,1
Experience_6,行李仓内饰,body_gap_negative,1
Experience_7,车膜,body_gap_negative,1
Experience_8,后视镜拔膜缝,body_gap_negative,1
Experience_10,缝线,body_gap_negative,1
Experience_11,焊点,body_gap_negative,1
Experience_12,内饰装配缝隙,body_gap_negative,1
Experience_0,花色仿麂皮,material_color_consistency_positive,1
Experience_1,门中片,material_color_consistency_positive,1
Experience_5,简约感,material_color_consistency_positive,1
Experience_6,外部色彩,material_color_consistency_positive,1
Experience_7,黑色玻璃,material_color_consistency_positive,1
Experience_8,车身颜色顶棚,material_color_consistency_positive,1
Experience_10,铁网空调出风口,material_color_consistency_positive,1
Experience_12,色彩和谐,material_color_consistency_positive,1
Experience_13,协调性,material_color_consistency_positive,1
Experience_14,整车颜色,material_color_consistency_positive,1
Experience_17,颜色协调,material_color_consistency_positive,1
Experience_18,材质质感,material_color_consistency_positive,1
Experience_19,门厚重感,material_color_consistency_positive,1
Experience_21,颜色均匀性,material_color_consistency_positive,1
Experience_23,车身颜色,material_color_consistency_positive,2
Experience_24,颜色一致性,material_color_consistency_positive,1
Experience_25,硬质塑料,material_color_consistency_positive,1
Experience_26,皮质包裹,material_color_consistency_positive,1
Experience_27,内饰协调性,material_color_consistency_positive,1
Experience_28,车身漆面饱满度,material_color_consistency_positive,1
Experience_31,体贴感,material_color_consistency_positive,1
Experience_32,车漆厚实度,material_color_consistency_positive,1
Experience_33,颜色饱满度,material_color_consistency_positive,1
Experience_34,座椅柔软度,material_color_consistency_positive,1
Experience_35,整车气味,material_color_consistency_positive,1
Experience_36,内饰选材,material_color_consistency_positive,1
Experience_38,颜色搭配,material_color_consistency_positive,1
Experience_40,机舱盖板,material_color_consistency_positive,1
Experience_41,内饰软包,material_color_consistency_positive,1
Experience_0,门下本体,material_color_consistency_negative,1
Experience_3,导轨,material_color_consistency_negative,1
Experience_4,非接触面,material_color_consistency_negative,1
Experience_0,阻尼,door_closure_quality_positive,1
Experience_1,电动机构速度,door_closure_quality_positive,1
Experience_2,行程,door_closure_quality_positive,1
Experience_3,拉手,door_closure_quality_positive,1
Experience_4,开关,door_closure_quality_positive,1
Experience_6,操作手感,door_closure_quality_positive,1
Experience_7,尾门悬停,door_closure_quality_positive,1
Experience_8,尾门操作,door_closure_quality_positive,1
Experience_9,关门质感,door_closure_quality_positive,1
Experience_10,开关门品质,door_closure_quality_positive,1
Experience_11,操作性,door_closure_quality_positive,1
Experience_12,门把手材质感,door_closure_quality_positive,1
Experience_15,触感（毛躁感）,door_closure_quality_positive,1
Experience_16,关门声音,door_closure_quality_positive,1
Experience_17,冰箱电动开启,door_closure_quality_positive,1
Experience_18,手扶箱保密空间,door_closure_quality_positive,1
Experience_19,开关门厚重感,door_closure_quality_positive,1
Experience_20,车门开闭件质感,door_closure_quality_positive,1
Experience_21,车门声音,door_closure_quality_positive,1
Experience_22,车门力度,door_closure_quality_positive,1
Experience_23,车门开关流畅性,door_closure_quality_positive,1
Experience_24,尾门开启流程,door_closure_quality_positive,1
Experience_25,声音,door_closure_quality_positive,1
Experience_26,做工精细度,door_closure_quality_positive,1
Experience_27,开门关门质感,door_closure_quality_positive,1
Experience_0,旋转式外把手,door_closure_quality_negative,1
Experience_1,关门割手,door_closure_quality_negative,1
Experience_2,新国标,door_closure_quality_negative,1
Experience_3,开门突变,door_closure_quality_negative,1
Experience_4,开门力分段感,door_closure_quality_negative,1
Experience_5,开门力,door_closure_quality_negative,1
Experience_7,门饰板,door_closure_quality_negative,1
Experience_8,关门声品质,door_closure_quality_negative,1
Experience_10,小桌板卡滞,door_closure_quality_negative,1
Experience_0,按键位置,button_quality_positive,1
Experience_1,按压质感,button_quality_positive,1
Experience_2,Icon,button_quality_positive,1
Experience_5,按键反馈,button_quality_positive,1
Experience_6,虚拟按键,button_quality_positive,1
Experience_7,后排电子按键,button_quality_positive,1
Experience_8,高频操作实体按键,button_quality_positive,1
Experience_9,拨杆,button_quality_positive,1
Experience_10,氛围灯开关,button_quality_positive,1
Experience_11,中控台旋钮按钮,button_quality_positive,1
Experience_12,按键质感,button_quality_positive,3
Experience_15,开门内开关,button_quality_positive,1
Experience_16,按键,button_quality_positive,1
Experience_17,屏幕操作,button_quality_positive,1
Experience_18,语音操作,button_quality_positive,1
Experience_20,拨钮,button_quality_positive,1
Experience_21,旋钮,button_quality_positive,1
Experience_22,按键行程,button_quality_positive,1
Experience_23,按键顺滑度,button_quality_positive,1
Experience_24,旋钮松紧度,button_quality_positive,1
Experience_25,旋钮手感,button_quality_positive,1
Experience_26,盲操体验,button_quality_positive,1
Experience_27,物理按键操作,button_quality_positive,1
Experience_28,屏幕交互,button_quality_positive,1
Experience_29,按键布局,button_quality_positive,1
Experience_30,按键尺寸,button_quality_positive,1
Experience_31,误按率,button_quality_positive,1
Experience_32,按键手感,button_quality_positive,2
Experience_33,按键力度,button_quality_positive,1
Experience_35,切换模式,button_quality_positive,1
Experience_37,按键间隙,button_quality_positive,1
Experience_38,按键拨动阻尼感,button_quality_positive,1
Experience_39,按键推拉阻尼感,button_quality_positive,1
Experience_3,车顶触屏,button_quality_negative,1
Experience_5,音量档位,button_quality_negative,1
Experience_8,操作质感,button_quality_negative,1
Experience_11,机械感,button_quality_negative,1
Experience_12,按键材质,button_quality_negative,1
Experience_0,驾驶视野,safety_info_expression_positive,1
Experience_1,提醒,safety_info_expression_positive,1
Experience_3,辅助驾驶信息,safety_info_expression_positive,1
Experience_4,仪表安全提示,safety_info_expression_positive,1
Experience_5,中控安全提示,safety_info_expression_positive,1
Experience_7,HUD提示,safety_info_expression_positive,1
Experience_8,HUD后视镜补盲,safety_info_expression_positive,1
Experience_9,HUD A柱补盲,safety_info_expression_positive,1
Experience_10,静态观摩,safety_info_expression_positive,1
Experience_11,动态驾乘,safety_info_expression_positive,1
Experience_12,驾驶安全信息传递,safety_info_expression_positive,1
Experience_13,车内摄像头,safety_info_expression_positive,1
Experience_14,后排儿童观察,safety_info_expression_positive,1
Experience_15,安全感受,safety_info_expression_positive,1
Experience_16,仪表信息显示,safety_info_expression_positive,1
Experience_17,涉水检测,safety_info_expression_positive,1
Experience_0,仪表信息,safety_info_expression_negative,1
Experience_1,零重力模式,safety_info_expression_negative,1
Experience_2,安全提醒,safety_info_expression_negative,1
Experience_3,中控屏播报,safety_info_expression_negative,1
Experience_4,二排乘客听觉体验,safety_info_expression_negative,1
Experience_0,环车影响,safety_passive_positive,1
Experience_1,各区雷达告警,safety_passive_positive,1
Experience_3,提前减速,safety_passive_positive,1
Experience_4,变道操作,safety_passive_positive,1
Experience_5,配置丰富,safety_passive_positive,2
Experience_6,10个安全气囊,safety_passive_positive,1
Experience_7,车门备份独立电源,safety_passive_positive,1
Experience_8,车身结构强,safety_passive_positive,1
Experience_9,车身强度大,safety_passive_positive,1
Experience_10,电池安全,safety_passive_positive,1
Experience_11,单踏板模式,safety_passive_positive,1
Experience_12,制动距离缩短,safety_passive_positive,1
Experience_13,侧气囊,safety_passive_positive,4
Experience_14,侧气帘,safety_passive_positive,2
Experience_15,9气囊,safety_passive_positive,1
Experience_16,安全带设置,safety_passive_positive,1
Experience_17,后排座椅下滑气囊,safety_passive_positive,1
Experience_18,安全气囊,safety_passive_positive,2
Experience_19,全向传力路径设计,safety_passive_positive,1
Experience_20,安全带,safety_passive_positive,1
Experience_21,非承载式车身,safety_passive_positive,1
Experience_0,成本,safety_passive_negative,1
Experience_2,标配,safety_passive_negative,1
Experience_3,测评,safety_passive_negative,1
Experience_5,前排中央气囊,safety_passive_negative,1
Experience_0,拥挤路段跟车,safety_active_positive,1
Experience_1,紧急主动操作,safety_active_positive,1
Experience_2,避让操作,safety_active_positive,1
Experience_3,智驾能力,safety_active_positive,1
Experience_4,驾驶风险识别,safety_active_positive,1
Experience_5,全场景辅助驾驶,safety_active_positive,1
Experience_6,未体验,safety_active_positive,1
Experience_7,基本智驾功能,safety_active_positive,1
Experience_8,智驾安全配置,safety_active_positive,1
Experience_10,华为主动安全,safety_active_positive,1
Experience_11,高速NOA,safety_active_positive,1
Experience_12,激光雷达AEB,safety_active_positive,1
Experience_13,全场景NOA,safety_active_positive,1
Experience_14,VLA辅助驾驶,safety_active_positive,1
Experience_15,FSD视觉方案,safety_active_positive,1
Experience_16,高阶智驾,safety_active_positive,1
Experience_17,自动泊车,safety_active_positive,1
Experience_18,上楼梯功能,safety_active_positive,1
Experience_19,方向盘自动回正,safety_active_positive,1
Experience_20,智能驾驶,safety_active_positive,1
Experience_21,外部情况提示,safety_active_positive,1
Experience_22,预警功能,safety_active_positive,1
Experience_23,驾驶员状态提醒,safety_active_positive,1
Experience_24,车外风险提醒,safety_active_positive,1
Experience_25,华为乾崑智驾,safety_active_positive,1
Experience_26,主动避让行人,safety_active_positive,1
Experience_27,AEB主动紧急避险功能,safety_active_positive,1
Experience_1,复杂场景识别,safety_active_negative,1
Experience_3,启动响应,safety_active_negative,1
Experience_4,智驾L2,safety_active_negative,1
Experience_5,加装计划,safety_active_negative,1
Experience_6,下车开门预警,safety_active_negative,1
Experience_7,行人检测,safety_active_negative,1
Experience_9,付费,safety_active_negative,1
Experience_0,乘坐舒适,seat_comfort_positive,1
Experience_1,座椅躺平,seat_comfort_positive,1
Experience_2,座椅包裹感,seat_comfort_positive,1
Experience_3,驾驶侧翼主动承托,seat_comfort_positive,1
Experience_4,座椅舒适度,seat_comfort_positive,4
Experience_7,座椅尺寸,seat_comfort_positive,1
Experience_8,主副驾座椅记忆,seat_comfort_positive,1
Experience_9,副驾腿托,seat_comfort_positive,1
Experience_10,座椅舒适,seat_comfort_positive,1
Experience_11,座椅包覆感,seat_comfort_positive,1
Experience_12,包裹感,seat_comfort_positive,2
Experience_13,侧面支撑,seat_comfort_positive,1
Experience_14,零重力座椅,seat_comfort_positive,2
Experience_15,材质舒适性,seat_comfort_positive,1
Experience_17,支撑性,seat_comfort_positive,1
Experience_18,软硬适中性,seat_comfort_positive,1
Experience_19,柔软度,seat_comfort_positive,1
Experience_21,功能丰富性,seat_comfort_positive,1
Experience_22,久坐舒适性,seat_comfort_positive,1
Experience_23,头枕,seat_comfort_positive,1
Experience_24,通风功能,seat_comfort_positive,1
Experience_26,加热功能,seat_comfort_positive,1
Experience_27,面料品质,seat_comfort_positive,1
Experience_28,座椅感受,seat_comfort_positive,1
Experience_30,座椅软硬适中,seat_comfort_positive,1
Experience_31,头枕舒适性,seat_comfort_positive,1
Experience_32,空间宽敞性,seat_comfort_positive,1
Experience_33,座椅宽大性,seat_comfort_positive,1
Experience_34,后排舒适性,seat_comfort_positive,1
Experience_35,按摩力度,seat_comfort_positive,2
Experience_39,座椅支撑性,seat_comfort_positive,1
Experience_40,座垫软硬适中,seat_comfort_positive,1
Experience_41,座椅放倒角度,seat_comfort_positive,1
Experience_42,按摩,seat_comfort_positive,1
Experience_43,二排舒适度,seat_comfort_positive,1
Experience_44,功能板块布局,seat_comfort_positive,1
Experience_46,座垫软硬,seat_comfort_positive,2
Experience_48,空间紧迫感,seat_comfort_positive,1
Experience_49,座椅按摩效果,seat_comfort_positive,1
Experience_50,腿部空间,seat_comfort_positive,1
Experience_51,座椅支撑,seat_comfort_positive,1
Experience_52,坐垫软度,seat_comfort_positive,1
Experience_54,按摩覆盖面积,seat_comfort_positive,1
Experience_55,主驾舒适度,seat_comfort_positive,1
Experience_56,副驾舒适度,seat_comfort_positive,1
Experience_57,后排舒适度,seat_comfort_positive,1
Experience_58,儿童座椅便利性,seat_comfort_positive,1
Experience_59,座椅宽敞度,seat_comfort_positive,1
Experience_60,座椅尺寸合理性,seat_comfort_positive,1
Experience_61,乘坐拘束感,seat_comfort_positive,1
Experience_62,座椅硬度,seat_comfort_positive,1
Experience_63,零重力座椅舒适度,seat_comfort_positive,1
Experience_64,躺睡舒适度,seat_comfort_positive,1
Experience_65,座椅乘托性,seat_comfort_positive,1
Experience_66,0重力座椅舒适性,seat_comfort_positive,1
Experience_67,柔软性,seat_comfort_positive,1
Experience_68,头枕可拆卸性,seat_comfort_positive,1
Experience_0,座椅乘坐舒适性,seat_comfort_negative,1
Experience_1,零重力功能,seat_comfort_negative,1
Experience_2,过道板扶手,seat_comfort_negative,1
Experience_3,三排乘坐体验,seat_comfort_negative,1
Experience_4,座椅头枕,seat_comfort_negative,1
Experience_6,腿部支撑,seat_comfort_negative,1
Experience_10,真皮,seat_comfort_negative,1
Experience_11,皮质感,seat_comfort_negative,1
Experience_12,二排承托,seat_comfort_negative,1
Experience_13,6座空间,seat_comfort_negative,1
Experience_14,腿拖支撑,seat_comfort_negative,1
Experience_15,硬度,seat_comfort_negative,1
Experience_16,褶皱,seat_comfort_negative,1
Experience_17,缝线品质,seat_comfort_negative,1
Experience_18,脚托,seat_comfort_negative,1
Experience_19,腿托,seat_comfort_negative,1
Experience_20,Y向空间,seat_comfort_negative,1
Experience_22,坐垫按摩,seat_comfort_negative,1
Experience_24,座椅长度,seat_comfort_negative,1
Experience_26,后排坐垫高度,seat_comfort_negative,1
Experience_27,三排座椅靠背硬度,seat_comfort_negative,1
Experience_28,靠背硬度,seat_comfort_negative,1
Experience_29,座垫长度,seat_comfort_negative,1
Experience_31,后排屏幕,seat_comfort_negative,1
Experience_32,三排头枕,seat_comfort_negative,1
Experience_33,二排扶手,seat_comfort_negative,1
Experience_34,后排靠背,seat_comfort_negative,1
Experience_37,座椅软硬度,seat_comfort_negative,1
Experience_39,后排视野,seat_comfort_negative,1
Experience_41,全包围感,seat_comfort_negative,1
Experience_42,侧板硬度,seat_comfort_negative,1
Experience_43,上下车体验,seat_comfort_negative,1
Experience_44,座椅材质,seat_comfort_negative,1
Experience_45,座椅温度适应性,seat_comfort_negative,1
Experience_46,悬架软硬,seat_comfort_negative,1
Experience_48,按摩效果,seat_comfort_negative,1
Experience_0,三排空间,space_positive,2
Experience_1,三排座椅储物空间,space_positive,1
Experience_3,地板平整性,space_positive,1
Experience_4,头部空间,space_positive,3
Experience_5,二排空间,space_positive,2
Experience_9,可调节空间,space_positive,1
Experience_10,车内空间,space_positive,1
Experience_11,空间感,space_positive,2
Experience_12,空间利用率,space_positive,1
Experience_13,第二排零重力座椅,space_positive,1
Experience_14,第三排躺平,space_positive,1
Experience_15,地毯平整,space_positive,1
Experience_16,储存空间,space_positive,1
Experience_18,乘坐空间,space_positive,1
Experience_19,腿部伸展体验,space_positive,1
Experience_20,后排空间体验,space_positive,3
Experience_21,整体空间感,space_positive,1
Experience_22,第三排舒适性,space_positive,1
Experience_23,三排折叠空间利用,space_positive,1
Experience_24,后备箱连通空间,space_positive,1
Experience_25,平面空间用途,space_positive,1
Experience_26,大空间体验,space_positive,1
Experience_27,空间体验,space_positive,1
Experience_29,第三排座椅体验,space_positive,1
Experience_30,满座乘坐空间,space_positive,1
Experience_31,前排空间体验,space_positive,1
Experience_32,后备箱空间体验,space_positive,1
Experience_33,乘坐舒适性,space_positive,1
Experience_35,进出便利性,space_positive,1
Experience_0,三排台阶,space_negative,1
Experience_2,凹陷区域,space_negative,1
Experience_3,躺睡体验,space_negative,1
Experience_4,车身尺寸,space_negative,2
Experience_5,停车体验,space_negative,1
Experience_7,侧面空间,space_negative,1
Experience_9,小孩躺平睡觉体验,space_negative,1
Experience_10,右膝盖空间,space_negative,1
Experience_11,后排头部空间,space_negative,1
Experience_12,全景天窗影响,space_negative,1
Experience_13,二排进出通道,space_negative,1
Experience_15,空间平整度,space_negative,1
Experience_17,整体空间体验,space_negative,1
Experience_20,充电接口,space_negative,1
Experience_21,杯架,space_negative,1
Experience_22,便利性配置,space_negative,1
Experience_23,前排拉手,space_negative,1
Experience_1,滤震舒适性,comfort_config_positive,1
Experience_2,座椅小憩模式,comfort_config_positive,1
Experience_3,空气悬架滤震,comfort_config_positive,1
Experience_4,坐船感,comfort_config_positive,1
Experience_6,操作舒适性,comfort_config_positive,1
Experience_7,人机交互友好性,comfort_config_positive,1
Experience_11,遮阳帘,comfort_config_positive,2
Experience_12,后排电动沙发,comfort_config_positive,2
Experience_13,车载冰箱,comfort_config_positive,2
Experience_14,后排座椅屏幕,comfort_config_positive,1
Experience_17,二排座椅配置,comfort_config_positive,1
Experience_18,天幕,comfort_config_positive,1
Experience_20,后排娱乐屏幕,comfort_config_positive,1
Experience_2,后排出风口,comfort_config_negative,1
Experience_4,腰托调节,comfort_config_negative,1
Experience_5,电动沙发体验,comfort_config_negative,1
Experience_0,路噪,quietness_positive,1
Experience_1,胎噪,quietness_positive,1
Experience_2,风噪,quietness_positive,1
Experience_3,导航声音传递,quietness_positive,1
Experience_4,静谧感,quietness_positive,2
Experience_5,隔音效果,quietness_positive,1
Experience_6,低速静音性,quietness_positive,1
Experience_7,乘坐安静性,quietness_positive,1
Experience_8,安静性,quietness_positive,2
Experience_9,行车噪音,quietness_positive,1
Experience_10,音响效果,quietness_positive,1
Experience_11,隔振性能,quietness_positive,1
Experience_12,底盘噪音,quietness_positive,1
Experience_13,车门隔音,quietness_positive,1
Experience_14,空间封闭感,quietness_positive,1
Experience_15,纯电驾驶模式,quietness_positive,1
Experience_16,增程发动机启动模式,quietness_positive,1
Experience_17,静谧性,quietness_positive,1
Experience_1,震荡噪音,quietness_negative,1
Experience_2,电机声音,quietness_negative,1
Experience_0,出风口位置排布,air_conditioning_positive,1
Experience_1,铁网格栅设计,air_conditioning_positive,1
Experience_2,语音控制风向,air_conditioning_positive,1
Experience_3,避人吹风,air_conditioning_positive,1
Experience_4,出风口方向调节便利性,air_conditioning_positive,1
Experience_6,鼓风机噪音控制,air_conditioning_positive,1
Experience_7,出风模式选择,air_conditioning_positive,1
Experience_8,对人出风,air_conditioning_positive,1
Experience_9,不对人出风,air_conditioning_positive,1
Experience_10,制冷效果,air_conditioning_positive,1
Experience_11,出风指向性,air_conditioning_positive,1
Experience_0,物理调节风向,air_conditioning_negative,1
Experience_1,空调制冷,air_conditioning_negative,1
Experience_0,备箱,storage_space_positive,1
Experience_1,分布,storage_space_positive,1
Experience_4,地图袋,storage_space_positive,1
Experience_5,伞槽设计,storage_space_positive,1
Experience_6,储物箱,storage_space_positive,1
Experience_10,前仓储物空间,storage_space_positive,1
Experience_11,后背箱下沉空间,storage_space_positive,1
Experience_12,前机舱储物空间,storage_space_positive,1
Experience_13,四门储物空间,storage_space_positive,1
Experience_14,后排座椅靠背放倒储物空间,storage_space_positive,1
Experience_15,前备箱储物盒,storage_space_positive,1
Experience_16,备胎池下面的储物盒,storage_space_positive,1
Experience_18,前备箱,storage_space_positive,3
Experience_19,冰箱扶手箱,storage_space_positive,1
Experience_20,三排折叠后储物空间,storage_space_positive,1
Experience_21,副仪表板,storage_space_positive,1
Experience_23,门板储物空间,storage_space_positive,1
Experience_25,后备厢空间,storage_space_positive,1
Experience_26,尾箱空间,storage_space_positive,1
Experience_0,行李箱,storage_space_negative,2
Experience_1,方向盘开关,storage_space_negative,1
Experience_3,副驾储物盒,storage_space_negative,1
Experience_4,副仪表置杯架,storage_space_negative,1
Experience_8,小冰箱,storage_space_negative,1
Experience_11,行李箱物品固定,storage_space_negative,1
Experience_12,行李厢,storage_space_negative,1
Experience_13,副驾储物箱,storage_space_negative,1
Experience_15,console储物空间,storage_space_negative,1
Experience_0,操作便捷,convenience_design_positive,1
Experience_1,小憩模式,convenience_design_positive,1
Experience_2,水杯设计,convenience_design_positive,1
Experience_3,头枕音响,convenience_design_positive,1
Experience_4,物理按键盲操,convenience_design_positive,1
Experience_5,座椅姿态调整,convenience_design_positive,1
Experience_6,虚拟触控按键,convenience_design_positive,1
Experience_7,人机交互友好,convenience_design_positive,1
Experience_8,一键操作,convenience_design_positive,1
Experience_9,方便,convenience_design_positive,1
Experience_10,座椅自动后退,convenience_design_positive,1
Experience_11,操作方便,convenience_design_positive,1
Experience_12,按键操作,convenience_design_positive,1
Experience_13,B柱隐藏式挂钩,convenience_design_positive,1
Experience_14,二排上下车扶手,convenience_design_positive,1
Experience_15,三排座椅灵便性,convenience_design_positive,1
Experience_17,座椅扶手,convenience_design_positive,1
Experience_18,右侧老板座电动横移,convenience_design_positive,1
Experience_19,后备箱小储物空间,convenience_design_positive,1
Experience_20,后备箱挂钩,convenience_design_positive,1
Experience_21,后备箱充电口,convenience_design_positive,1
Experience_22,尾箱悬架升降按钮,convenience_design_positive,1
Experience_0,主驾位冰箱取物,convenience_design_negative,1
Experience_1,娱乐屏角度调节,convenience_design_negative,1
Experience_2,前排座椅靠背后侧小桌板,convenience_design_negative,1
Experience_3,中控实体按键,convenience_design_negative,1
Experience_4,语音助手能力,convenience_design_negative,1
Experience_6,三排座椅翻折后纵向空间,convenience_design_negative,1
Experience_7,方向盘电动调节,convenience_design_negative,1
Experience_0,布局,button_operation_positive,1
Experience_2,基本需求,button_operation_positive,1
Experience_3,门饰板饰条,button_operation_positive,1
Experience_4,自定义按键,button_operation_positive,1
Experience_5,科技,button_operation_positive,1
Experience_7,机械式内外开门,button_operation_positive,1
Experience_8,高频调节,button_operation_positive,1
Experience_9,硬按键,button_operation_positive,1
Experience_10,主驾物理按键,button_operation_positive,1
Experience_11,方向盘按钮,button_operation_positive,1
Experience_12,开关门操作,button_operation_positive,1
Experience_13,日常使用按键,button_operation_positive,1
Experience_14,按键指示,button_operation_positive,1
Experience_18,手套箱物理按键,button_operation_positive,1
Experience_19,电子触屏,button_operation_positive,1
Experience_20,操作灵敏度,button_operation_positive,1
Experience_21,新势力设计风格,button_operation_positive,1
Experience_22,按键操作逻辑,button_operation_positive,1
Experience_23,实体开关,button_operation_positive,1
Experience_24,方向盘按键,button_operation_positive,1
Experience_25,转向灯拨杆,button_operation_positive,1
Experience_26,远光提醒功能,button_operation_positive,1
Experience_28,学习成本,button_operation_positive,1
Experience_29,按键符号识别,button_operation_positive,1
Experience_30,使用方便性,button_operation_positive,1
Experience_31,机械门把手,button_operation_positive,1
Experience_32,开门按键,button_operation_positive,1
Experience_33,按钮缝隙设计,button_operation_positive,1
Experience_35,图标清晰度,button_operation_positive,1
Experience_36,扶手开关键,button_operation_positive,1
Experience_37,使用动线,button_operation_positive,1
Experience_39,车型设计,button_operation_positive,1
Experience_40,副驾座椅移动控制,button_operation_positive,1
Experience_41,二排乘坐体验,button_operation_positive,1
Experience_42,方向盘按键布局,button_operation_positive,1
Experience_43,操作适应性,button_operation_positive,1
Experience_44,童锁功能,button_operation_positive,1
Experience_45,门板按键,button_operation_positive,1
Experience_0,前排按键,button_operation_negative,1
Experience_2,便捷性,button_operation_negative,1
Experience_3,界面布局,button_operation_negative,1
Experience_4,功能定义,button_operation_negative,1
Experience_6,右侧显示屏,button_operation_negative,1
Experience_7,后视镜调节,button_operation_negative,1
Experience_8,屏幕尺寸,button_operation_negative,1
Experience_9,触控设计,button_operation_negative,1
Experience_10,模式开关,button_operation_negative,1
Experience_12,天幕遮掩帘,button_operation_negative,1
Experience_13,空调,button_operation_negative,1
Experience_14,后备箱按键,button_operation_negative,1
Experience_15,车门解锁按键,button_operation_negative,1
Experience_0,换电,charging_convenience_positive,2
Experience_1,无线充电,charging_convenience_positive,1
Experience_2,有线充电,charging_convenience_positive,1
Experience_3,充电口,charging_convenience_positive,1
Experience_4,便利,charging_convenience_positive,1
Experience_5,后备箱插座,charging_convenience_positive,1
Experience_6,座椅充电位,charging_convenience_positive,1
Experience_7,前排CNSL充电位,charging_convenience_positive,1
Experience_1,环境,store_experience_positive,1
Experience_2,接待服务,store_experience_positive,1
Experience_3,服务,store_experience_positive,1
Experience_4,递水,store_experience_positive,2
Experience_5,全程陪同,store_experience_positive,1
Experience_6,标签墙,store_experience_positive,1
Experience_7,亮点展示,store_experience_positive,1
Experience_8,无打扰参观,store_experience_positive,1
Experience_9,解说响应,store_experience_positive,1
Experience_10,无打扰陪伴,store_experience_positive,1
Experience_11,主动跟随,store_experience_positive,1
Experience_12,疑问响应,store_experience_positive,1
Experience_13,操作指引,store_experience_positive,1
Experience_14,功能介绍,store_experience_positive,1
Experience_15,车辆操作权限,store_experience_positive,1
Experience_16,迎宾赠水,store_experience_positive,1
Experience_17,科技感门店,store_experience_positive,1
Experience_18,电脑界面,store_experience_positive,1
Experience_19,价格透明,store_experience_positive,1
Experience_21,舒适度,store_experience_positive,1
Experience_22,敞亮感,store_experience_positive,1
Experience_23,热情接待,store_experience_positive,1
Experience_24,讲解详细,store_experience_positive,1
Experience_25,主动电话沟通,store_experience_positive,1
Experience_26,提前预约,store_experience_positive,1
Experience_27,出门迎接,store_experience_positive,1
Experience_28,安排看车,store_experience_positive,1
Experience_29,试乘试驾,store_experience_positive,1
Experience_30,态度积极主动,store_experience_positive,1
Experience_31,产品展示多样性,store_experience_positive,1
Experience_32,客户流量大,store_experience_positive,1
Experience_33,客户户籍多样性,store_experience_positive,1
Experience_34,目标人群适配性,store_experience_positive,1
Experience_35,体验一般,store_experience_positive,1
Experience_36,门店宽敞,store_experience_positive,1
Experience_37,环境干净,store_experience_positive,1
Experience_38,环境明亮,store_experience_positive,1
Experience_39,诚邀试驾,store_experience_positive,1
Experience_40,展台简洁,store_experience_positive,1
Experience_41,展台有序,store_experience_positive,1
Experience_1,重视程度,store_experience_negative,1
Experience_2,专业性,store_experience_negative,1
Experience_3,店内布置,store_experience_negative,1
Experience_4,讲解深度,store_experience_negative,1
Experience_5,服务准确性,store_experience_negative,1
Experience_6,专业词汇使用,store_experience_negative,1
Experience_7,车型讲解,store_experience_negative,1
Experience_10,老登,store_experience_negative,1
Experience_0,车辆功能讲解,reception_professionalism_positive,1
Experience_1,试乘试驾服务,reception_professionalism_positive,1
Experience_2,服务质量,reception_professionalism_positive,1
Experience_3,产品讲解热情,reception_professionalism_positive,1
Experience_4,产品熟悉度,reception_professionalism_positive,2
Experience_5,专业自信,reception_professionalism_positive,1
Experience_6,产品展示全面性,reception_professionalism_positive,1
Experience_7,服务热情,reception_professionalism_positive,2
Experience_8,车展介绍专业性,reception_professionalism_positive,1
Experience_10,讲解服务,reception_professionalism_positive,1
Experience_11,产品功能熟悉度,reception_professionalism_positive,1
Experience_12,服务亲和力,reception_professionalism_positive,2
Experience_13,销售人员服务态度,reception_professionalism_positive,1
Experience_14,产品讲解专业性,reception_professionalism_positive,3
Experience_15,预约便利性,reception_professionalism_positive,1
Experience_16,接待及时性,reception_professionalism_positive,3
Experience_17,上门服务,reception_professionalism_positive,1
Experience_18,服务态度,reception_professionalism_positive,1
Experience_19,接待人员服务态度,reception_professionalism_positive,1
Experience_20,主动接待,reception_professionalism_positive,1
Experience_21,产品讲解,reception_professionalism_positive,1
Experience_22,车辆配置介绍能力,reception_professionalism_positive,1
Experience_23,政策解读能力,reception_professionalism_positive,1
Experience_24,用户导向服务,reception_professionalism_positive,1
Experience_25,问题响应及时性,reception_professionalism_positive,1
Experience_26,卖点演示能力,reception_professionalism_positive,1
Experience_27,前机舱储物空间介绍,reception_professionalism_positive,1
Experience_28,语音助手响应介绍,reception_professionalism_positive,1
Experience_29,座椅舒适性介绍,reception_professionalism_positive,1
Experience_30,试驾响应时效,reception_professionalism_positive,1
Experience_31,试驾安排效率,reception_professionalism_positive,1
Experience_32,车主身份讲解优势,reception_professionalism_positive,1
Experience_33,车辆熟悉度,reception_professionalism_positive,1
Experience_34,痛点规避话术,reception_professionalism_positive,1
Experience_35,自动泊车功能解释,reception_professionalism_positive,1
Experience_36,车顶玻璃硬度说明,reception_professionalism_positive,1
Experience_37,直营店模式,reception_professionalism_positive,1
Experience_38,销售表达专业性,reception_professionalism_positive,1
Experience_39,产品介绍专业性,reception_professionalism_positive,1
Experience_40,热情,reception_professionalism_positive,3
Experience_41,接待积极性,reception_professionalism_positive,1
Experience_42,解答疑问能力,reception_professionalism_positive,1
Experience_43,接待态度,reception_professionalism_positive,1
Experience_44,耐心,reception_professionalism_positive,2
Experience_45,亲切,reception_professionalism_positive,1
Experience_46,针对性介绍能力,reception_professionalism_positive,1
Experience_47,介绍全面性,reception_professionalism_positive,1
Experience_48,介绍详细性,reception_professionalism_positive,1
Experience_49,车辆优点讲解能力,reception_professionalism_positive,1
Experience_50,核心卖点讲解,reception_professionalism_positive,1
Experience_51,混动介绍,reception_professionalism_positive,1
Experience_52,纯电续航介绍,reception_professionalism_positive,1
Experience_53,电动滑门介绍,reception_professionalism_positive,1
Experience_54,空间对比讲解,reception_professionalism_positive,1
Experience_55,功能讲解,reception_professionalism_positive,1
Experience_56,操作引导,reception_professionalism_positive,1
Experience_57,体验引导,reception_professionalism_positive,1
Experience_58,情绪价值提供,reception_professionalism_positive,1
Experience_60,被动讲解,reception_professionalism_positive,1
Experience_61,接待热情,reception_professionalism_positive,2
Experience_62,热情服务,reception_professionalism_positive,1
Experience_63,有问必答,reception_professionalism_positive,1
Experience_64,商场氛围,reception_professionalism_positive,1
Experience_65,跨岗位协同解答,reception_professionalism_positive,1
Experience_66,服务周到,reception_professionalism_positive,1
Experience_67,讲解到位,reception_professionalism_positive,1
Experience_68,积极介绍,reception_professionalism_positive,1
Experience_69,清晰讲解,reception_professionalism_positive,1
Experience_70,全程接待,reception_professionalism_positive,1
Experience_71,全程讲解,reception_professionalism_positive,1
Experience_72,试驾安排,reception_professionalism_positive,1
Experience_73,试驾讲解,reception_professionalism_positive,1
Experience_74,接待,reception_professionalism_positive,2
Experience_75,人员专业性,reception_professionalism_positive,1
Experience_76,问题解答能力,reception_professionalism_positive,1
Experience_77,培训质量,reception_professionalism_positive,1
Experience_79,主动联系,reception_professionalism_positive,1
Experience_80,会后跟进,reception_professionalism_positive,1
Experience_81,讲解专业性,reception_professionalism_positive,1
Experience_82,销售水准,reception_professionalism_positive,1
Experience_0,接待人员跟进,reception_professionalism_negative,1
Experience_2,功利性,reception_professionalism_negative,1
Experience_4,常用备件供应,reception_professionalism_negative,1
Experience_5,到店次数,reception_professionalism_negative,1
Experience_6,宣传真实性,reception_professionalism_negative,1
Experience_7,接待人员,reception_professionalism_negative,1
Experience_8,热情度,reception_professionalism_negative,1
Experience_9,专业度,reception_professionalism_negative,1
Experience_11,车展接待,reception_professionalism_negative,1
Experience_12,试驾路况确认,reception_professionalism_negative,1
Experience_13,堵车时长,reception_professionalism_negative,1
Experience_14,专业能力,reception_professionalism_negative,1
Experience_15,流程自动化,reception_professionalism_negative,1
Experience_16,操作出错,reception_professionalism_negative,2
Experience_18,智驾搭载计划告知,reception_professionalism_negative,1
Experience_19,车展导购人员资质,reception_professionalism_negative,1
Experience_20,导购专业性,reception_professionalism_negative,1
Experience_21,导购敬业度,reception_professionalism_negative,1
Experience_22,销售人员行为规范,reception_professionalism_negative,1
Experience_23,客户观感,reception_professionalism_negative,1
Experience_24,车型信息了解程度,reception_professionalism_negative,1
Experience_25,储物空间开启方式,reception_professionalism_negative,1
Experience_26,功能演示,reception_professionalism_negative,1
Experience_27,共情能力,reception_professionalism_negative,1
Experience_28,用户理解能力,reception_professionalism_negative,1
Experience_29,消费者需求理解,reception_professionalism_negative,1
Experience_30,主动性,reception_professionalism_negative,1
Experience_0,驾驶与操控,demonstration_positive,1
Experience_3,功能熟悉度,demonstration_positive,1
Experience_5,车辆知识,demonstration_positive,1
Experience_6,用户关注点响应,demonstration_positive,1
Experience_10,耐心讲解,demonstration_positive,1
Experience_11,品牌认知,demonstration_positive,1
Experience_12,核心竞争点认知,demonstration_positive,1
Experience_13,演示清晰度,demonstration_positive,1
Experience_14,讲解流畅度,demonstration_positive,1
Experience_15,亮点主动讲解,demonstration_positive,1
Experience_16,用户关注点探查,demonstration_positive,1
Experience_17,深度体验引导,demonstration_positive,1
Experience_18,车型亮点讲解,demonstration_positive,1
Experience_19,内心需求触达,demonstration_positive,1
Experience_20,讲解耐心,demonstration_positive,1
Experience_21,专人讲解,demonstration_positive,1
Experience_23,大屏底盘悬架调节,demonstration_positive,1
Experience_24,讲解细致,demonstration_positive,1
Experience_25,车身部件介绍,demonstration_positive,1
Experience_26,空间讲解,demonstration_positive,1
Experience_27,性价比讲解,demonstration_positive,1
Experience_1,三排沉坑效果,demonstration_negative,1
Experience_2,讲解口语化程度,demonstration_negative,1
Experience_4,多功能熟悉度,demonstration_negative,1
Experience_5,核心卖点讲解清晰度,demonstration_negative,1
Experience_6,讲解响应及时性,demonstration_negative,1
Experience_8,功能了解程度,demonstration_negative,1
Experience_9,动态功能演示,demonstration_negative,1
Experience_0,摇晃感,suspension_tuning_positive,1
Experience_2,性价比体验,suspension_tuning_positive,1
Experience_3,均衡性,suspension_tuning_positive,1
Experience_5,运动性,suspension_tuning_positive,1
Experience_6,底盘调节,suspension_tuning_positive,1
Experience_8,四连杆设计,suspension_tuning_positive,1
Experience_9,操控性,suspension_tuning_positive,1
Experience_10,驾驶模式体验,suspension_tuning_positive,1
Experience_0,悬架软硬自动调节,suspension_tuning_negative,1
Experience_2,异响,suspension_tuning_negative,1
Experience_3,悬架硬度,suspension_tuning_negative,1
Experience_4,滤振性能,suspension_tuning_negative,1
Experience_5,底盘硬度,suspension_tuning_negative,1
Experience_6,颠簸感受,suspension_tuning_negative,1
Experience_7,悬架软度,suspension_tuning_negative,1
Experience_0,主驾视野,view_visibility_positive,1
Experience_1,盲区视频辅助,view_visibility_positive,1
Experience_2,安全感,view_visibility_positive,1
Experience_3,透光性,view_visibility_positive,1
Experience_4,视野,view_visibility_positive,9
Experience_5,前视野,view_visibility_positive,1
Experience_6,主驾座椅坐姿,view_visibility_positive,1
Experience_7,主驾视野舒适度,view_visibility_positive,1
Experience_8,A柱遮挡,view_visibility_positive,2
Experience_9,前挡顶部摄像头布置,view_visibility_positive,1
Experience_10,驾驶员视野遮挡,view_visibility_positive,1
Experience_11,变道HUD,view_visibility_positive,1
Experience_12,侧边路况显示,view_visibility_positive,1
Experience_13,后视镜清晰度,view_visibility_positive,1
Experience_14,车头后视镜补盲,view_visibility_positive,1
Experience_15,前排视野,view_visibility_positive,1
Experience_16,坐姿高度,view_visibility_positive,1
Experience_17,前方视野,view_visibility_positive,1
Experience_19,坐姿,view_visibility_positive,1
Experience_0,试驾,view_visibility_negative,1
Experience_1,内后视镜,view_visibility_negative,1
Experience_2,发动机盖,view_visibility_negative,2
Experience_3,前下视野,view_visibility_negative,1
Experience_6,车身,view_visibility_negative,1
Experience_0,加速,driving_experience_positive,2
Experience_1,减速,driving_experience_positive,1
Experience_2,转向,driving_experience_positive,1
Experience_3,后轮转向,driving_experience_positive,1
Experience_4,转弯半径,driving_experience_positive,1
Experience_6,路面颠簸过滤,driving_experience_positive,1
Experience_7,驾驶性,driving_experience_positive,1
Experience_8,加速踏板,driving_experience_positive,1
Experience_9,制动踏板,driving_experience_positive,1
Experience_10,执行响应,driving_experience_positive,1
Experience_11,运动模式,driving_experience_positive,1
Experience_12,路感反馈,driving_experience_positive,1
Experience_15,MPV属性,driving_experience_positive,1
Experience_16,起步速度,driving_experience_positive,1
Experience_17,油车体验感,driving_experience_positive,1
Experience_18,动力响应,driving_experience_positive,1
Experience_19,跟随性,driving_experience_positive,1
Experience_20,混动车,driving_experience_positive,1
Experience_21,低速加速,driving_experience_positive,1
Experience_22,推背感,driving_experience_positive,1
Experience_0,船感,driving_experience_negative,1
Experience_1,单踏板模式顿挫,driving_experience_negative,1
Experience_2,加减速不平顺,driving_experience_negative,1
Experience_3,制动不灵敏,driving_experience_negative,1
Experience_4,动力不足,driving_experience_negative,1
Experience_0,加速噪声,noise_quietness_negative,1
Experience_1,噪音,noise_quietness_negative,1
