from_id,to_id,to_name,relationship_type,score,source_column
Respondent_0,Aspect_0,personal_consumption_score,RATES,1.0,personal_consumption_score
Respondent_1,Aspect_0,personal_consumption_score,RATES,3.0,personal_consumption_score
Respondent_2,Aspect_0,personal_consumption_score,RATES,3.0,personal_consumption_score
Respondent_3,Aspect_0,personal_consumption_score,RATES,3.0,personal_consumption_score
Respondent_4,Aspect_0,personal_consumption_score,RATES,2.0,personal_consumption_score
Respondent_5,Aspect_0,personal_consumption_score,RATES,1.0,personal_consumption_score
Respondent_6,Aspect_0,personal_consumption_score,RATES,3.0,personal_consumption_score
Respondent_7,Aspect_0,personal_consumption_score,RATES,3.0,personal_consumption_score
Respondent_8,Aspect_0,personal_consumption_score,RATES,5.0,personal_consumption_score
Respondent_9,Aspect_0,personal_consumption_score,RATES,3.0,personal_consumption_score
Respondent_10,Aspect_0,personal_consumption_score,RATES,3.0,personal_consumption_score
Respondent_11,Aspect_0,personal_consumption_score,RATES,4.0,personal_consumption_score
Respondent_12,Aspect_0,personal_consumption_score,RATES,4.0,personal_consumption_score
Respondent_13,Aspect_0,personal_consumption_score,RATES,3.0,personal_consumption_score
Respondent_14,Aspect_0,personal_consumption_score,RATES,4.0,personal_consumption_score
Respondent_15,Aspect_0,personal_consumption_score,RATES,4.0,personal_consumption_score
Respondent_16,Aspect_0,personal_consumption_score,RATES,2.0,personal_consumption_score
Respondent_17,Aspect_0,personal_consumption_score,RATES,3.0,personal_consumption_score
Respondent_18,Aspect_0,personal_consumption_score,RATES,5.0,personal_consumption_score
Respondent_19,Aspect_0,personal_consumption_score,RATES,3.0,personal_consumption_score
Respondent_20,Aspect_0,personal_consumption_score,RATES,3.0,personal_consumption_score
Respondent_21,Aspect_0,personal_consumption_score,RATES,3.0,personal_consumption_score
Respondent_22,Aspect_0,personal_consumption_score,RATES,4.0,personal_consumption_score
Respondent_23,Aspect_0,personal_consumption_score,RATES,5.0,personal_consumption_score
Respondent_24,Aspect_0,personal_consumption_score,RATES,5.0,personal_consumption_score
Respondent_25,Aspect_0,personal_consumption_score,RATES,3.0,personal_consumption_score
Respondent_26,Aspect_0,personal_consumption_score,RATES,3.0,personal_consumption_score
Respondent_27,Aspect_0,personal_consumption_score,RATES,5.0,personal_consumption_score
Respondent_28,Aspect_0,personal_consumption_score,RATES,2.0,personal_consumption_score
Respondent_29,Aspect_0,personal_consumption_score,RATES,5.0,personal_consumption_score
Respondent_30,Aspect_0,personal_consumption_score,RATES,4.0,personal_consumption_score
Respondent_31,Aspect_0,personal_consumption_score,RATES,3.0,personal_consumption_score
Respondent_32,Aspect_0,personal_consumption_score,RATES,1.0,personal_consumption_score
Respondent_33,Aspect_0,personal_consumption_score,RATES,5.0,personal_consumption_score
Respondent_34,Aspect_0,personal_consumption_score,RATES,3.0,personal_consumption_score
Respondent_35,Aspect_0,personal_consumption_score,RATES,5.0,personal_consumption_score
Respondent_36,Aspect_0,personal_consumption_score,RATES,3.0,personal_consumption_score
Respondent_37,Aspect_0,personal_consumption_score,RATES,4.0,personal_consumption_score
Respondent_38,Aspect_0,personal_consumption_score,RATES,2.0,personal_consumption_score
Respondent_39,Aspect_0,personal_consumption_score,RATES,3.0,personal_consumption_score
Respondent_40,Aspect_0,personal_consumption_score,RATES,3.0,personal_consumption_score
Respondent_41,Aspect_0,personal_consumption_score,RATES,5.0,personal_consumption_score
Respondent_42,Aspect_0,personal_consumption_score,RATES,5.0,personal_consumption_score
Respondent_43,Aspect_0,personal_consumption_score,RATES,2.0,personal_consumption_score
Respondent_44,Aspect_0,personal_consumption_score,RATES,1.0,personal_consumption_score
Respondent_45,Aspect_0,personal_consumption_score,RATES,3.0,personal_consumption_score
Respondent_46,Aspect_0,personal_consumption_score,RATES,3.0,personal_consumption_score
Respondent_47,Aspect_0,personal_consumption_score,RATES,3.0,personal_consumption_score
Respondent_48,Aspect_0,personal_consumption_score,RATES,3.0,personal_consumption_score
Respondent_49,Aspect_0,personal_consumption_score,RATES,5.0,personal_consumption_score
Respondent_50,Aspect_0,personal_consumption_score,RATES,3.0,personal_consumption_score
Respondent_51,Aspect_0,personal_consumption_score,RATES,2.0,personal_consumption_score
Respondent_52,Aspect_0,personal_consumption_score,RATES,4.0,personal_consumption_score
Respondent_53,Aspect_0,personal_consumption_score,RATES,3.0,personal_consumption_score
Respondent_54,Aspect_0,personal_consumption_score,RATES,3.0,personal_consumption_score
Respondent_55,Aspect_0,personal_consumption_score,RATES,4.0,personal_consumption_score
Respondent_56,Aspect_0,personal_consumption_score,RATES,5.0,personal_consumption_score
Respondent_57,Aspect_0,personal_consumption_score,RATES,3.0,personal_consumption_score
Respondent_58,Aspect_0,personal_consumption_score,RATES,3.0,personal_consumption_score
Respondent_59,Aspect_0,personal_consumption_score,RATES,2.0,personal_consumption_score
Respondent_60,Aspect_0,personal_consumption_score,RATES,3.0,personal_consumption_score
Respondent_61,Aspect_0,personal_consumption_score,RATES,1.0,personal_consumption_score
Respondent_62,Aspect_0,personal_consumption_score,RATES,3.0,personal_consumption_score
Respondent_63,Aspect_0,personal_consumption_score,RATES,3.0,personal_consumption_score
Respondent_64,Aspect_0,personal_consumption_score,RATES,2.0,personal_consumption_score
Respondent_65,Aspect_0,personal_consumption_score,RATES,4.0,personal_consumption_score
Respondent_66,Aspect_0,personal_consumption_score,RATES,3.0,personal_consumption_score
Respondent_67,Aspect_0,personal_consumption_score,RATES,1.0,personal_consumption_score
Respondent_68,Aspect_0,personal_consumption_score,RATES,3.0,personal_consumption_score
Respondent_69,Aspect_0,personal_consumption_score,RATES,4.0,personal_consumption_score
Respondent_70,Aspect_0,personal_consumption_score,RATES,3.0,personal_consumption_score
Respondent_0,Aspect_1,trend_consumption_score,RATES,1.0,trend_consumption_score
Respondent_1,Aspect_1,trend_consumption_score,RATES,4.0,trend_consumption_score
Respondent_2,Aspect_1,trend_consumption_score,RATES,2.0,trend_consumption_score
Respondent_3,Aspect_1,trend_consumption_score,RATES,3.0,trend_consumption_score
Respondent_4,Aspect_1,trend_consumption_score,RATES,4.0,trend_consumption_score
Respondent_5,Aspect_1,trend_consumption_score,RATES,5.0,trend_consumption_score
Respondent_6,Aspect_1,trend_consumption_score,RATES,3.0,trend_consumption_score
Respondent_7,Aspect_1,trend_consumption_score,RATES,2.0,trend_consumption_score
Respondent_8,Aspect_1,trend_consumption_score,RATES,4.0,trend_consumption_score
Respondent_9,Aspect_1,trend_consumption_score,RATES,3.0,trend_consumption_score
Respondent_10,Aspect_1,trend_consumption_score,RATES,3.0,trend_consumption_score
Respondent_11,Aspect_1,trend_consumption_score,RATES,4.0,trend_consumption_score
Respondent_12,Aspect_1,trend_consumption_score,RATES,2.0,trend_consumption_score
Respondent_13,Aspect_1,trend_consumption_score,RATES,5.0,trend_consumption_score
Respondent_14,Aspect_1,trend_consumption_score,RATES,1.0,trend_consumption_score
Respondent_15,Aspect_1,trend_consumption_score,RATES,4.0,trend_consumption_score
Respondent_16,Aspect_1,trend_consumption_score,RATES,3.0,trend_consumption_score
Respondent_17,Aspect_1,trend_consumption_score,RATES,4.0,trend_consumption_score
Respondent_18,Aspect_1,trend_consumption_score,RATES,5.0,trend_consumption_score
Respondent_19,Aspect_1,trend_consumption_score,RATES,3.0,trend_consumption_score
Respondent_20,Aspect_1,trend_consumption_score,RATES,4.0,trend_consumption_score
Respondent_21,Aspect_1,trend_consumption_score,RATES,3.0,trend_consumption_score
Respondent_22,Aspect_1,trend_consumption_score,RATES,4.0,trend_consumption_score
Respondent_23,Aspect_1,trend_consumption_score,RATES,4.0,trend_consumption_score
Respondent_24,Aspect_1,trend_consumption_score,RATES,5.0,trend_consumption_score
Respondent_25,Aspect_1,trend_consumption_score,RATES,2.0,trend_consumption_score
Respondent_26,Aspect_1,trend_consumption_score,RATES,3.0,trend_consumption_score
Respondent_27,Aspect_1,trend_consumption_score,RATES,5.0,trend_consumption_score
Respondent_28,Aspect_1,trend_consumption_score,RATES,4.0,trend_consumption_score
Respondent_29,Aspect_1,trend_consumption_score,RATES,3.0,trend_consumption_score
Respondent_30,Aspect_1,trend_consumption_score,RATES,4.0,trend_consumption_score
Respondent_31,Aspect_1,trend_consumption_score,RATES,4.0,trend_consumption_score
Respondent_32,Aspect_1,trend_consumption_score,RATES,2.0,trend_consumption_score
Respondent_33,Aspect_1,trend_consumption_score,RATES,5.0,trend_consumption_score
Respondent_34,Aspect_1,trend_consumption_score,RATES,3.0,trend_consumption_score
Respondent_35,Aspect_1,trend_consumption_score,RATES,5.0,trend_consumption_score
Respondent_36,Aspect_1,trend_consumption_score,RATES,2.0,trend_consumption_score
Respondent_37,Aspect_1,trend_consumption_score,RATES,3.0,trend_consumption_score
Respondent_38,Aspect_1,trend_consumption_score,RATES,2.0,trend_consumption_score
Respondent_39,Aspect_1,trend_consumption_score,RATES,4.0,trend_consumption_score
Respondent_40,Aspect_1,trend_consumption_score,RATES,3.0,trend_consumption_score
Respondent_41,Aspect_1,trend_consumption_score,RATES,5.0,trend_consumption_score
Respondent_42,Aspect_1,trend_consumption_score,RATES,5.0,trend_consumption_score
Respondent_43,Aspect_1,trend_consumption_score,RATES,2.0,trend_consumption_score
Respondent_44,Aspect_1,trend_consumption_score,RATES,3.0,trend_consumption_score
Respondent_45,Aspect_1,trend_consumption_score,RATES,3.0,trend_consumption_score
Respondent_46,Aspect_1,trend_consumption_score,RATES,3.0,trend_consumption_score
Respondent_47,Aspect_1,trend_consumption_score,RATES,5.0,trend_consumption_score
Respondent_48,Aspect_1,trend_consumption_score,RATES,4.0,trend_consumption_score
Respondent_49,Aspect_1,trend_consumption_score,RATES,5.0,trend_consumption_score
Respondent_50,Aspect_1,trend_consumption_score,RATES,4.0,trend_consumption_score
Respondent_51,Aspect_1,trend_consumption_score,RATES,3.0,trend_consumption_score
Respondent_52,Aspect_1,trend_consumption_score,RATES,3.0,trend_consumption_score
Respondent_53,Aspect_1,trend_consumption_score,RATES,3.0,trend_consumption_score
Respondent_54,Aspect_1,trend_consumption_score,RATES,2.0,trend_consumption_score
Respondent_55,Aspect_1,trend_consumption_score,RATES,4.0,trend_consumption_score
Respondent_56,Aspect_1,trend_consumption_score,RATES,5.0,trend_consumption_score
Respondent_57,Aspect_1,trend_consumption_score,RATES,3.0,trend_consumption_score
Respondent_58,Aspect_1,trend_consumption_score,RATES,4.0,trend_consumption_score
Respondent_59,Aspect_1,trend_consumption_score,RATES,5.0,trend_consumption_score
Respondent_60,Aspect_1,trend_consumption_score,RATES,3.0,trend_consumption_score
Respondent_61,Aspect_1,trend_consumption_score,RATES,5.0,trend_consumption_score
Respondent_62,Aspect_1,trend_consumption_score,RATES,3.0,trend_consumption_score
Respondent_63,Aspect_1,trend_consumption_score,RATES,3.0,trend_consumption_score
Respondent_64,Aspect_1,trend_consumption_score,RATES,3.0,trend_consumption_score
Respondent_65,Aspect_1,trend_consumption_score,RATES,4.0,trend_consumption_score
Respondent_66,Aspect_1,trend_consumption_score,RATES,4.0,trend_consumption_score
Respondent_67,Aspect_1,trend_consumption_score,RATES,1.0,trend_consumption_score
Respondent_68,Aspect_1,trend_consumption_score,RATES,3.0,trend_consumption_score
Respondent_69,Aspect_1,trend_consumption_score,RATES,3.0,trend_consumption_score
Respondent_70,Aspect_1,trend_consumption_score,RATES,4.0,trend_consumption_score
Respondent_0,Aspect_2,fashion_consumption_score,RATES,5.0,fashion_consumption_score
Respondent_1,Aspect_2,fashion_consumption_score,RATES,5.0,fashion_consumption_score
Respondent_2,Aspect_2,fashion_consumption_score,RATES,2.0,fashion_consumption_score
Respondent_3,Aspect_2,fashion_consumption_score,RATES,3.0,fashion_consumption_score
Respondent_4,Aspect_2,fashion_consumption_score,RATES,4.0,fashion_consumption_score
Respondent_5,Aspect_2,fashion_consumption_score,RATES,5.0,fashion_consumption_score
Respondent_6,Aspect_2,fashion_consumption_score,RATES,5.0,fashion_consumption_score
Respondent_7,Aspect_2,fashion_consumption_score,RATES,2.0,fashion_consumption_score
Respondent_8,Aspect_2,fashion_consumption_score,RATES,4.0,fashion_consumption_score
Respondent_9,Aspect_2,fashion_consumption_score,RATES,3.0,fashion_consumption_score
Respondent_10,Aspect_2,fashion_consumption_score,RATES,3.0,fashion_consumption_score
Respondent_11,Aspect_2,fashion_consumption_score,RATES,1.0,fashion_consumption_score
Respondent_12,Aspect_2,fashion_consumption_score,RATES,2.0,fashion_consumption_score
Respondent_13,Aspect_2,fashion_consumption_score,RATES,5.0,fashion_consumption_score
Respondent_14,Aspect_2,fashion_consumption_score,RATES,4.0,fashion_consumption_score
Respondent_15,Aspect_2,fashion_consumption_score,RATES,5.0,fashion_consumption_score
Respondent_16,Aspect_2,fashion_consumption_score,RATES,2.0,fashion_consumption_score
Respondent_17,Aspect_2,fashion_consumption_score,RATES,3.0,fashion_consumption_score
Respondent_18,Aspect_2,fashion_consumption_score,RATES,5.0,fashion_consumption_score
Respondent_19,Aspect_2,fashion_consumption_score,RATES,4.0,fashion_consumption_score
Respondent_20,Aspect_2,fashion_consumption_score,RATES,4.0,fashion_consumption_score
Respondent_21,Aspect_2,fashion_consumption_score,RATES,5.0,fashion_consumption_score
Respondent_22,Aspect_2,fashion_consumption_score,RATES,5.0,fashion_consumption_score
Respondent_23,Aspect_2,fashion_consumption_score,RATES,5.0,fashion_consumption_score
Respondent_24,Aspect_2,fashion_consumption_score,RATES,5.0,fashion_consumption_score
Respondent_25,Aspect_2,fashion_consumption_score,RATES,2.0,fashion_consumption_score
Respondent_26,Aspect_2,fashion_consumption_score,RATES,5.0,fashion_consumption_score
Respondent_27,Aspect_2,fashion_consumption_score,RATES,5.0,fashion_consumption_score
Respondent_28,Aspect_2,fashion_consumption_score,RATES,4.0,fashion_consumption_score
Respondent_29,Aspect_2,fashion_consumption_score,RATES,5.0,fashion_consumption_score
Respondent_30,Aspect_2,fashion_consumption_score,RATES,5.0,fashion_consumption_score
Respondent_31,Aspect_2,fashion_consumption_score,RATES,4.0,fashion_consumption_score
Respondent_32,Aspect_2,fashion_consumption_score,RATES,4.0,fashion_consumption_score
Respondent_33,Aspect_2,fashion_consumption_score,RATES,5.0,fashion_consumption_score
Respondent_34,Aspect_2,fashion_consumption_score,RATES,3.0,fashion_consumption_score
Respondent_35,Aspect_2,fashion_consumption_score,RATES,5.0,fashion_consumption_score
Respondent_36,Aspect_2,fashion_consumption_score,RATES,2.0,fashion_consumption_score
Respondent_37,Aspect_2,fashion_consumption_score,RATES,5.0,fashion_consumption_score
Respondent_38,Aspect_2,fashion_consumption_score,RATES,4.0,fashion_consumption_score
Respondent_39,Aspect_2,fashion_consumption_score,RATES,4.0,fashion_consumption_score
Respondent_40,Aspect_2,fashion_consumption_score,RATES,3.0,fashion_consumption_score
Respondent_41,Aspect_2,fashion_consumption_score,RATES,5.0,fashion_consumption_score
Respondent_42,Aspect_2,fashion_consumption_score,RATES,5.0,fashion_consumption_score
Respondent_43,Aspect_2,fashion_consumption_score,RATES,2.0,fashion_consumption_score
Respondent_44,Aspect_2,fashion_consumption_score,RATES,1.0,fashion_consumption_score
Respondent_45,Aspect_2,fashion_consumption_score,RATES,3.0,fashion_consumption_score
Respondent_46,Aspect_2,fashion_consumption_score,RATES,4.0,fashion_consumption_score
Respondent_47,Aspect_2,fashion_consumption_score,RATES,5.0,fashion_consumption_score
Respondent_48,Aspect_2,fashion_consumption_score,RATES,4.0,fashion_consumption_score
Respondent_49,Aspect_2,fashion_consumption_score,RATES,3.0,fashion_consumption_score
Respondent_50,Aspect_2,fashion_consumption_score,RATES,5.0,fashion_consumption_score
Respondent_51,Aspect_2,fashion_consumption_score,RATES,5.0,fashion_consumption_score
Respondent_52,Aspect_2,fashion_consumption_score,RATES,3.0,fashion_consumption_score
Respondent_53,Aspect_2,fashion_consumption_score,RATES,4.0,fashion_consumption_score
Respondent_54,Aspect_2,fashion_consumption_score,RATES,5.0,fashion_consumption_score
Respondent_55,Aspect_2,fashion_consumption_score,RATES,5.0,fashion_consumption_score
Respondent_56,Aspect_2,fashion_consumption_score,RATES,5.0,fashion_consumption_score
Respondent_57,Aspect_2,fashion_consumption_score,RATES,4.0,fashion_consumption_score
Respondent_58,Aspect_2,fashion_consumption_score,RATES,4.0,fashion_consumption_score
Respondent_59,Aspect_2,fashion_consumption_score,RATES,5.0,fashion_consumption_score
Respondent_60,Aspect_2,fashion_consumption_score,RATES,3.0,fashion_consumption_score
Respondent_61,Aspect_2,fashion_consumption_score,RATES,5.0,fashion_consumption_score
Respondent_62,Aspect_2,fashion_consumption_score,RATES,5.0,fashion_consumption_score
Respondent_63,Aspect_2,fashion_consumption_score,RATES,3.0,fashion_consumption_score
Respondent_64,Aspect_2,fashion_consumption_score,RATES,3.0,fashion_consumption_score
Respondent_65,Aspect_2,fashion_consumption_score,RATES,3.0,fashion_consumption_score
Respondent_66,Aspect_2,fashion_consumption_score,RATES,2.0,fashion_consumption_score
Respondent_67,Aspect_2,fashion_consumption_score,RATES,1.0,fashion_consumption_score
Respondent_68,Aspect_2,fashion_consumption_score,RATES,4.0,fashion_consumption_score
Respondent_69,Aspect_2,fashion_consumption_score,RATES,3.0,fashion_consumption_score
Respondent_70,Aspect_2,fashion_consumption_score,RATES,2.0,fashion_consumption_score
Respondent_0,Aspect_3,quality_consumption_score,RATES,3.0,quality_consumption_score
Respondent_1,Aspect_3,quality_consumption_score,RATES,2.0,quality_consumption_score
Respondent_2,Aspect_3,quality_consumption_score,RATES,4.0,quality_consumption_score
Respondent_3,Aspect_3,quality_consumption_score,RATES,3.0,quality_consumption_score
Respondent_4,Aspect_3,quality_consumption_score,RATES,2.0,quality_consumption_score
Respondent_5,Aspect_3,quality_consumption_score,RATES,1.0,quality_consumption_score
Respondent_6,Aspect_3,quality_consumption_score,RATES,5.0,quality_consumption_score
Respondent_7,Aspect_3,quality_consumption_score,RATES,1.0,quality_consumption_score
Respondent_8,Aspect_3,quality_consumption_score,RATES,4.0,quality_consumption_score
Respondent_9,Aspect_3,quality_consumption_score,RATES,3.0,quality_consumption_score
Respondent_10,Aspect_3,quality_consumption_score,RATES,3.0,quality_consumption_score
Respondent_11,Aspect_3,quality_consumption_score,RATES,4.0,quality_consumption_score
Respondent_12,Aspect_3,quality_consumption_score,RATES,4.0,quality_consumption_score
Respondent_13,Aspect_3,quality_consumption_score,RATES,5.0,quality_consumption_score
Respondent_14,Aspect_3,quality_consumption_score,RATES,2.0,quality_consumption_score
Respondent_15,Aspect_3,quality_consumption_score,RATES,2.0,quality_consumption_score
Respondent_16,Aspect_3,quality_consumption_score,RATES,1.0,quality_consumption_score
Respondent_17,Aspect_3,quality_consumption_score,RATES,2.0,quality_consumption_score
Respondent_18,Aspect_3,quality_consumption_score,RATES,4.0,quality_consumption_score
Respondent_19,Aspect_3,quality_consumption_score,RATES,2.0,quality_consumption_score
Respondent_20,Aspect_3,quality_consumption_score,RATES,3.0,quality_consumption_score
Respondent_21,Aspect_3,quality_consumption_score,RATES,3.0,quality_consumption_score
Respondent_22,Aspect_3,quality_consumption_score,RATES,5.0,quality_consumption_score
Respondent_23,Aspect_3,quality_consumption_score,RATES,5.0,quality_consumption_score
Respondent_24,Aspect_3,quality_consumption_score,RATES,5.0,quality_consumption_score
Respondent_25,Aspect_3,quality_consumption_score,RATES,2.0,quality_consumption_score
Respondent_26,Aspect_3,quality_consumption_score,RATES,3.0,quality_consumption_score
Respondent_27,Aspect_3,quality_consumption_score,RATES,5.0,quality_consumption_score
Respondent_28,Aspect_3,quality_consumption_score,RATES,4.0,quality_consumption_score
Respondent_29,Aspect_3,quality_consumption_score,RATES,5.0,quality_consumption_score
Respondent_30,Aspect_3,quality_consumption_score,RATES,3.0,quality_consumption_score
Respondent_31,Aspect_3,quality_consumption_score,RATES,2.0,quality_consumption_score
Respondent_32,Aspect_3,quality_consumption_score,RATES,3.0,quality_consumption_score
Respondent_33,Aspect_3,quality_consumption_score,RATES,5.0,quality_consumption_score
Respondent_34,Aspect_3,quality_consumption_score,RATES,1.0,quality_consumption_score
Respondent_35,Aspect_3,quality_consumption_score,RATES,5.0,quality_consumption_score
Respondent_36,Aspect_3,quality_consumption_score,RATES,2.0,quality_consumption_score
Respondent_37,Aspect_3,quality_consumption_score,RATES,4.0,quality_consumption_score
Respondent_38,Aspect_3,quality_consumption_score,RATES,2.0,quality_consumption_score
Respondent_39,Aspect_3,quality_consumption_score,RATES,2.0,quality_consumption_score
Respondent_40,Aspect_3,quality_consumption_score,RATES,5.0,quality_consumption_score
Respondent_41,Aspect_3,quality_consumption_score,RATES,5.0,quality_consumption_score
Respondent_42,Aspect_3,quality_consumption_score,RATES,5.0,quality_consumption_score
Respondent_43,Aspect_3,quality_consumption_score,RATES,1.0,quality_consumption_score
Respondent_44,Aspect_3,quality_consumption_score,RATES,1.0,quality_consumption_score
Respondent_45,Aspect_3,quality_consumption_score,RATES,3.0,quality_consumption_score
Respondent_46,Aspect_3,quality_consumption_score,RATES,4.0,quality_consumption_score
Respondent_47,Aspect_3,quality_consumption_score,RATES,1.0,quality_consumption_score
Respondent_48,Aspect_3,quality_consumption_score,RATES,5.0,quality_consumption_score
Respondent_49,Aspect_3,quality_consumption_score,RATES,1.0,quality_consumption_score
Respondent_50,Aspect_3,quality_consumption_score,RATES,2.0,quality_consumption_score
Respondent_51,Aspect_3,quality_consumption_score,RATES,4.0,quality_consumption_score
Respondent_52,Aspect_3,quality_consumption_score,RATES,3.0,quality_consumption_score
Respondent_53,Aspect_3,quality_consumption_score,RATES,3.0,quality_consumption_score
Respondent_54,Aspect_3,quality_consumption_score,RATES,1.0,quality_consumption_score
Respondent_55,Aspect_3,quality_consumption_score,RATES,2.0,quality_consumption_score
Respondent_56,Aspect_3,quality_consumption_score,RATES,2.0,quality_consumption_score
Respondent_57,Aspect_3,quality_consumption_score,RATES,3.0,quality_consumption_score
Respondent_58,Aspect_3,quality_consumption_score,RATES,3.0,quality_consumption_score
Respondent_59,Aspect_3,quality_consumption_score,RATES,5.0,quality_consumption_score
Respondent_60,Aspect_3,quality_consumption_score,RATES,3.0,quality_consumption_score
Respondent_61,Aspect_3,quality_consumption_score,RATES,1.0,quality_consumption_score
Respondent_62,Aspect_3,quality_consumption_score,RATES,2.0,quality_consumption_score
Respondent_63,Aspect_3,quality_consumption_score,RATES,3.0,quality_consumption_score
Respondent_64,Aspect_3,quality_consumption_score,RATES,2.0,quality_consumption_score
Respondent_65,Aspect_3,quality_consumption_score,RATES,3.0,quality_consumption_score
Respondent_66,Aspect_3,quality_consumption_score,RATES,2.0,quality_consumption_score
Respondent_67,Aspect_3,quality_consumption_score,RATES,1.0,quality_consumption_score
Respondent_68,Aspect_3,quality_consumption_score,RATES,4.0,quality_consumption_score
Respondent_69,Aspect_3,quality_consumption_score,RATES,2.0,quality_consumption_score
Respondent_70,Aspect_3,quality_consumption_score,RATES,2.0,quality_consumption_score
Respondent_0,Aspect_4,appearance_design_score,RATES,9.0,appearance_design_score
Respondent_1,Aspect_4,appearance_design_score,RATES,8.0,appearance_design_score
Respondent_2,Aspect_4,appearance_design_score,RATES,7.0,appearance_design_score
Respondent_3,Aspect_4,appearance_design_score,RATES,8.0,appearance_design_score
Respondent_4,Aspect_4,appearance_design_score,RATES,8.0,appearance_design_score
Respondent_5,Aspect_4,appearance_design_score,RATES,6.0,appearance_design_score
Respondent_6,Aspect_4,appearance_design_score,RATES,9.0,appearance_design_score
Respondent_7,Aspect_4,appearance_design_score,RATES,8.0,appearance_design_score
Respondent_8,Aspect_4,appearance_design_score,RATES,7.0,appearance_design_score
Respondent_9,Aspect_4,appearance_design_score,RATES,7.0,appearance_design_score
Respondent_10,Aspect_4,appearance_design_score,RATES,8.0,appearance_design_score
Respondent_11,Aspect_4,appearance_design_score,RATES,6.0,appearance_design_score
Respondent_12,Aspect_4,appearance_design_score,RATES,8.0,appearance_design_score
Respondent_13,Aspect_4,appearance_design_score,RATES,9.0,appearance_design_score
Respondent_14,Aspect_4,appearance_design_score,RATES,8.0,appearance_design_score
Respondent_15,Aspect_4,appearance_design_score,RATES,8.0,appearance_design_score
Respondent_16,Aspect_4,appearance_design_score,RATES,9.0,appearance_design_score
Respondent_17,Aspect_4,appearance_design_score,RATES,8.0,appearance_design_score
Respondent_18,Aspect_4,appearance_design_score,RATES,8.0,appearance_design_score
Respondent_19,Aspect_4,appearance_design_score,RATES,7.0,appearance_design_score
Respondent_20,Aspect_4,appearance_design_score,RATES,8.0,appearance_design_score
Respondent_21,Aspect_4,appearance_design_score,RATES,8.0,appearance_design_score
Respondent_22,Aspect_4,appearance_design_score,RATES,9.0,appearance_design_score
Respondent_23,Aspect_4,appearance_design_score,RATES,9.0,appearance_design_score
Respondent_24,Aspect_4,appearance_design_score,RATES,6.0,appearance_design_score
Respondent_25,Aspect_4,appearance_design_score,RATES,7.0,appearance_design_score
Respondent_26,Aspect_4,appearance_design_score,RATES,8.0,appearance_design_score
Respondent_27,Aspect_4,appearance_design_score,RATES,8.0,appearance_design_score
Respondent_28,Aspect_4,appearance_design_score,RATES,7.0,appearance_design_score
Respondent_29,Aspect_4,appearance_design_score,RATES,6.0,appearance_design_score
Respondent_30,Aspect_4,appearance_design_score,RATES,10.0,appearance_design_score
Respondent_31,Aspect_4,appearance_design_score,RATES,8.0,appearance_design_score
Respondent_32,Aspect_4,appearance_design_score,RATES,9.0,appearance_design_score
Respondent_33,Aspect_4,appearance_design_score,RATES,9.0,appearance_design_score
Respondent_34,Aspect_4,appearance_design_score,RATES,9.0,appearance_design_score
Respondent_35,Aspect_4,appearance_design_score,RATES,8.0,appearance_design_score
Respondent_36,Aspect_4,appearance_design_score,RATES,7.0,appearance_design_score
Respondent_37,Aspect_4,appearance_design_score,RATES,9.0,appearance_design_score
Respondent_38,Aspect_4,appearance_design_score,RATES,7.0,appearance_design_score
Respondent_39,Aspect_4,appearance_design_score,RATES,6.0,appearance_design_score
Respondent_40,Aspect_4,appearance_design_score,RATES,7.0,appearance_design_score
Respondent_41,Aspect_4,appearance_design_score,RATES,8.0,appearance_design_score
Respondent_42,Aspect_4,appearance_design_score,RATES,10.0,appearance_design_score
Respondent_43,Aspect_4,appearance_design_score,RATES,6.0,appearance_design_score
Respondent_44,Aspect_4,appearance_design_score,RATES,8.0,appearance_design_score
Respondent_45,Aspect_4,appearance_design_score,RATES,8.0,appearance_design_score
Respondent_46,Aspect_4,appearance_design_score,RATES,8.0,appearance_design_score
Respondent_47,Aspect_4,appearance_design_score,RATES,7.0,appearance_design_score
Respondent_48,Aspect_4,appearance_design_score,RATES,8.0,appearance_design_score
Respondent_49,Aspect_4,appearance_design_score,RATES,6.0,appearance_design_score
Respondent_50,Aspect_4,appearance_design_score,RATES,8.0,appearance_design_score
Respondent_51,Aspect_4,appearance_design_score,RATES,6.0,appearance_design_score
Respondent_52,Aspect_4,appearance_design_score,RATES,7.0,appearance_design_score
Respondent_53,Aspect_4,appearance_design_score,RATES,10.0,appearance_design_score
Respondent_54,Aspect_4,appearance_design_score,RATES,8.0,appearance_design_score
Respondent_55,Aspect_4,appearance_design_score,RATES,8.0,appearance_design_score
Respondent_56,Aspect_4,appearance_design_score,RATES,7.0,appearance_design_score
Respondent_57,Aspect_4,appearance_design_score,RATES,7.0,appearance_design_score
Respondent_58,Aspect_4,appearance_design_score,RATES,8.0,appearance_design_score
Respondent_59,Aspect_4,appearance_design_score,RATES,8.0,appearance_design_score
Respondent_60,Aspect_4,appearance_design_score,RATES,6.0,appearance_design_score
Respondent_61,Aspect_4,appearance_design_score,RATES,7.0,appearance_design_score
Respondent_62,Aspect_4,appearance_design_score,RATES,8.0,appearance_design_score
Respondent_63,Aspect_4,appearance_design_score,RATES,8.0,appearance_design_score
Respondent_64,Aspect_4,appearance_design_score,RATES,8.0,appearance_design_score
Respondent_65,Aspect_4,appearance_design_score,RATES,9.0,appearance_design_score
Respondent_66,Aspect_4,appearance_design_score,RATES,8.0,appearance_design_score
Respondent_67,Aspect_4,appearance_design_score,RATES,10.0,appearance_design_score
Respondent_68,Aspect_4,appearance_design_score,RATES,6.0,appearance_design_score
Respondent_69,Aspect_4,appearance_design_score,RATES,7.0,appearance_design_score
Respondent_70,Aspect_4,appearance_design_score,RATES,7.0,appearance_design_score
Respondent_0,Aspect_5,interior_design_score,RATES,8.0,interior_design_score
Respondent_1,Aspect_5,interior_design_score,RATES,8.0,interior_design_score
Respondent_2,Aspect_5,interior_design_score,RATES,7.0,interior_design_score
Respondent_3,Aspect_5,interior_design_score,RATES,8.0,interior_design_score
Respondent_4,Aspect_5,interior_design_score,RATES,7.0,interior_design_score
Respondent_5,Aspect_5,interior_design_score,RATES,7.0,interior_design_score
Respondent_6,Aspect_5,interior_design_score,RATES,9.0,interior_design_score
Respondent_7,Aspect_5,interior_design_score,RATES,7.0,interior_design_score
Respondent_8,Aspect_5,interior_design_score,RATES,7.0,interior_design_score
Respondent_9,Aspect_5,interior_design_score,RATES,6.0,interior_design_score
Respondent_10,Aspect_5,interior_design_score,RATES,9.0,interior_design_score
Respondent_11,Aspect_5,interior_design_score,RATES,7.0,interior_design_score
Respondent_12,Aspect_5,interior_design_score,RATES,8.0,interior_design_score
Respondent_13,Aspect_5,interior_design_score,RATES,9.0,interior_design_score
Respondent_14,Aspect_5,interior_design_score,RATES,5.0,interior_design_score
Respondent_15,Aspect_5,interior_design_score,RATES,8.0,interior_design_score
Respondent_16,Aspect_5,interior_design_score,RATES,10.0,interior_design_score
Respondent_17,Aspect_5,interior_design_score,RATES,8.0,interior_design_score
Respondent_18,Aspect_5,interior_design_score,RATES,8.0,interior_design_score
Respondent_19,Aspect_5,interior_design_score,RATES,7.0,interior_design_score
Respondent_20,Aspect_5,interior_design_score,RATES,8.0,interior_design_score
Respondent_21,Aspect_5,interior_design_score,RATES,6.0,interior_design_score
Respondent_22,Aspect_5,interior_design_score,RATES,9.0,interior_design_score
Respondent_23,Aspect_5,interior_design_score,RATES,8.0,interior_design_score
Respondent_24,Aspect_5,interior_design_score,RATES,6.0,interior_design_score
Respondent_25,Aspect_5,interior_design_score,RATES,7.0,interior_design_score
Respondent_26,Aspect_5,interior_design_score,RATES,8.0,interior_design_score
Respondent_27,Aspect_5,interior_design_score,RATES,8.0,interior_design_score
Respondent_28,Aspect_5,interior_design_score,RATES,6.0,interior_design_score
Respondent_29,Aspect_5,interior_design_score,RATES,7.0,interior_design_score
Respondent_30,Aspect_5,interior_design_score,RATES,7.0,interior_design_score
Respondent_31,Aspect_5,interior_design_score,RATES,9.0,interior_design_score
Respondent_32,Aspect_5,interior_design_score,RATES,9.0,interior_design_score
Respondent_33,Aspect_5,interior_design_score,RATES,9.0,interior_design_score
Respondent_34,Aspect_5,interior_design_score,RATES,9.0,interior_design_score
Respondent_35,Aspect_5,interior_design_score,RATES,7.0,interior_design_score
Respondent_36,Aspect_5,interior_design_score,RATES,8.0,interior_design_score
Respondent_37,Aspect_5,interior_design_score,RATES,10.0,interior_design_score
Respondent_38,Aspect_5,interior_design_score,RATES,8.0,interior_design_score
Respondent_39,Aspect_5,interior_design_score,RATES,7.0,interior_design_score
Respondent_40,Aspect_5,interior_design_score,RATES,8.0,interior_design_score
Respondent_41,Aspect_5,interior_design_score,RATES,10.0,interior_design_score
Respondent_42,Aspect_5,interior_design_score,RATES,7.0,interior_design_score
Respondent_43,Aspect_5,interior_design_score,RATES,3.0,interior_design_score
Respondent_44,Aspect_5,interior_design_score,RATES,7.0,interior_design_score
Respondent_45,Aspect_5,interior_design_score,RATES,7.0,interior_design_score
Respondent_46,Aspect_5,interior_design_score,RATES,6.0,interior_design_score
Respondent_47,Aspect_5,interior_design_score,RATES,10.0,interior_design_score
Respondent_48,Aspect_5,interior_design_score,RATES,8.0,interior_design_score
Respondent_49,Aspect_5,interior_design_score,RATES,6.0,interior_design_score
Respondent_50,Aspect_5,interior_design_score,RATES,8.0,interior_design_score
Respondent_51,Aspect_5,interior_design_score,RATES,6.0,interior_design_score
Respondent_52,Aspect_5,interior_design_score,RATES,6.0,interior_design_score
Respondent_53,Aspect_5,interior_design_score,RATES,9.0,interior_design_score
Respondent_54,Aspect_5,interior_design_score,RATES,7.0,interior_design_score
Respondent_55,Aspect_5,interior_design_score,RATES,8.0,interior_design_score
Respondent_56,Aspect_5,interior_design_score,RATES,7.0,interior_design_score
Respondent_57,Aspect_5,interior_design_score,RATES,5.0,interior_design_score
Respondent_58,Aspect_5,interior_design_score,RATES,9.0,interior_design_score
Respondent_59,Aspect_5,interior_design_score,RATES,7.0,interior_design_score
Respondent_60,Aspect_5,interior_design_score,RATES,6.0,interior_design_score
Respondent_61,Aspect_5,interior_design_score,RATES,8.0,interior_design_score
Respondent_62,Aspect_5,interior_design_score,RATES,9.0,interior_design_score
Respondent_63,Aspect_5,interior_design_score,RATES,7.0,interior_design_score
Respondent_64,Aspect_5,interior_design_score,RATES,7.0,interior_design_score
Respondent_65,Aspect_5,interior_design_score,RATES,9.0,interior_design_score
Respondent_66,Aspect_5,interior_design_score,RATES,7.0,interior_design_score
Respondent_67,Aspect_5,interior_design_score,RATES,9.0,interior_design_score
Respondent_68,Aspect_5,interior_design_score,RATES,8.0,interior_design_score
Respondent_69,Aspect_5,interior_design_score,RATES,5.0,interior_design_score
Respondent_70,Aspect_5,interior_design_score,RATES,7.0,interior_design_score
Respondent_0,Aspect_6,smart_cockpit_score,RATES,7.0,smart_cockpit_score
Respondent_1,Aspect_6,smart_cockpit_score,RATES,7.0,smart_cockpit_score
Respondent_2,Aspect_6,smart_cockpit_score,RATES,9.0,smart_cockpit_score
Respondent_3,Aspect_6,smart_cockpit_score,RATES,7.0,smart_cockpit_score
Respondent_4,Aspect_6,smart_cockpit_score,RATES,7.0,smart_cockpit_score
Respondent_5,Aspect_6,smart_cockpit_score,RATES,6.0,smart_cockpit_score
Respondent_6,Aspect_6,smart_cockpit_score,RATES,9.0,smart_cockpit_score
Respondent_7,Aspect_6,smart_cockpit_score,RATES,7.0,smart_cockpit_score
Respondent_8,Aspect_6,smart_cockpit_score,RATES,7.0,smart_cockpit_score
Respondent_9,Aspect_6,smart_cockpit_score,RATES,5.0,smart_cockpit_score
Respondent_10,Aspect_6,smart_cockpit_score,RATES,7.0,smart_cockpit_score
Respondent_11,Aspect_6,smart_cockpit_score,RATES,5.0,smart_cockpit_score
Respondent_12,Aspect_6,smart_cockpit_score,RATES,7.0,smart_cockpit_score
Respondent_13,Aspect_6,smart_cockpit_score,RATES,5.0,smart_cockpit_score
Respondent_14,Aspect_6,smart_cockpit_score,RATES,6.0,smart_cockpit_score
Respondent_15,Aspect_6,smart_cockpit_score,RATES,7.0,smart_cockpit_score
Respondent_16,Aspect_6,smart_cockpit_score,RATES,9.0,smart_cockpit_score
Respondent_17,Aspect_6,smart_cockpit_score,RATES,9.0,smart_cockpit_score
Respondent_18,Aspect_6,smart_cockpit_score,RATES,7.0,smart_cockpit_score
Respondent_19,Aspect_6,smart_cockpit_score,RATES,7.0,smart_cockpit_score
Respondent_20,Aspect_6,smart_cockpit_score,RATES,8.0,smart_cockpit_score
Respondent_21,Aspect_6,smart_cockpit_score,RATES,3.0,smart_cockpit_score
Respondent_22,Aspect_6,smart_cockpit_score,RATES,8.0,smart_cockpit_score
Respondent_23,Aspect_6,smart_cockpit_score,RATES,9.0,smart_cockpit_score
Respondent_24,Aspect_6,smart_cockpit_score,RATES,8.0,smart_cockpit_score
Respondent_25,Aspect_6,smart_cockpit_score,RATES,7.0,smart_cockpit_score
Respondent_26,Aspect_6,smart_cockpit_score,RATES,8.0,smart_cockpit_score
Respondent_27,Aspect_6,smart_cockpit_score,RATES,8.0,smart_cockpit_score
Respondent_28,Aspect_6,smart_cockpit_score,RATES,7.0,smart_cockpit_score
Respondent_29,Aspect_6,smart_cockpit_score,RATES,7.0,smart_cockpit_score
Respondent_30,Aspect_6,smart_cockpit_score,RATES,10.0,smart_cockpit_score
Respondent_31,Aspect_6,smart_cockpit_score,RATES,8.0,smart_cockpit_score
Respondent_32,Aspect_6,smart_cockpit_score,RATES,9.0,smart_cockpit_score
Respondent_33,Aspect_6,smart_cockpit_score,RATES,8.0,smart_cockpit_score
Respondent_34,Aspect_6,smart_cockpit_score,RATES,9.0,smart_cockpit_score
Respondent_35,Aspect_6,smart_cockpit_score,RATES,8.0,smart_cockpit_score
Respondent_36,Aspect_6,smart_cockpit_score,RATES,8.0,smart_cockpit_score
Respondent_37,Aspect_6,smart_cockpit_score,RATES,8.0,smart_cockpit_score
Respondent_38,Aspect_6,smart_cockpit_score,RATES,7.0,smart_cockpit_score
Respondent_39,Aspect_6,smart_cockpit_score,RATES,7.0,smart_cockpit_score
Respondent_40,Aspect_6,smart_cockpit_score,RATES,8.0,smart_cockpit_score
Respondent_41,Aspect_6,smart_cockpit_score,RATES,6.0,smart_cockpit_score
Respondent_42,Aspect_6,smart_cockpit_score,RATES,8.0,smart_cockpit_score
Respondent_43,Aspect_6,smart_cockpit_score,RATES,5.0,smart_cockpit_score
Respondent_44,Aspect_6,smart_cockpit_score,RATES,8.0,smart_cockpit_score
Respondent_45,Aspect_6,smart_cockpit_score,RATES,7.0,smart_cockpit_score
Respondent_46,Aspect_6,smart_cockpit_score,RATES,5.0,smart_cockpit_score
Respondent_47,Aspect_6,smart_cockpit_score,RATES,8.0,smart_cockpit_score
Respondent_48,Aspect_6,smart_cockpit_score,RATES,9.0,smart_cockpit_score
Respondent_49,Aspect_6,smart_cockpit_score,RATES,3.0,smart_cockpit_score
Respondent_50,Aspect_6,smart_cockpit_score,RATES,8.0,smart_cockpit_score
Respondent_51,Aspect_6,smart_cockpit_score,RATES,2.0,smart_cockpit_score
Respondent_52,Aspect_6,smart_cockpit_score,RATES,7.0,smart_cockpit_score
Respondent_53,Aspect_6,smart_cockpit_score,RATES,8.0,smart_cockpit_score
Respondent_54,Aspect_6,smart_cockpit_score,RATES,9.0,smart_cockpit_score
Respondent_55,Aspect_6,smart_cockpit_score,RATES,9.0,smart_cockpit_score
Respondent_56,Aspect_6,smart_cockpit_score,RATES,6.0,smart_cockpit_score
Respondent_57,Aspect_6,smart_cockpit_score,RATES,6.0,smart_cockpit_score
Respondent_58,Aspect_6,smart_cockpit_score,RATES,8.0,smart_cockpit_score
Respondent_59,Aspect_6,smart_cockpit_score,RATES,5.0,smart_cockpit_score
Respondent_60,Aspect_6,smart_cockpit_score,RATES,6.0,smart_cockpit_score
Respondent_61,Aspect_6,smart_cockpit_score,RATES,7.0,smart_cockpit_score
Respondent_62,Aspect_6,smart_cockpit_score,RATES,10.0,smart_cockpit_score
Respondent_63,Aspect_6,smart_cockpit_score,RATES,6.0,smart_cockpit_score
Respondent_64,Aspect_6,smart_cockpit_score,RATES,7.0,smart_cockpit_score
Respondent_65,Aspect_6,smart_cockpit_score,RATES,1.0,smart_cockpit_score
Respondent_66,Aspect_6,smart_cockpit_score,RATES,7.0,smart_cockpit_score
Respondent_67,Aspect_6,smart_cockpit_score,RATES,6.0,smart_cockpit_score
Respondent_68,Aspect_6,smart_cockpit_score,RATES,7.0,smart_cockpit_score
Respondent_69,Aspect_6,smart_cockpit_score,RATES,5.0,smart_cockpit_score
Respondent_70,Aspect_6,smart_cockpit_score,RATES,9.0,smart_cockpit_score
Respondent_0,Aspect_7,config_value_score,RATES,7.0,config_value_score
Respondent_1,Aspect_7,config_value_score,RATES,9.0,config_value_score
Respondent_2,Aspect_7,config_value_score,RATES,8.0,config_value_score
Respondent_3,Aspect_7,config_value_score,RATES,7.0,config_value_score
Respondent_4,Aspect_7,config_value_score,RATES,8.0,config_value_score
Respondent_5,Aspect_7,config_value_score,RATES,8.0,config_value_score
Respondent_6,Aspect_7,config_value_score,RATES,9.0,config_value_score
Respondent_7,Aspect_7,config_value_score,RATES,9.0,config_value_score
Respondent_8,Aspect_7,config_value_score,RATES,8.0,config_value_score
Respondent_9,Aspect_7,config_value_score,RATES,7.0,config_value_score
Respondent_10,Aspect_7,config_value_score,RATES,8.0,config_value_score
Respondent_11,Aspect_7,config_value_score,RATES,8.0,config_value_score
Respondent_12,Aspect_7,config_value_score,RATES,8.0,config_value_score
Respondent_13,Aspect_7,config_value_score,RATES,6.0,config_value_score
Respondent_14,Aspect_7,config_value_score,RATES,4.0,config_value_score
Respondent_15,Aspect_7,config_value_score,RATES,9.0,config_value_score
Respondent_16,Aspect_7,config_value_score,RATES,6.0,config_value_score
Respondent_17,Aspect_7,config_value_score,RATES,7.0,config_value_score
Respondent_18,Aspect_7,config_value_score,RATES,8.0,config_value_score
Respondent_19,Aspect_7,config_value_score,RATES,8.0,config_value_score
Respondent_20,Aspect_7,config_value_score,RATES,8.0,config_value_score
Respondent_21,Aspect_7,config_value_score,RATES,6.0,config_value_score
Respondent_22,Aspect_7,config_value_score,RATES,7.0,config_value_score
Respondent_23,Aspect_7,config_value_score,RATES,9.0,config_value_score
Respondent_24,Aspect_7,config_value_score,RATES,8.0,config_value_score
Respondent_25,Aspect_7,config_value_score,RATES,9.0,config_value_score
Respondent_26,Aspect_7,config_value_score,RATES,8.0,config_value_score
Respondent_27,Aspect_7,config_value_score,RATES,9.0,config_value_score
Respondent_28,Aspect_7,config_value_score,RATES,7.0,config_value_score
Respondent_29,Aspect_7,config_value_score,RATES,9.0,config_value_score
Respondent_30,Aspect_7,config_value_score,RATES,7.0,config_value_score
Respondent_31,Aspect_7,config_value_score,RATES,8.0,config_value_score
Respondent_32,Aspect_7,config_value_score,RATES,8.0,config_value_score
Respondent_33,Aspect_7,config_value_score,RATES,10.0,config_value_score
Respondent_34,Aspect_7,config_value_score,RATES,8.0,config_value_score
Respondent_35,Aspect_7,config_value_score,RATES,8.0,config_value_score
Respondent_36,Aspect_7,config_value_score,RATES,6.0,config_value_score
Respondent_37,Aspect_7,config_value_score,RATES,10.0,config_value_score
Respondent_38,Aspect_7,config_value_score,RATES,6.0,config_value_score
Respondent_39,Aspect_7,config_value_score,RATES,7.0,config_value_score
Respondent_40,Aspect_7,config_value_score,RATES,6.0,config_value_score
Respondent_41,Aspect_7,config_value_score,RATES,5.0,config_value_score
Respondent_42,Aspect_7,config_value_score,RATES,9.0,config_value_score
Respondent_43,Aspect_7,config_value_score,RATES,5.0,config_value_score
Respondent_44,Aspect_7,config_value_score,RATES,9.0,config_value_score
Respondent_45,Aspect_7,config_value_score,RATES,8.0,config_value_score
Respondent_46,Aspect_7,config_value_score,RATES,7.0,config_value_score
Respondent_47,Aspect_7,config_value_score,RATES,7.0,config_value_score
Respondent_48,Aspect_7,config_value_score,RATES,8.0,config_value_score
Respondent_49,Aspect_7,config_value_score,RATES,2.0,config_value_score
Respondent_50,Aspect_7,config_value_score,RATES,10.0,config_value_score
Respondent_51,Aspect_7,config_value_score,RATES,7.0,config_value_score
Respondent_52,Aspect_7,config_value_score,RATES,8.0,config_value_score
Respondent_53,Aspect_7,config_value_score,RATES,10.0,config_value_score
Respondent_54,Aspect_7,config_value_score,RATES,8.0,config_value_score
Respondent_55,Aspect_7,config_value_score,RATES,4.0,config_value_score
Respondent_56,Aspect_7,config_value_score,RATES,8.0,config_value_score
Respondent_57,Aspect_7,config_value_score,RATES,6.0,config_value_score
Respondent_58,Aspect_7,config_value_score,RATES,8.0,config_value_score
Respondent_59,Aspect_7,config_value_score,RATES,6.0,config_value_score
Respondent_60,Aspect_7,config_value_score,RATES,8.0,config_value_score
Respondent_61,Aspect_7,config_value_score,RATES,7.0,config_value_score
Respondent_62,Aspect_7,config_value_score,RATES,8.0,config_value_score
Respondent_63,Aspect_7,config_value_score,RATES,8.0,config_value_score
Respondent_64,Aspect_7,config_value_score,RATES,7.0,config_value_score
Respondent_65,Aspect_7,config_value_score,RATES,8.0,config_value_score
Respondent_66,Aspect_7,config_value_score,RATES,8.0,config_value_score
Respondent_67,Aspect_7,config_value_score,RATES,5.0,config_value_score
Respondent_68,Aspect_7,config_value_score,RATES,4.0,config_value_score
Respondent_69,Aspect_7,config_value_score,RATES,5.0,config_value_score
Respondent_70,Aspect_7,config_value_score,RATES,7.0,config_value_score
Respondent_0,Aspect_8,vehicle_quality_score,RATES,8.0,vehicle_quality_score
Respondent_1,Aspect_8,vehicle_quality_score,RATES,8.0,vehicle_quality_score
Respondent_2,Aspect_8,vehicle_quality_score,RATES,7.0,vehicle_quality_score
Respondent_3,Aspect_8,vehicle_quality_score,RATES,8.0,vehicle_quality_score
Respondent_4,Aspect_8,vehicle_quality_score,RATES,8.0,vehicle_quality_score
Respondent_5,Aspect_8,vehicle_quality_score,RATES,6.0,vehicle_quality_score
Respondent_6,Aspect_8,vehicle_quality_score,RATES,8.0,vehicle_quality_score
Respondent_7,Aspect_8,vehicle_quality_score,RATES,7.0,vehicle_quality_score
Respondent_8,Aspect_8,vehicle_quality_score,RATES,8.0,vehicle_quality_score
Respondent_9,Aspect_8,vehicle_quality_score,RATES,6.0,vehicle_quality_score
Respondent_10,Aspect_8,vehicle_quality_score,RATES,8.0,vehicle_quality_score
Respondent_11,Aspect_8,vehicle_quality_score,RATES,7.0,vehicle_quality_score
Respondent_12,Aspect_8,vehicle_quality_score,RATES,7.0,vehicle_quality_score
Respondent_13,Aspect_8,vehicle_quality_score,RATES,9.0,vehicle_quality_score
Respondent_14,Aspect_8,vehicle_quality_score,RATES,7.0,vehicle_quality_score
Respondent_15,Aspect_8,vehicle_quality_score,RATES,7.0,vehicle_quality_score
Respondent_16,Aspect_8,vehicle_quality_score,RATES,7.0,vehicle_quality_score
Respondent_17,Aspect_8,vehicle_quality_score,RATES,8.0,vehicle_quality_score
Respondent_18,Aspect_8,vehicle_quality_score,RATES,7.0,vehicle_quality_score
Respondent_19,Aspect_8,vehicle_quality_score,RATES,6.0,vehicle_quality_score
Respondent_20,Aspect_8,vehicle_quality_score,RATES,8.0,vehicle_quality_score
Respondent_21,Aspect_8,vehicle_quality_score,RATES,8.0,vehicle_quality_score
Respondent_22,Aspect_8,vehicle_quality_score,RATES,8.0,vehicle_quality_score
Respondent_23,Aspect_8,vehicle_quality_score,RATES,9.0,vehicle_quality_score
Respondent_24,Aspect_8,vehicle_quality_score,RATES,7.0,vehicle_quality_score
Respondent_25,Aspect_8,vehicle_quality_score,RATES,7.0,vehicle_quality_score
Respondent_26,Aspect_8,vehicle_quality_score,RATES,7.0,vehicle_quality_score
Respondent_27,Aspect_8,vehicle_quality_score,RATES,7.0,vehicle_quality_score
Respondent_28,Aspect_8,vehicle_quality_score,RATES,8.0,vehicle_quality_score
Respondent_29,Aspect_8,vehicle_quality_score,RATES,9.0,vehicle_quality_score
Respondent_30,Aspect_8,vehicle_quality_score,RATES,10.0,vehicle_quality_score
Respondent_31,Aspect_8,vehicle_quality_score,RATES,8.0,vehicle_quality_score
Respondent_32,Aspect_8,vehicle_quality_score,RATES,9.0,vehicle_quality_score
Respondent_33,Aspect_8,vehicle_quality_score,RATES,9.0,vehicle_quality_score
Respondent_34,Aspect_8,vehicle_quality_score,RATES,9.0,vehicle_quality_score
Respondent_35,Aspect_8,vehicle_quality_score,RATES,9.0,vehicle_quality_score
Respondent_36,Aspect_8,vehicle_quality_score,RATES,8.0,vehicle_quality_score
Respondent_37,Aspect_8,vehicle_quality_score,RATES,6.0,vehicle_quality_score
Respondent_38,Aspect_8,vehicle_quality_score,RATES,8.0,vehicle_quality_score
Respondent_39,Aspect_8,vehicle_quality_score,RATES,7.0,vehicle_quality_score
Respondent_40,Aspect_8,vehicle_quality_score,RATES,9.0,vehicle_quality_score
Respondent_41,Aspect_8,vehicle_quality_score,RATES,5.0,vehicle_quality_score
Respondent_42,Aspect_8,vehicle_quality_score,RATES,8.0,vehicle_quality_score
Respondent_43,Aspect_8,vehicle_quality_score,RATES,6.0,vehicle_quality_score
Respondent_44,Aspect_8,vehicle_quality_score,RATES,8.0,vehicle_quality_score
Respondent_45,Aspect_8,vehicle_quality_score,RATES,7.0,vehicle_quality_score
Respondent_46,Aspect_8,vehicle_quality_score,RATES,6.0,vehicle_quality_score
Respondent_47,Aspect_8,vehicle_quality_score,RATES,8.0,vehicle_quality_score
Respondent_48,Aspect_8,vehicle_quality_score,RATES,8.0,vehicle_quality_score
Respondent_49,Aspect_8,vehicle_quality_score,RATES,6.0,vehicle_quality_score
Respondent_50,Aspect_8,vehicle_quality_score,RATES,9.0,vehicle_quality_score
Respondent_51,Aspect_8,vehicle_quality_score,RATES,5.0,vehicle_quality_score
Respondent_52,Aspect_8,vehicle_quality_score,RATES,4.0,vehicle_quality_score
Respondent_53,Aspect_8,vehicle_quality_score,RATES,8.0,vehicle_quality_score
Respondent_54,Aspect_8,vehicle_quality_score,RATES,7.0,vehicle_quality_score
Respondent_55,Aspect_8,vehicle_quality_score,RATES,6.0,vehicle_quality_score
Respondent_56,Aspect_8,vehicle_quality_score,RATES,7.0,vehicle_quality_score
Respondent_57,Aspect_8,vehicle_quality_score,RATES,4.0,vehicle_quality_score
Respondent_58,Aspect_8,vehicle_quality_score,RATES,8.0,vehicle_quality_score
Respondent_59,Aspect_8,vehicle_quality_score,RATES,7.0,vehicle_quality_score
Respondent_60,Aspect_8,vehicle_quality_score,RATES,5.0,vehicle_quality_score
Respondent_61,Aspect_8,vehicle_quality_score,RATES,8.0,vehicle_quality_score
Respondent_62,Aspect_8,vehicle_quality_score,RATES,9.0,vehicle_quality_score
Respondent_63,Aspect_8,vehicle_quality_score,RATES,8.0,vehicle_quality_score
Respondent_64,Aspect_8,vehicle_quality_score,RATES,6.0,vehicle_quality_score
Respondent_65,Aspect_8,vehicle_quality_score,RATES,8.0,vehicle_quality_score
Respondent_66,Aspect_8,vehicle_quality_score,RATES,7.0,vehicle_quality_score
Respondent_67,Aspect_8,vehicle_quality_score,RATES,5.0,vehicle_quality_score
Respondent_68,Aspect_8,vehicle_quality_score,RATES,7.0,vehicle_quality_score
Respondent_69,Aspect_8,vehicle_quality_score,RATES,5.0,vehicle_quality_score
Respondent_70,Aspect_8,vehicle_quality_score,RATES,7.0,vehicle_quality_score
Respondent_0,Aspect_9,driving_safety_score,RATES,7.0,driving_safety_score
Respondent_1,Aspect_9,driving_safety_score,RATES,6.0,driving_safety_score
Respondent_2,Aspect_9,driving_safety_score,RATES,9.0,driving_safety_score
Respondent_3,Aspect_9,driving_safety_score,RATES,8.0,driving_safety_score
Respondent_4,Aspect_9,driving_safety_score,RATES,10.0,driving_safety_score
Respondent_5,Aspect_9,driving_safety_score,RATES,7.0,driving_safety_score
Respondent_6,Aspect_9,driving_safety_score,RATES,7.0,driving_safety_score
Respondent_7,Aspect_9,driving_safety_score,RATES,7.0,driving_safety_score
Respondent_8,Aspect_9,driving_safety_score,RATES,5.0,driving_safety_score
Respondent_9,Aspect_9,driving_safety_score,RATES,7.0,driving_safety_score
Respondent_10,Aspect_9,driving_safety_score,RATES,7.0,driving_safety_score
Respondent_11,Aspect_9,driving_safety_score,RATES,5.0,driving_safety_score
Respondent_12,Aspect_9,driving_safety_score,RATES,7.0,driving_safety_score
Respondent_13,Aspect_9,driving_safety_score,RATES,7.0,driving_safety_score
Respondent_14,Aspect_9,driving_safety_score,RATES,5.0,driving_safety_score
Respondent_15,Aspect_9,driving_safety_score,RATES,7.0,driving_safety_score
Respondent_16,Aspect_9,driving_safety_score,RATES,8.0,driving_safety_score
Respondent_17,Aspect_9,driving_safety_score,RATES,7.0,driving_safety_score
Respondent_18,Aspect_9,driving_safety_score,RATES,8.0,driving_safety_score
Respondent_19,Aspect_9,driving_safety_score,RATES,7.0,driving_safety_score
Respondent_20,Aspect_9,driving_safety_score,RATES,8.0,driving_safety_score
Respondent_21,Aspect_9,driving_safety_score,RATES,6.0,driving_safety_score
Respondent_22,Aspect_9,driving_safety_score,RATES,8.0,driving_safety_score
Respondent_23,Aspect_9,driving_safety_score,RATES,9.0,driving_safety_score
Respondent_24,Aspect_9,driving_safety_score,RATES,7.0,driving_safety_score
Respondent_25,Aspect_9,driving_safety_score,RATES,5.0,driving_safety_score
Respondent_26,Aspect_9,driving_safety_score,RATES,7.0,driving_safety_score
Respondent_27,Aspect_9,driving_safety_score,RATES,7.0,driving_safety_score
Respondent_28,Aspect_9,driving_safety_score,RATES,8.0,driving_safety_score
Respondent_29,Aspect_9,driving_safety_score,RATES,8.0,driving_safety_score
Respondent_30,Aspect_9,driving_safety_score,RATES,10.0,driving_safety_score
Respondent_31,Aspect_9,driving_safety_score,RATES,5.0,driving_safety_score
Respondent_32,Aspect_9,driving_safety_score,RATES,9.0,driving_safety_score
Respondent_33,Aspect_9,driving_safety_score,RATES,10.0,driving_safety_score
Respondent_34,Aspect_9,driving_safety_score,RATES,6.0,driving_safety_score
Respondent_35,Aspect_9,driving_safety_score,RATES,8.0,driving_safety_score
Respondent_36,Aspect_9,driving_safety_score,RATES,7.0,driving_safety_score
Respondent_37,Aspect_9,driving_safety_score,RATES,8.0,driving_safety_score
Respondent_38,Aspect_9,driving_safety_score,RATES,7.0,driving_safety_score
Respondent_39,Aspect_9,driving_safety_score,RATES,7.0,driving_safety_score
Respondent_40,Aspect_9,driving_safety_score,RATES,8.0,driving_safety_score
Respondent_41,Aspect_9,driving_safety_score,RATES,10.0,driving_safety_score
Respondent_42,Aspect_9,driving_safety_score,RATES,10.0,driving_safety_score
Respondent_43,Aspect_9,driving_safety_score,RATES,5.0,driving_safety_score
Respondent_44,Aspect_9,driving_safety_score,RATES,8.0,driving_safety_score
Respondent_45,Aspect_9,driving_safety_score,RATES,7.0,driving_safety_score
Respondent_46,Aspect_9,driving_safety_score,RATES,7.0,driving_safety_score
Respondent_47,Aspect_9,driving_safety_score,RATES,8.0,driving_safety_score
Respondent_48,Aspect_9,driving_safety_score,RATES,9.0,driving_safety_score
Respondent_49,Aspect_9,driving_safety_score,RATES,5.0,driving_safety_score
Respondent_50,Aspect_9,driving_safety_score,RATES,7.0,driving_safety_score
Respondent_51,Aspect_9,driving_safety_score,RATES,3.0,driving_safety_score
Respondent_52,Aspect_9,driving_safety_score,RATES,6.0,driving_safety_score
Respondent_53,Aspect_9,driving_safety_score,RATES,10.0,driving_safety_score
Respondent_54,Aspect_9,driving_safety_score,RATES,8.0,driving_safety_score
Respondent_55,Aspect_9,driving_safety_score,RATES,8.0,driving_safety_score
Respondent_56,Aspect_9,driving_safety_score,RATES,6.0,driving_safety_score
Respondent_57,Aspect_9,driving_safety_score,RATES,6.0,driving_safety_score
Respondent_58,Aspect_9,driving_safety_score,RATES,7.0,driving_safety_score
Respondent_59,Aspect_9,driving_safety_score,RATES,6.0,driving_safety_score
Respondent_60,Aspect_9,driving_safety_score,RATES,6.0,driving_safety_score
Respondent_61,Aspect_9,driving_safety_score,RATES,7.0,driving_safety_score
Respondent_62,Aspect_9,driving_safety_score,RATES,8.0,driving_safety_score
Respondent_63,Aspect_9,driving_safety_score,RATES,6.0,driving_safety_score
Respondent_64,Aspect_9,driving_safety_score,RATES,7.0,driving_safety_score
Respondent_65,Aspect_9,driving_safety_score,RATES,6.0,driving_safety_score
Respondent_66,Aspect_9,driving_safety_score,RATES,7.0,driving_safety_score
Respondent_67,Aspect_9,driving_safety_score,RATES,7.0,driving_safety_score
Respondent_68,Aspect_9,driving_safety_score,RATES,5.0,driving_safety_score
Respondent_69,Aspect_9,driving_safety_score,RATES,6.0,driving_safety_score
Respondent_70,Aspect_9,driving_safety_score,RATES,9.0,driving_safety_score
Respondent_0,Aspect_10,riding_comfort_score,RATES,8.0,riding_comfort_score
Respondent_1,Aspect_10,riding_comfort_score,RATES,8.0,riding_comfort_score
Respondent_2,Aspect_10,riding_comfort_score,RATES,6.0,riding_comfort_score
Respondent_3,Aspect_10,riding_comfort_score,RATES,8.0,riding_comfort_score
Respondent_4,Aspect_10,riding_comfort_score,RATES,8.0,riding_comfort_score
Respondent_5,Aspect_10,riding_comfort_score,RATES,7.0,riding_comfort_score
Respondent_6,Aspect_10,riding_comfort_score,RATES,9.0,riding_comfort_score
Respondent_7,Aspect_10,riding_comfort_score,RATES,7.0,riding_comfort_score
Respondent_8,Aspect_10,riding_comfort_score,RATES,7.0,riding_comfort_score
Respondent_9,Aspect_10,riding_comfort_score,RATES,6.0,riding_comfort_score
Respondent_10,Aspect_10,riding_comfort_score,RATES,9.0,riding_comfort_score
Respondent_11,Aspect_10,riding_comfort_score,RATES,7.0,riding_comfort_score
Respondent_12,Aspect_10,riding_comfort_score,RATES,8.0,riding_comfort_score
Respondent_13,Aspect_10,riding_comfort_score,RATES,8.0,riding_comfort_score
Respondent_14,Aspect_10,riding_comfort_score,RATES,7.0,riding_comfort_score
Respondent_15,Aspect_10,riding_comfort_score,RATES,8.0,riding_comfort_score
Respondent_16,Aspect_10,riding_comfort_score,RATES,10.0,riding_comfort_score
Respondent_17,Aspect_10,riding_comfort_score,RATES,8.0,riding_comfort_score
Respondent_18,Aspect_10,riding_comfort_score,RATES,8.0,riding_comfort_score
Respondent_19,Aspect_10,riding_comfort_score,RATES,7.0,riding_comfort_score
Respondent_20,Aspect_10,riding_comfort_score,RATES,9.0,riding_comfort_score
Respondent_21,Aspect_10,riding_comfort_score,RATES,7.0,riding_comfort_score
Respondent_22,Aspect_10,riding_comfort_score,RATES,9.0,riding_comfort_score
Respondent_23,Aspect_10,riding_comfort_score,RATES,9.0,riding_comfort_score
Respondent_24,Aspect_10,riding_comfort_score,RATES,8.0,riding_comfort_score
Respondent_25,Aspect_10,riding_comfort_score,RATES,7.0,riding_comfort_score
Respondent_26,Aspect_10,riding_comfort_score,RATES,8.0,riding_comfort_score
Respondent_27,Aspect_10,riding_comfort_score,RATES,9.0,riding_comfort_score
Respondent_28,Aspect_10,riding_comfort_score,RATES,9.0,riding_comfort_score
Respondent_29,Aspect_10,riding_comfort_score,RATES,8.0,riding_comfort_score
Respondent_30,Aspect_10,riding_comfort_score,RATES,6.0,riding_comfort_score
Respondent_31,Aspect_10,riding_comfort_score,RATES,9.0,riding_comfort_score
Respondent_32,Aspect_10,riding_comfort_score,RATES,9.0,riding_comfort_score
Respondent_33,Aspect_10,riding_comfort_score,RATES,10.0,riding_comfort_score
Respondent_34,Aspect_10,riding_comfort_score,RATES,9.0,riding_comfort_score
Respondent_35,Aspect_10,riding_comfort_score,RATES,7.0,riding_comfort_score
Respondent_36,Aspect_10,riding_comfort_score,RATES,5.0,riding_comfort_score
Respondent_37,Aspect_10,riding_comfort_score,RATES,10.0,riding_comfort_score
Respondent_38,Aspect_10,riding_comfort_score,RATES,7.0,riding_comfort_score
Respondent_39,Aspect_10,riding_comfort_score,RATES,7.0,riding_comfort_score
Respondent_40,Aspect_10,riding_comfort_score,RATES,8.0,riding_comfort_score
Respondent_41,Aspect_10,riding_comfort_score,RATES,10.0,riding_comfort_score
Respondent_42,Aspect_10,riding_comfort_score,RATES,8.0,riding_comfort_score
Respondent_43,Aspect_10,riding_comfort_score,RATES,4.0,riding_comfort_score
Respondent_44,Aspect_10,riding_comfort_score,RATES,9.0,riding_comfort_score
Respondent_45,Aspect_10,riding_comfort_score,RATES,8.0,riding_comfort_score
Respondent_46,Aspect_10,riding_comfort_score,RATES,8.0,riding_comfort_score
Respondent_47,Aspect_10,riding_comfort_score,RATES,10.0,riding_comfort_score
Respondent_48,Aspect_10,riding_comfort_score,RATES,9.0,riding_comfort_score
Respondent_49,Aspect_10,riding_comfort_score,RATES,6.0,riding_comfort_score
Respondent_50,Aspect_10,riding_comfort_score,RATES,9.0,riding_comfort_score
Respondent_51,Aspect_10,riding_comfort_score,RATES,7.0,riding_comfort_score
Respondent_52,Aspect_10,riding_comfort_score,RATES,6.0,riding_comfort_score
Respondent_53,Aspect_10,riding_comfort_score,RATES,10.0,riding_comfort_score
Respondent_54,Aspect_10,riding_comfort_score,RATES,9.0,riding_comfort_score
Respondent_55,Aspect_10,riding_comfort_score,RATES,8.0,riding_comfort_score
Respondent_56,Aspect_10,riding_comfort_score,RATES,6.0,riding_comfort_score
Respondent_57,Aspect_10,riding_comfort_score,RATES,6.0,riding_comfort_score
Respondent_58,Aspect_10,riding_comfort_score,RATES,9.0,riding_comfort_score
Respondent_59,Aspect_10,riding_comfort_score,RATES,7.0,riding_comfort_score
Respondent_60,Aspect_10,riding_comfort_score,RATES,6.0,riding_comfort_score
Respondent_61,Aspect_10,riding_comfort_score,RATES,7.0,riding_comfort_score
Respondent_62,Aspect_10,riding_comfort_score,RATES,5.0,riding_comfort_score
Respondent_63,Aspect_10,riding_comfort_score,RATES,6.0,riding_comfort_score
Respondent_64,Aspect_10,riding_comfort_score,RATES,7.0,riding_comfort_score
Respondent_65,Aspect_10,riding_comfort_score,RATES,8.0,riding_comfort_score
Respondent_66,Aspect_10,riding_comfort_score,RATES,8.0,riding_comfort_score
Respondent_67,Aspect_10,riding_comfort_score,RATES,8.0,riding_comfort_score
Respondent_68,Aspect_10,riding_comfort_score,RATES,8.0,riding_comfort_score
Respondent_69,Aspect_10,riding_comfort_score,RATES,6.0,riding_comfort_score
Respondent_70,Aspect_10,riding_comfort_score,RATES,9.0,riding_comfort_score
Respondent_0,Aspect_11,operation_convenience_score,RATES,8.0,operation_convenience_score
Respondent_1,Aspect_11,operation_convenience_score,RATES,8.0,operation_convenience_score
Respondent_2,Aspect_11,operation_convenience_score,RATES,7.0,operation_convenience_score
Respondent_3,Aspect_11,operation_convenience_score,RATES,8.0,operation_convenience_score
Respondent_4,Aspect_11,operation_convenience_score,RATES,8.0,operation_convenience_score
Respondent_5,Aspect_11,operation_convenience_score,RATES,8.0,operation_convenience_score
Respondent_6,Aspect_11,operation_convenience_score,RATES,8.0,operation_convenience_score
Respondent_7,Aspect_11,operation_convenience_score,RATES,7.0,operation_convenience_score
Respondent_8,Aspect_11,operation_convenience_score,RATES,8.0,operation_convenience_score
Respondent_9,Aspect_11,operation_convenience_score,RATES,6.0,operation_convenience_score
Respondent_10,Aspect_11,operation_convenience_score,RATES,8.0,operation_convenience_score
Respondent_11,Aspect_11,operation_convenience_score,RATES,6.0,operation_convenience_score
Respondent_12,Aspect_11,operation_convenience_score,RATES,7.0,operation_convenience_score
Respondent_13,Aspect_11,operation_convenience_score,RATES,7.0,operation_convenience_score
Respondent_14,Aspect_11,operation_convenience_score,RATES,7.0,operation_convenience_score
Respondent_15,Aspect_11,operation_convenience_score,RATES,9.0,operation_convenience_score
Respondent_16,Aspect_11,operation_convenience_score,RATES,8.0,operation_convenience_score
Respondent_17,Aspect_11,operation_convenience_score,RATES,10.0,operation_convenience_score
Respondent_18,Aspect_11,operation_convenience_score,RATES,8.0,operation_convenience_score
Respondent_19,Aspect_11,operation_convenience_score,RATES,7.0,operation_convenience_score
Respondent_20,Aspect_11,operation_convenience_score,RATES,8.0,operation_convenience_score
Respondent_21,Aspect_11,operation_convenience_score,RATES,6.0,operation_convenience_score
Respondent_22,Aspect_11,operation_convenience_score,RATES,9.0,operation_convenience_score
Respondent_23,Aspect_11,operation_convenience_score,RATES,9.0,operation_convenience_score
Respondent_24,Aspect_11,operation_convenience_score,RATES,8.0,operation_convenience_score
Respondent_25,Aspect_11,operation_convenience_score,RATES,6.0,operation_convenience_score
Respondent_26,Aspect_11,operation_convenience_score,RATES,7.0,operation_convenience_score
Respondent_27,Aspect_11,operation_convenience_score,RATES,7.0,operation_convenience_score
Respondent_28,Aspect_11,operation_convenience_score,RATES,8.0,operation_convenience_score
Respondent_29,Aspect_11,operation_convenience_score,RATES,8.0,operation_convenience_score
Respondent_30,Aspect_11,operation_convenience_score,RATES,10.0,operation_convenience_score
Respondent_31,Aspect_11,operation_convenience_score,RATES,9.0,operation_convenience_score
Respondent_32,Aspect_11,operation_convenience_score,RATES,8.0,operation_convenience_score
Respondent_33,Aspect_11,operation_convenience_score,RATES,10.0,operation_convenience_score
Respondent_34,Aspect_11,operation_convenience_score,RATES,8.0,operation_convenience_score
Respondent_35,Aspect_11,operation_convenience_score,RATES,6.0,operation_convenience_score
Respondent_36,Aspect_11,operation_convenience_score,RATES,5.0,operation_convenience_score
Respondent_37,Aspect_11,operation_convenience_score,RATES,8.0,operation_convenience_score
Respondent_38,Aspect_11,operation_convenience_score,RATES,8.0,operation_convenience_score
Respondent_39,Aspect_11,operation_convenience_score,RATES,8.0,operation_convenience_score
Respondent_40,Aspect_11,operation_convenience_score,RATES,8.0,operation_convenience_score
Respondent_41,Aspect_11,operation_convenience_score,RATES,10.0,operation_convenience_score
Respondent_42,Aspect_11,operation_convenience_score,RATES,8.0,operation_convenience_score
Respondent_43,Aspect_11,operation_convenience_score,RATES,6.0,operation_convenience_score
Respondent_44,Aspect_11,operation_convenience_score,RATES,10.0,operation_convenience_score
Respondent_45,Aspect_11,operation_convenience_score,RATES,6.0,operation_convenience_score
Respondent_46,Aspect_11,operation_convenience_score,RATES,6.0,operation_convenience_score
Respondent_47,Aspect_11,operation_convenience_score,RATES,8.0,operation_convenience_score
Respondent_48,Aspect_11,operation_convenience_score,RATES,9.0,operation_convenience_score
Respondent_49,Aspect_11,operation_convenience_score,RATES,5.0,operation_convenience_score
Respondent_50,Aspect_11,operation_convenience_score,RATES,8.0,operation_convenience_score
Respondent_51,Aspect_11,operation_convenience_score,RATES,8.0,operation_convenience_score
Respondent_52,Aspect_11,operation_convenience_score,RATES,7.0,operation_convenience_score
Respondent_53,Aspect_11,operation_convenience_score,RATES,10.0,operation_convenience_score
Respondent_54,Aspect_11,operation_convenience_score,RATES,8.0,operation_convenience_score
Respondent_55,Aspect_11,operation_convenience_score,RATES,8.0,operation_convenience_score
Respondent_56,Aspect_11,operation_convenience_score,RATES,7.0,operation_convenience_score
Respondent_57,Aspect_11,operation_convenience_score,RATES,6.0,operation_convenience_score
Respondent_58,Aspect_11,operation_convenience_score,RATES,8.0,operation_convenience_score
Respondent_59,Aspect_11,operation_convenience_score,RATES,7.0,operation_convenience_score
Respondent_60,Aspect_11,operation_convenience_score,RATES,6.0,operation_convenience_score
Respondent_61,Aspect_11,operation_convenience_score,RATES,7.0,operation_convenience_score
Respondent_62,Aspect_11,operation_convenience_score,RATES,10.0,operation_convenience_score
Respondent_63,Aspect_11,operation_convenience_score,RATES,6.0,operation_convenience_score
Respondent_64,Aspect_11,operation_convenience_score,RATES,8.0,operation_convenience_score
Respondent_65,Aspect_11,operation_convenience_score,RATES,7.0,operation_convenience_score
Respondent_66,Aspect_11,operation_convenience_score,RATES,7.0,operation_convenience_score
Respondent_67,Aspect_11,operation_convenience_score,RATES,9.0,operation_convenience_score
Respondent_68,Aspect_11,operation_convenience_score,RATES,6.0,operation_convenience_score
Respondent_69,Aspect_11,operation_convenience_score,RATES,3.0,operation_convenience_score
Respondent_70,Aspect_11,operation_convenience_score,RATES,6.0,operation_convenience_score
Respondent_0,Aspect_12,service_experience_score,RATES,8.0,service_experience_score
Respondent_1,Aspect_12,service_experience_score,RATES,5.0,service_experience_score
Respondent_2,Aspect_12,service_experience_score,RATES,10.0,service_experience_score
Respondent_3,Aspect_12,service_experience_score,RATES,8.0,service_experience_score
Respondent_4,Aspect_12,service_experience_score,RATES,10.0,service_experience_score
Respondent_5,Aspect_12,service_experience_score,RATES,6.0,service_experience_score
Respondent_6,Aspect_12,service_experience_score,RATES,8.0,service_experience_score
Respondent_7,Aspect_12,service_experience_score,RATES,8.0,service_experience_score
Respondent_8,Aspect_12,service_experience_score,RATES,9.0,service_experience_score
Respondent_9,Aspect_12,service_experience_score,RATES,6.0,service_experience_score
Respondent_10,Aspect_12,service_experience_score,RATES,8.0,service_experience_score
Respondent_11,Aspect_12,service_experience_score,RATES,5.0,service_experience_score
Respondent_12,Aspect_12,service_experience_score,RATES,7.0,service_experience_score
Respondent_13,Aspect_12,service_experience_score,RATES,10.0,service_experience_score
Respondent_14,Aspect_12,service_experience_score,RATES,6.0,service_experience_score
Respondent_15,Aspect_12,service_experience_score,RATES,7.0,service_experience_score
Respondent_16,Aspect_12,service_experience_score,RATES,8.0,service_experience_score
Respondent_17,Aspect_12,service_experience_score,RATES,9.0,service_experience_score
Respondent_18,Aspect_12,service_experience_score,RATES,8.0,service_experience_score
Respondent_19,Aspect_12,service_experience_score,RATES,7.0,service_experience_score
Respondent_20,Aspect_12,service_experience_score,RATES,9.0,service_experience_score
Respondent_21,Aspect_12,service_experience_score,RATES,8.0,service_experience_score
Respondent_22,Aspect_12,service_experience_score,RATES,10.0,service_experience_score
Respondent_23,Aspect_12,service_experience_score,RATES,8.0,service_experience_score
Respondent_24,Aspect_12,service_experience_score,RATES,6.0,service_experience_score
Respondent_25,Aspect_12,service_experience_score,RATES,7.0,service_experience_score
Respondent_26,Aspect_12,service_experience_score,RATES,9.0,service_experience_score
Respondent_27,Aspect_12,service_experience_score,RATES,6.0,service_experience_score
Respondent_28,Aspect_12,service_experience_score,RATES,9.0,service_experience_score
Respondent_29,Aspect_12,service_experience_score,RATES,5.0,service_experience_score
Respondent_30,Aspect_12,service_experience_score,RATES,10.0,service_experience_score
Respondent_31,Aspect_12,service_experience_score,RATES,8.0,service_experience_score
Respondent_32,Aspect_12,service_experience_score,RATES,9.0,service_experience_score
Respondent_33,Aspect_12,service_experience_score,RATES,10.0,service_experience_score
Respondent_34,Aspect_12,service_experience_score,RATES,7.0,service_experience_score
Respondent_35,Aspect_12,service_experience_score,RATES,8.0,service_experience_score
Respondent_36,Aspect_12,service_experience_score,RATES,5.0,service_experience_score
Respondent_37,Aspect_12,service_experience_score,RATES,4.0,service_experience_score
Respondent_38,Aspect_12,service_experience_score,RATES,8.0,service_experience_score
Respondent_39,Aspect_12,service_experience_score,RATES,8.0,service_experience_score
Respondent_40,Aspect_12,service_experience_score,RATES,8.0,service_experience_score
Respondent_41,Aspect_12,service_experience_score,RATES,6.0,service_experience_score
Respondent_42,Aspect_12,service_experience_score,RATES,7.0,service_experience_score
Respondent_43,Aspect_12,service_experience_score,RATES,5.0,service_experience_score
Respondent_44,Aspect_12,service_experience_score,RATES,8.0,service_experience_score
Respondent_45,Aspect_12,service_experience_score,RATES,8.0,service_experience_score
Respondent_46,Aspect_12,service_experience_score,RATES,8.0,service_experience_score
Respondent_47,Aspect_12,service_experience_score,RATES,7.0,service_experience_score
Respondent_48,Aspect_12,service_experience_score,RATES,9.0,service_experience_score
Respondent_49,Aspect_12,service_experience_score,RATES,10.0,service_experience_score
Respondent_50,Aspect_12,service_experience_score,RATES,7.0,service_experience_score
Respondent_51,Aspect_12,service_experience_score,RATES,9.0,service_experience_score
Respondent_52,Aspect_12,service_experience_score,RATES,6.0,service_experience_score
Respondent_53,Aspect_12,service_experience_score,RATES,10.0,service_experience_score
Respondent_54,Aspect_12,service_experience_score,RATES,5.0,service_experience_score
Respondent_55,Aspect_12,service_experience_score,RATES,7.0,service_experience_score
Respondent_56,Aspect_12,service_experience_score,RATES,7.0,service_experience_score
Respondent_57,Aspect_12,service_experience_score,RATES,6.0,service_experience_score
Respondent_58,Aspect_12,service_experience_score,RATES,8.0,service_experience_score
Respondent_59,Aspect_12,service_experience_score,RATES,6.0,service_experience_score
Respondent_60,Aspect_12,service_experience_score,RATES,6.0,service_experience_score
Respondent_61,Aspect_12,service_experience_score,RATES,9.0,service_experience_score
Respondent_62,Aspect_12,service_experience_score,RATES,4.0,service_experience_score
Respondent_63,Aspect_12,service_experience_score,RATES,9.0,service_experience_score
Respondent_64,Aspect_12,service_experience_score,RATES,8.0,service_experience_score
Respondent_65,Aspect_12,service_experience_score,RATES,10.0,service_experience_score
Respondent_66,Aspect_12,service_experience_score,RATES,7.0,service_experience_score
Respondent_67,Aspect_12,service_experience_score,RATES,5.0,service_experience_score
Respondent_68,Aspect_12,service_experience_score,RATES,8.0,service_experience_score
Respondent_69,Aspect_12,service_experience_score,RATES,8.0,service_experience_score
Respondent_70,Aspect_12,service_experience_score,RATES,8.0,service_experience_score
Respondent_0,Aspect_13,driving_comfort_score,RATES,8.0,driving_comfort_score
Respondent_2,Aspect_13,driving_comfort_score,RATES,10.0,driving_comfort_score
Respondent_3,Aspect_13,driving_comfort_score,RATES,8.0,driving_comfort_score
Respondent_4,Aspect_13,driving_comfort_score,RATES,8.0,driving_comfort_score
Respondent_5,Aspect_13,driving_comfort_score,RATES,5.0,driving_comfort_score
Respondent_7,Aspect_13,driving_comfort_score,RATES,7.0,driving_comfort_score
Respondent_8,Aspect_13,driving_comfort_score,RATES,8.0,driving_comfort_score
Respondent_11,Aspect_13,driving_comfort_score,RATES,5.0,driving_comfort_score
Respondent_12,Aspect_13,driving_comfort_score,RATES,6.0,driving_comfort_score
Respondent_13,Aspect_13,driving_comfort_score,RATES,7.0,driving_comfort_score
Respondent_15,Aspect_13,driving_comfort_score,RATES,7.0,driving_comfort_score
Respondent_16,Aspect_13,driving_comfort_score,RATES,6.0,driving_comfort_score
Respondent_19,Aspect_13,driving_comfort_score,RATES,7.0,driving_comfort_score
Respondent_20,Aspect_13,driving_comfort_score,RATES,8.0,driving_comfort_score
Respondent_22,Aspect_13,driving_comfort_score,RATES,8.0,driving_comfort_score
Respondent_23,Aspect_13,driving_comfort_score,RATES,9.0,driving_comfort_score
Respondent_24,Aspect_13,driving_comfort_score,RATES,7.0,driving_comfort_score
Respondent_25,Aspect_13,driving_comfort_score,RATES,5.0,driving_comfort_score
Respondent_27,Aspect_13,driving_comfort_score,RATES,6.0,driving_comfort_score
Respondent_29,Aspect_13,driving_comfort_score,RATES,7.0,driving_comfort_score
Respondent_30,Aspect_13,driving_comfort_score,RATES,8.0,driving_comfort_score
Respondent_32,Aspect_13,driving_comfort_score,RATES,8.0,driving_comfort_score
Respondent_34,Aspect_13,driving_comfort_score,RATES,7.0,driving_comfort_score
Respondent_36,Aspect_13,driving_comfort_score,RATES,8.0,driving_comfort_score
Respondent_38,Aspect_13,driving_comfort_score,RATES,8.0,driving_comfort_score
Respondent_39,Aspect_13,driving_comfort_score,RATES,7.0,driving_comfort_score
Respondent_42,Aspect_13,driving_comfort_score,RATES,9.0,driving_comfort_score
Respondent_43,Aspect_13,driving_comfort_score,RATES,4.0,driving_comfort_score
Respondent_44,Aspect_13,driving_comfort_score,RATES,8.0,driving_comfort_score
Respondent_45,Aspect_13,driving_comfort_score,RATES,7.0,driving_comfort_score
Respondent_46,Aspect_13,driving_comfort_score,RATES,7.0,driving_comfort_score
Respondent_48,Aspect_13,driving_comfort_score,RATES,9.0,driving_comfort_score
Respondent_49,Aspect_13,driving_comfort_score,RATES,4.0,driving_comfort_score
Respondent_51,Aspect_13,driving_comfort_score,RATES,6.0,driving_comfort_score
Respondent_52,Aspect_13,driving_comfort_score,RATES,7.0,driving_comfort_score
Respondent_53,Aspect_13,driving_comfort_score,RATES,10.0,driving_comfort_score
Respondent_56,Aspect_13,driving_comfort_score,RATES,6.0,driving_comfort_score
Respondent_57,Aspect_13,driving_comfort_score,RATES,6.0,driving_comfort_score
Respondent_58,Aspect_13,driving_comfort_score,RATES,8.0,driving_comfort_score
Respondent_60,Aspect_13,driving_comfort_score,RATES,6.0,driving_comfort_score
Respondent_61,Aspect_13,driving_comfort_score,RATES,7.0,driving_comfort_score
Respondent_63,Aspect_13,driving_comfort_score,RATES,6.0,driving_comfort_score
Respondent_64,Aspect_13,driving_comfort_score,RATES,7.0,driving_comfort_score
Respondent_65,Aspect_13,driving_comfort_score,RATES,8.0,driving_comfort_score
Respondent_67,Aspect_13,driving_comfort_score,RATES,6.0,driving_comfort_score
Respondent_70,Aspect_13,driving_comfort_score,RATES,7.0,driving_comfort_score
