feature_id,name,source_column,mention_count
Feature_0,体量,13、针对外观设计中的“车型整体”方面您觉得该车型优劣点的体验是?—优秀点,2
Feature_1,形面,13、针对外观设计中的“车型整体”方面您觉得该车型优劣点的体验是?—优秀点,1
Feature_2,个性,13、针对外观设计中的“车型整体”方面您觉得该车型优劣点的体验是?—优秀点,2
Feature_3,辨识度,13、针对外观设计中的“车型整体”方面您觉得该车型优劣点的体验是?—优秀点,3
Feature_4,原创性,13、针对外观设计中的“车型整体”方面您觉得该车型优劣点的体验是?—优秀点,2
Feature_5,车身流线型,13、针对外观设计中的“车型整体”方面您觉得该车型优劣点的体验是?—优秀点,1
Feature_6,车身高度,13、针对外观设计中的“车型整体”方面您觉得该车型优劣点的体验是?—优秀点,2
Feature_7,臃肿感,13、针对外观设计中的“车型整体”方面您觉得该车型优劣点的体验是?—优秀点,1
Feature_8,前脸,13、针对外观设计中的“车型整体”方面您觉得该车型优劣点的体验是?—优秀点,1
Feature_9,定位,13、针对外观设计中的“车型整体”方面您觉得该车型优劣点的体验是?—优秀点,1
Feature_10,科技感,13、针对外观设计中的“车型整体”方面您觉得该车型优劣点的体验是?—优秀点,1
Feature_11,独特性,13、针对外观设计中的“车型整体”方面您觉得该车型优劣点的体验是?—优秀点,1
Feature_12,仿生学造型,13、针对外观设计中的“车型整体”方面您觉得该车型优劣点的体验是?—优秀点,1
Feature_13,海鸥动物力度,13、针对外观设计中的“车型整体”方面您觉得该车型优劣点的体验是?—优秀点,1
Feature_14,整体外观,13、针对外观设计中的“车型整体”方面您觉得该车型优劣点的体验是?—优秀点,1
Feature_15,银河式贯穿灯,13、针对外观设计中的“车型整体”方面您觉得该车型优劣点的体验是?—优秀点,1
Feature_16,性价比,13、针对外观设计中的“车型整体”方面您觉得该车型优劣点的体验是?—优秀点,1
Feature_17,年轻感,13、针对外观设计中的“车型整体”方面您觉得该车型优劣点的体验是?—优秀点,1
Feature_18,清新感,13、针对外观设计中的“车型整体”方面您觉得该车型优劣点的体验是?—优秀点,1
Feature_19,外观,13、针对外观设计中的“车型整体”方面您觉得该车型优劣点的体验是?—优秀点,9
Feature_20,座椅放倒功能,13、针对外观设计中的“车型整体”方面您觉得该车型优劣点的体验是?—优秀点,1
Feature_21,气垫床适配性,13、针对外观设计中的“车型整体”方面您觉得该车型优劣点的体验是?—优秀点,1
Feature_22,活动天幕,13、针对外观设计中的“车型整体”方面您觉得该车型优劣点的体验是?—优秀点,1
Feature_23,尾门储物盒,13、针对外观设计中的“车型整体”方面您觉得该车型优劣点的体验是?—优秀点,1
Feature_24,改装性,13、针对外观设计中的“车型整体”方面您觉得该车型优劣点的体验是?—优秀点,1
Feature_25,电动发罩,13、针对外观设计中的“车型整体”方面您觉得该车型优劣点的体验是?—优秀点,1
Feature_26,固定扰流板,13、针对外观设计中的“车型整体”方面您觉得该车型优劣点的体验是?—优秀点,1
Feature_27,悬浮式车顶,13、针对外观设计中的“车型整体”方面您觉得该车型优劣点的体验是?—优秀点,1
Feature_28,尾门小桌板,13、针对外观设计中的“车型整体”方面您觉得该车型优劣点的体验是?—优秀点,1
Feature_29,涉水深度,13、针对外观设计中的“车型整体”方面您觉得该车型优劣点的体验是?—优秀点,1
Feature_30,整体造型,13、针对外观设计中的“车型整体”方面您觉得该车型优劣点的体验是?—优秀点,2
Feature_31,线条感,13、针对外观设计中的“车型整体”方面您觉得该车型优劣点的体验是?—优秀点,1
Feature_32,外形颜色,13、针对外观设计中的“车型整体”方面您觉得该车型优劣点的体验是?—优秀点,1
Feature_33,稳重感,13、针对外观设计中的“车型整体”方面您觉得该车型优劣点的体验是?—优秀点,1
Feature_34,耐看性,13、针对外观设计中的“车型整体”方面您觉得该车型优劣点的体验是?—优秀点,1
Feature_35,时尚性,13、针对外观设计中的“车型整体”方面您觉得该车型优劣点的体验是?—优秀点,1
Feature_36,车身外部造型,13、针对外观设计中的“车型整体”方面您觉得该车型优劣点的体验是?—优秀点,1
Feature_37,车身比例协调性,13、针对外观设计中的“车型整体”方面您觉得该车型优劣点的体验是?—优秀点,1
Feature_38,线条设计美感,13、针对外观设计中的“车型整体”方面您觉得该车型优劣点的体验是?—优秀点,1
Feature_39,车身优雅美学,13、针对外观设计中的“车型整体”方面您觉得该车型优劣点的体验是?—优秀点,1
Feature_40,时尚感,13、针对外观设计中的“车型整体”方面您觉得该车型优劣点的体验是?—优秀点,2
Feature_41,视觉冲击力,13、针对外观设计中的“车型整体”方面您觉得该车型优劣点的体验是?—优秀点,1
Feature_42,高端感,13、针对外观设计中的“车型整体”方面您觉得该车型优劣点的体验是?—优秀点,1
Feature_43,大气感,13、针对外观设计中的“车型整体”方面您觉得该车型优劣点的体验是?—优秀点,2
Feature_44,简洁性,13、针对外观设计中的“车型整体”方面您觉得该车型优劣点的体验是?—优秀点,1
Feature_45,比例协调,13、针对外观设计中的“车型整体”方面您觉得该车型优劣点的体验是?—优秀点,1
Feature_46,低趴运动,13、针对外观设计中的“车型整体”方面您觉得该车型优劣点的体验是?—优秀点,1
Feature_47,线条流畅,13、针对外观设计中的“车型整体”方面您觉得该车型优劣点的体验是?—优秀点,1
Feature_48,高头大马,13、针对外观设计中的“车型整体”方面您觉得该车型优劣点的体验是?—优秀点,1
Feature_49,方方正正,13、针对外观设计中的“车型整体”方面您觉得该车型优劣点的体验是?—优秀点,1
Feature_50,线条协调大气,13、针对外观设计中的“车型整体”方面您觉得该车型优劣点的体验是?—优秀点,1
Feature_51,家族式设计,13、针对外观设计中的“车型整体”方面您觉得该车型优劣点的体验是?—优秀点,2
Feature_52,前后贯穿式灯光设计,13、针对外观设计中的“车型整体”方面您觉得该车型优劣点的体验是?—优秀点,1
Feature_53,隐藏式门把手,13、针对外观设计中的“车型整体”方面您觉得该车型优劣点的体验是?—优秀点,1
Feature_54,D柱角度,13、针对外观设计中的“车型整体”方面您觉得该车型优劣点的体验是?—优秀点,1
Feature_55,天青色车漆,13、针对外观设计中的“车型整体”方面您觉得该车型优劣点的体验是?—优秀点,1
Feature_56,黑白双色内饰,13、针对外观设计中的“车型整体”方面您觉得该车型优劣点的体验是?—优秀点,1
Feature_57,外造型,13、针对外观设计中的“车型整体”方面您觉得该车型优劣点的体验是?—优秀点,2
Feature_58,年轻化,13、针对外观设计中的“车型整体”方面您觉得该车型优劣点的体验是?—优秀点,1
Feature_59,激进,13、针对外观设计中的“车型整体”方面您觉得该车型优劣点的体验是?—优秀点,1
Feature_60,高级感,13、针对外观设计中的“车型整体”方面您觉得该车型优劣点的体验是?—优秀点,2
Feature_61,前卫感,13、针对外观设计中的“车型整体”方面您觉得该车型优劣点的体验是?—优秀点,1
Feature_62,方盒子,13、针对外观设计中的“车型整体”方面您觉得该车型优劣点的体验是?—优秀点,1
Feature_63,外观总体造型,13、针对外观设计中的“车型整体”方面您觉得该车型优劣点的体验是?—优秀点,1
Feature_64,创新,13、针对外观设计中的“车型整体”方面您觉得该车型优劣点的体验是?—优秀点,1
Feature_65,理想家族一体式鲨鱼形态,13、针对外观设计中的“车型整体”方面您觉得该车型优劣点的体验是?—优秀点,1
Feature_66,造型同质化,13、针对外观设计中的“车型整体”方面您觉得该车型优劣点的体验是?—优秀点,1
Feature_67,整体比例,13、针对外观设计中的“车型整体”方面您觉得该车型优劣点的体验是?—优秀点,2
Feature_68,造型,13、针对外观设计中的“车型整体”方面您觉得该车型优劣点的体验是?—优秀点,2
Feature_69,整体设计,13、针对外观设计中的“车型整体”方面您觉得该车型优劣点的体验是?—优秀点,1
Feature_70,精致性,13、针对外观设计中的“车型整体”方面您觉得该车型优劣点的体验是?—优秀点,1
Feature_71,硬朗,13、针对外观设计中的“车型整体”方面您觉得该车型优劣点的体验是?—优秀点,1
Feature_72,大气,13、针对外观设计中的“车型整体”方面您觉得该车型优劣点的体验是?—优秀点,3
Feature_73,大众审美,13、针对外观设计中的“车型整体”方面您觉得该车型优劣点的体验是?—优秀点,1
Feature_74,车身,13、针对外观设计中的“车型整体”方面您觉得该车型优劣点的体验是?—优秀点,1
Feature_75,档次,13、针对外观设计中的“车型整体”方面您觉得该车型优劣点的体验是?—优秀点,1
Feature_76,豪华感,13、针对外观设计中的“车型整体”方面您觉得该车型优劣点的体验是?—优秀点,1
Feature_77,年轻动感,13、针对外观设计中的“车型整体”方面您觉得该车型优劣点的体验是?—优秀点,1
Feature_78,方正,13、针对外观设计中的“车型整体”方面您觉得该车型优劣点的体验是?—优秀点,1
Feature_79,运动,13、针对外观设计中的“车型整体”方面您觉得该车型优劣点的体验是?—优秀点,1
Feature_80,掀背门,13、针对外观设计中的“车型整体”方面您觉得该车型优劣点的体验是?—优秀点,1
Feature_81,卡钳罩,13、针对外观设计中的“车型整体”方面您觉得该车型优劣点的体验是?—优秀点,1
Feature_82,前卫,13、针对外观设计中的“车型整体”方面您觉得该车型优劣点的体验是?—优秀点,1
Feature_83,整体风格,13、针对外观设计中的“车型整体”方面您觉得该车型优劣点的体验是?—优秀点,1
Feature_84,城市越野风,13、针对外观设计中的“车型整体”方面您觉得该车型优劣点的体验是?—优秀点,1
Feature_85,前后灯,13、针对外观设计中的“车型整体”方面您觉得该车型优劣点的体验是?—优秀点,1
Feature_86,年轻时尚,13、针对外观设计中的“车型整体”方面您觉得该车型优劣点的体验是?—优秀点,1
Feature_87,线性,13、针对外观设计中的“车型整体”方面您觉得该车型优劣点的体验是?—优秀点,1
Feature_88,简约,13、针对外观设计中的“车型整体”方面您觉得该车型优劣点的体验是?—优秀点,2
Feature_89,匀称,13、针对外观设计中的“车型整体”方面您觉得该车型优劣点的体验是?—优秀点,1
Feature_90,爆满,13、针对外观设计中的“车型整体”方面您觉得该车型优劣点的体验是?—优秀点,1
Feature_91,整体大气,13、针对外观设计中的“车型整体”方面您觉得该车型优劣点的体验是?—优秀点,1
Feature_92,尺寸,13、针对外观设计中的“车型整体”方面您觉得该车型优劣点的体验是?—优秀点,1
Feature_93,轿跑,13、针对外观设计中的“车型整体”方面您觉得该车型优劣点的体验是?—优秀点,1
Feature_94,整体尺寸,13、针对外观设计中的“车型整体”方面您觉得该车型优劣点的体验是?—优秀点,1
Feature_95,比例,13、针对外观设计中的“车型整体”方面您觉得该车型优劣点的体验是?—优秀点,1
Feature_96,面包车感,13、针对外观设计中的“车型整体”方面您觉得该车型优劣点的体验是?—优秀点,1
Feature_97,整体,13、针对外观设计中的“车型整体”方面您觉得该车型优劣点的体验是?—优秀点,1
Feature_98,一体性,13、针对外观设计中的“车型整体”方面您觉得该车型优劣点的体验是?—优秀点,1
Feature_99,精致,13、针对外观设计中的“车型整体”方面您觉得该车型优劣点的体验是?—优秀点,1
Feature_100,侧面线条,13、针对外观设计中的“车型整体”方面您觉得该车型优劣点的体验是?—优秀点,1
Feature_101,尾翼,13、针对外观设计中的“车型整体”方面您觉得该车型优劣点的体验是?—优秀点,1
Feature_102,运动性,13、针对外观设计中的“车型整体”方面您觉得该车型优劣点的体验是?—优秀点,1
Feature_103,厚重感,13、针对外观设计中的“车型整体”方面您觉得该车型优劣点的体验是?—优秀点,1
Feature_104,线条,13、针对外观设计中的“车型整体”方面您觉得该车型优劣点的体验是?—优秀点,2
Feature_105,流畅性,13、针对外观设计中的“车型整体”方面您觉得该车型优劣点的体验是?—优秀点,2
Feature_106,外形,13、针对外观设计中的“车型整体”方面您觉得该车型优劣点的体验是?—优秀点,1
Feature_107,车体格,13、针对外观设计中的“车型整体”方面您觉得该车型优劣点的体验是?—优秀点,1
Feature_108,SUV造型,13、针对外观设计中的“车型整体”方面您觉得该车型优劣点的体验是?—优秀点,1
Feature_109,发罩分缝形式,13、针对外观设计中的“车型整体”方面您觉得该车型优劣点的体验是?—优秀点,1
Feature_110,车身方正度,13、针对外观设计中的“车型整体”方面您觉得该车型优劣点的体验是?—优秀点,1
Feature_111,线条粗犷度,13、针对外观设计中的“车型整体”方面您觉得该车型优劣点的体验是?—优秀点,1
Feature_112,力量感,13、针对外观设计中的“车型整体”方面您觉得该车型优劣点的体验是?—优秀点,1
Feature_113,姿态,13、针对外观设计中的“车型整体”方面您觉得该车型优劣点的体验是?—优秀点,1
Feature_114,灯具,13、劣势点,1
Feature_115,车尾造型,13、劣势点,1
Feature_116,后尾部,13、劣势点,1
Feature_117,6坐空间,13、劣势点,1
Feature_118,仪表,13、劣势点,1
Feature_119,细节部分,13、劣势点,1
Feature_120,感官品质,13、劣势点,1
Feature_121,外造型,13、劣势点,2
Feature_122,微细节,13、劣势点,1
Feature_123,前脸,13、劣势点,4
Feature_124,隐藏式门把手,13、劣势点,2
Feature_125,开门关门声音,13、劣势点,1
Feature_126,车身外钣金件接缝处,13、劣势点,1
Feature_127,工艺管控,13、劣势点,1
Feature_128,侧面造型,13、劣势点,1
Feature_129,前备箱,13、劣势点,1
Feature_130,MPV设计,13、劣势点,1
Feature_131,车顶两侧摄像头,13、劣势点,1
Feature_132,侧面,13、劣势点,1
Feature_133,后背鲨鱼鳍,13、劣势点,1
Feature_134,整体美感,13、劣势点,1
Feature_135,造型,13、劣势点,2
Feature_136,车头,13、劣势点,1
Feature_137,车型,13、劣势点,1
Feature_138,颜色,13、劣势点,1
Feature_139,配置,13、劣势点,1
Feature_140,车高,13、劣势点,1
Feature_141,车宽,13、劣势点,1
Feature_142,设计,13、劣势点,1
Feature_143,尾部设计,13、劣势点,1
Feature_144,前脸设计,13、劣势点,1
Feature_145,尾部,13、劣势点,1
Feature_146,轮辋造型,13、劣势点,1
Feature_147,前后脸造型,13、劣势点,1
Feature_148,豪华感,13、劣势点,2
Feature_149,轮毂,13、劣势点,1
Feature_150,A柱,13、劣势点,1
Feature_151,车身形态,13、劣势点,1
Feature_152,后四窗,13、劣势点,1
Feature_153,车身线条,13、劣势点,1
Feature_154,力量感,13、劣势点,1
Feature_155,亮饰条,13、劣势点,1
Feature_156,高端感,13、劣势点,1
Feature_157,车身,13、劣势点,1
Feature_158,发动机盖,13、劣势点,1
Feature_159,分缝设计,13、劣势点,1
Feature_160,大众化,13、劣势点,1
Feature_161,特征,13、劣势点,1
Feature_162,新潮,13、劣势点,1
Feature_163,前脸灯,13、劣势点,1
Feature_164,保险杠造型,13、劣势点,1
Feature_165,细节制造工艺,13、劣势点,1
Feature_166,M9,13、劣势点,1
Feature_167,M8,13、劣势点,1
Feature_168,简约,20、针对内饰设计及质感中的“内饰设计风格与布局”方面您觉得该车型优劣点的体验是?—优秀点,5
Feature_169,轻薄,20、针对内饰设计及质感中的“内饰设计风格与布局”方面您觉得该车型优劣点的体验是?—优秀点,1
Feature_170,科技感,20、针对内饰设计及质感中的“内饰设计风格与布局”方面您觉得该车型优劣点的体验是?—优秀点,3
Feature_171,储物区域,20、针对内饰设计及质感中的“内饰设计风格与布局”方面您觉得该车型优劣点的体验是?—优秀点,1
Feature_172,控制区域,20、针对内饰设计及质感中的“内饰设计风格与布局”方面您觉得该车型优劣点的体验是?—优秀点,1
Feature_173,分布科学,20、针对内饰设计及质感中的“内饰设计风格与布局”方面您觉得该车型优劣点的体验是?—优秀点,1
Feature_174,简洁,20、针对内饰设计及质感中的“内饰设计风格与布局”方面您觉得该车型优劣点的体验是?—优秀点,5
Feature_175,装饰,20、针对内饰设计及质感中的“内饰设计风格与布局”方面您觉得该车型优劣点的体验是?—优秀点,1
Feature_176,包袱面积,20、针对内饰设计及质感中的“内饰设计风格与布局”方面您觉得该车型优劣点的体验是?—优秀点,1
Feature_177,整体感,20、针对内饰设计及质感中的“内饰设计风格与布局”方面您觉得该车型优劣点的体验是?—优秀点,1
Feature_178,环抱式,20、针对内饰设计及质感中的“内饰设计风格与布局”方面您觉得该车型优劣点的体验是?—优秀点,1
Feature_179,类翅膀造型,20、针对内饰设计及质感中的“内饰设计风格与布局”方面您觉得该车型优劣点的体验是?—优秀点,1
Feature_180,中控,20、针对内饰设计及质感中的“内饰设计风格与布局”方面您觉得该车型优劣点的体验是?—优秀点,1
Feature_181,方向盘,20、针对内饰设计及质感中的“内饰设计风格与布局”方面您觉得该车型优劣点的体验是?—优秀点,1
Feature_182,6座车型,20、针对内饰设计及质感中的“内饰设计风格与布局”方面您觉得该车型优劣点的体验是?—优秀点,1
Feature_183,布局合理,20、针对内饰设计及质感中的“内饰设计风格与布局”方面您觉得该车型优劣点的体验是?—优秀点,1
Feature_184,配色,20、针对内饰设计及质感中的“内饰设计风格与布局”方面您觉得该车型优劣点的体验是?—优秀点,1
Feature_185,豪华,20、针对内饰设计及质感中的“内饰设计风格与布局”方面您觉得该车型优劣点的体验是?—优秀点,3
Feature_186,空间大,20、针对内饰设计及质感中的“内饰设计风格与布局”方面您觉得该车型优劣点的体验是?—优秀点,1
Feature_187,内饰简洁,20、针对内饰设计及质感中的“内饰设计风格与布局”方面您觉得该车型优劣点的体验是?—优秀点,1
Feature_188,软包,20、针对内饰设计及质感中的“内饰设计风格与布局”方面您觉得该车型优劣点的体验是?—优秀点,1
Feature_189,搪塑软化处理,20、针对内饰设计及质感中的“内饰设计风格与布局”方面您觉得该车型优劣点的体验是?—优秀点,1
Feature_190,身体接触部分,20、针对内饰设计及质感中的“内饰设计风格与布局”方面您觉得该车型优劣点的体验是?—优秀点,1
Feature_191,内饰,20、针对内饰设计及质感中的“内饰设计风格与布局”方面您觉得该车型优劣点的体验是?—优秀点,3
Feature_192,塑料,20、针对内饰设计及质感中的“内饰设计风格与布局”方面您觉得该车型优劣点的体验是?—优秀点,1
Feature_193,皮质,20、针对内饰设计及质感中的“内饰设计风格与布局”方面您觉得该车型优劣点的体验是?—优秀点,1
Feature_194,整体氛围,20、针对内饰设计及质感中的“内饰设计风格与布局”方面您觉得该车型优劣点的体验是?—优秀点,1
Feature_195,仪表台,20、针对内饰设计及质感中的“内饰设计风格与布局”方面您觉得该车型优劣点的体验是?—优秀点,1
Feature_196,磁吸储物,20、针对内饰设计及质感中的“内饰设计风格与布局”方面您觉得该车型优劣点的体验是?—优秀点,1
Feature_197,简洁性,20、针对内饰设计及质感中的“内饰设计风格与布局”方面您觉得该车型优劣点的体验是?—优秀点,1
Feature_198,新能源风格,20、针对内饰设计及质感中的“内饰设计风格与布局”方面您觉得该车型优劣点的体验是?—优秀点,1
Feature_199,氛围感,20、针对内饰设计及质感中的“内饰设计风格与布局”方面您觉得该车型优劣点的体验是?—优秀点,1
Feature_200,氛围灯,20、针对内饰设计及质感中的“内饰设计风格与布局”方面您觉得该车型优劣点的体验是?—优秀点,3
Feature_201,内饰材料,20、针对内饰设计及质感中的“内饰设计风格与布局”方面您觉得该车型优劣点的体验是?—优秀点,1
Feature_202,内饰颜色,20、针对内饰设计及质感中的“内饰设计风格与布局”方面您觉得该车型优劣点的体验是?—优秀点,1
Feature_203,内饰设计,20、针对内饰设计及质感中的“内饰设计风格与布局”方面您觉得该车型优劣点的体验是?—优秀点,1
Feature_204,温馨感,20、针对内饰设计及质感中的“内饰设计风格与布局”方面您觉得该车型优劣点的体验是?—优秀点,2
Feature_205,舒适性,20、针对内饰设计及质感中的“内饰设计风格与布局”方面您觉得该车型优劣点的体验是?—优秀点,1
Feature_206,空间布局,20、针对内饰设计及质感中的“内饰设计风格与布局”方面您觉得该车型优劣点的体验是?—优秀点,1
Feature_207,尊贵,20、针对内饰设计及质感中的“内饰设计风格与布局”方面您觉得该车型优劣点的体验是?—优秀点,1
Feature_208,后备箱软包,20、针对内饰设计及质感中的“内饰设计风格与布局”方面您觉得该车型优劣点的体验是?—优秀点,1
Feature_209,IP贯穿屏,20、针对内饰设计及质感中的“内饰设计风格与布局”方面您觉得该车型优劣点的体验是?—优秀点,1
Feature_210,体验,20、针对内饰设计及质感中的“内饰设计风格与布局”方面您觉得该车型优劣点的体验是?—优秀点,1
Feature_211,真皮座椅,20、针对内饰设计及质感中的“内饰设计风格与布局”方面您觉得该车型优劣点的体验是?—优秀点,1
Feature_212,座椅加热,20、针对内饰设计及质感中的“内饰设计风格与布局”方面您觉得该车型优劣点的体验是?—优秀点,1
Feature_213,座椅电动调节,20、针对内饰设计及质感中的“内饰设计风格与布局”方面您觉得该车型优劣点的体验是?—优秀点,1
Feature_214,座椅通风,20、针对内饰设计及质感中的“内饰设计风格与布局”方面您觉得该车型优劣点的体验是?—优秀点,1
Feature_215,座椅按摩,20、针对内饰设计及质感中的“内饰设计风格与布局”方面您觉得该车型优劣点的体验是?—优秀点,1
Feature_216,电动遮阳帘,20、针对内饰设计及质感中的“内饰设计风格与布局”方面您觉得该车型优劣点的体验是?—优秀点,1
Feature_217,紫外线隔绝率,20、针对内饰设计及质感中的“内饰设计风格与布局”方面您觉得该车型优劣点的体验是?—优秀点,1
Feature_218,压缩机大冰箱,20、针对内饰设计及质感中的“内饰设计风格与布局”方面您觉得该车型优劣点的体验是?—优秀点,1
Feature_219,全功能方向盘,20、针对内饰设计及质感中的“内饰设计风格与布局”方面您觉得该车型优劣点的体验是?—优秀点,1
Feature_220,内装高级感,20、针对内饰设计及质感中的“内饰设计风格与布局”方面您觉得该车型优劣点的体验是?—优秀点,1
Feature_221,低廉感,20、针对内饰设计及质感中的“内饰设计风格与布局”方面您觉得该车型优劣点的体验是?—优秀点,1
Feature_222,内饰风格,20、针对内饰设计及质感中的“内饰设计风格与布局”方面您觉得该车型优劣点的体验是?—优秀点,1
Feature_223,操控,20、针对内饰设计及质感中的“内饰设计风格与布局”方面您觉得该车型优劣点的体验是?—优秀点,1
Feature_224,低调,20、针对内饰设计及质感中的“内饰设计风格与布局”方面您觉得该车型优劣点的体验是?—优秀点,1
Feature_225,浅色设计,20、针对内饰设计及质感中的“内饰设计风格与布局”方面您觉得该车型优劣点的体验是?—优秀点,1
Feature_226,车内明亮,20、针对内饰设计及质感中的“内饰设计风格与布局”方面您觉得该车型优劣点的体验是?—优秀点,1
Feature_227,家用,20、针对内饰设计及质感中的“内饰设计风格与布局”方面您觉得该车型优劣点的体验是?—优秀点,1
Feature_228,内饰质感,20、针对内饰设计及质感中的“内饰设计风格与布局”方面您觉得该车型优劣点的体验是?—优秀点,1
Feature_229,第三排座椅舒适性,20、针对内饰设计及质感中的“内饰设计风格与布局”方面您觉得该车型优劣点的体验是?—优秀点,1
Feature_230,车窗遮阳帘,20、针对内饰设计及质感中的“内饰设计风格与布局”方面您觉得该车型优劣点的体验是?—优秀点,1
Feature_231,内饰设计风格,20、针对内饰设计及质感中的“内饰设计风格与布局”方面您觉得该车型优劣点的体验是?—优秀点,1
Feature_232,中控台布局,20、针对内饰设计及质感中的“内饰设计风格与布局”方面您觉得该车型优劣点的体验是?—优秀点,1
Feature_233,中控显示屏,20、针对内饰设计及质感中的“内饰设计风格与布局”方面您觉得该车型优劣点的体验是?—优秀点,1
Feature_234,车辆控制功能,20、针对内饰设计及质感中的“内饰设计风格与布局”方面您觉得该车型优劣点的体验是?—优秀点,1
Feature_235,整体风格,20、针对内饰设计及质感中的“内饰设计风格与布局”方面您觉得该车型优劣点的体验是?—优秀点,1
Feature_236,bose音响,20、针对内饰设计及质感中的“内饰设计风格与布局”方面您觉得该车型优劣点的体验是?—优秀点,1
Feature_237,后排座椅加热,20、针对内饰设计及质感中的“内饰设计风格与布局”方面您觉得该车型优劣点的体验是?—优秀点,1
Feature_238,屏幕,20、针对内饰设计及质感中的“内饰设计风格与布局”方面您觉得该车型优劣点的体验是?—优秀点,1
Feature_239,空间,20、针对内饰设计及质感中的“内饰设计风格与布局”方面您觉得该车型优劣点的体验是?—优秀点,2
Feature_240,舒适,20、针对内饰设计及质感中的“内饰设计风格与布局”方面您觉得该车型优劣点的体验是?—优秀点,1
Feature_241,内饰布置,20、针对内饰设计及质感中的“内饰设计风格与布局”方面您觉得该车型优劣点的体验是?—优秀点,1
Feature_242,座椅,20、针对内饰设计及质感中的“内饰设计风格与布局”方面您觉得该车型优劣点的体验是?—优秀点,1
Feature_243,空间感,20、针对内饰设计及质感中的“内饰设计风格与布局”方面您觉得该车型优劣点的体验是?—优秀点,2
Feature_244,设计,20、针对内饰设计及质感中的“内饰设计风格与布局”方面您觉得该车型优劣点的体验是?—优秀点,1
Feature_245,大屏,20、针对内饰设计及质感中的“内饰设计风格与布局”方面您觉得该车型优劣点的体验是?—优秀点,1
Feature_246,天幕屏,20、针对内饰设计及质感中的“内饰设计风格与布局”方面您觉得该车型优劣点的体验是?—优秀点,1
Feature_247,高级感,20、针对内饰设计及质感中的“内饰设计风格与布局”方面您觉得该车型优劣点的体验是?—优秀点,1
Feature_248,乘坐体验,20、针对内饰设计及质感中的“内饰设计风格与布局”方面您觉得该车型优劣点的体验是?—优秀点,1
Feature_249,储物空间,20、针对内饰设计及质感中的“内饰设计风格与布局”方面您觉得该车型优劣点的体验是?—优秀点,1
Feature_250,设计风格,20、针对内饰设计及质感中的“内饰设计风格与布局”方面您觉得该车型优劣点的体验是?—优秀点,1
Feature_251,座位布局,20、针对内饰设计及质感中的“内饰设计风格与布局”方面您觉得该车型优劣点的体验是?—优秀点,1
Feature_252,线条,20、劣势点,1
Feature_253,做工,20、劣势点,1
Feature_254,置物,20、劣势点,1
Feature_255,内饰,20、劣势点,1
Feature_256,开关,20、劣势点,1
Feature_257,储物空间,20、劣势点,2
Feature_258,皮质,20、劣势点,1
Feature_259,仪表台,20、劣势点,1
Feature_260,按键,20、劣势点,1
Feature_261,辨识度,20、劣势点,1
Feature_262,二排过道,20、劣势点,1
Feature_263,质感,20、劣势点,1
Feature_264,方向盘,20、劣势点,1
Feature_265,座椅,20、劣势点,2
Feature_266,翻毛皮,20、劣势点,1
Feature_267,塑料部件,20、劣势点,1
Feature_268,板块体验,20、劣势点,1
Feature_269,设计,20、劣势点,1
Feature_270,空间,20、劣势点,3
Feature_271,个性,20、劣势点,1
Feature_272,前排座椅,20、劣势点,1
Feature_273,导轨,20、劣势点,1
Feature_274,仪表,20、劣势点,1
Feature_275,用料,20、劣势点,2
Feature_276,软包区域,20、劣势点,1
Feature_277,造型风格,20、劣势点,1
Feature_278,副驾前方储物格,20、劣势点,1
Feature_279,抽屉,20、劣势点,1
Feature_280,前排中间空调出风口,20、劣势点,1
Feature_281,座位数,20、劣势点,1
Feature_282,做工,21、针对内饰设计及质感中的“用料及工艺”方面您觉得该车型优劣点的体验是?—优秀点,2
Feature_283,细节处理,21、针对内饰设计及质感中的“用料及工艺”方面您觉得该车型优劣点的体验是?—优秀点,2
Feature_284,设计风格,21、针对内饰设计及质感中的“用料及工艺”方面您觉得该车型优劣点的体验是?—优秀点,1
Feature_285,科技感,21、针对内饰设计及质感中的“用料及工艺”方面您觉得该车型优劣点的体验是?—优秀点,1
Feature_286,用料,21、针对内饰设计及质感中的“用料及工艺”方面您觉得该车型优劣点的体验是?—优秀点,7
Feature_287,工艺,21、针对内饰设计及质感中的“用料及工艺”方面您觉得该车型优劣点的体验是?—优秀点,1
Feature_288,车型体验,21、针对内饰设计及质感中的“用料及工艺”方面您觉得该车型优劣点的体验是?—优秀点,1
Feature_289,包覆面积,21、针对内饰设计及质感中的“用料及工艺”方面您觉得该车型优劣点的体验是?—优秀点,1
Feature_290,气味,21、针对内饰设计及质感中的“用料及工艺”方面您觉得该车型优劣点的体验是?—优秀点,2
Feature_291,竹炭材质,21、针对内饰设计及质感中的“用料及工艺”方面您觉得该车型优劣点的体验是?—优秀点,1
Feature_292,软包,21、针对内饰设计及质感中的“用料及工艺”方面您觉得该车型优劣点的体验是?—优秀点,5
Feature_293,搪塑处理,21、针对内饰设计及质感中的“用料及工艺”方面您觉得该车型优劣点的体验是?—优秀点,1
Feature_294,一键小憩模式,21、针对内饰设计及质感中的“用料及工艺”方面您觉得该车型优劣点的体验是?—优秀点,1
Feature_295,大床模式,21、针对内饰设计及质感中的“用料及工艺”方面您觉得该车型优劣点的体验是?—优秀点,1
Feature_296,仪表台,21、针对内饰设计及质感中的“用料及工艺”方面您觉得该车型优劣点的体验是?—优秀点,1
Feature_297,仿麂皮,21、针对内饰设计及质感中的“用料及工艺”方面您觉得该车型优劣点的体验是?—优秀点,1
Feature_298,仪表台表面外观材质,21、针对内饰设计及质感中的“用料及工艺”方面您觉得该车型优劣点的体验是?—优秀点,1
Feature_299,氛围灯,21、针对内饰设计及质感中的“用料及工艺”方面您觉得该车型优劣点的体验是?—优秀点,1
Feature_300,包覆,21、针对内饰设计及质感中的“用料及工艺”方面您觉得该车型优劣点的体验是?—优秀点,1
Feature_301,化妆镜,21、针对内饰设计及质感中的“用料及工艺”方面您觉得该车型优劣点的体验是?—优秀点,2
Feature_302,座椅,21、针对内饰设计及质感中的“用料及工艺”方面您觉得该车型优劣点的体验是?—优秀点,2
Feature_303,内饰质感,21、针对内饰设计及质感中的“用料及工艺”方面您觉得该车型优劣点的体验是?—优秀点,1
Feature_304,软质覆盖,21、针对内饰设计及质感中的“用料及工艺”方面您觉得该车型优劣点的体验是?—优秀点,1
Feature_305,简洁,21、针对内饰设计及质感中的“用料及工艺”方面您觉得该车型优劣点的体验是?—优秀点,1
Feature_306,皮质,21、针对内饰设计及质感中的“用料及工艺”方面您觉得该车型优劣点的体验是?—优秀点,1
Feature_307,身体接触面真皮,21、针对内饰设计及质感中的“用料及工艺”方面您觉得该车型优劣点的体验是?—优秀点,1
Feature_308,用料品质,21、针对内饰设计及质感中的“用料及工艺”方面您觉得该车型优劣点的体验是?—优秀点,1
Feature_309,地毯用料,21、针对内饰设计及质感中的“用料及工艺”方面您觉得该车型优劣点的体验是?—优秀点,1
Feature_310,质感,21、针对内饰设计及质感中的“用料及工艺”方面您觉得该车型优劣点的体验是?—优秀点,3
Feature_311,车顶材质,21、针对内饰设计及质感中的“用料及工艺”方面您觉得该车型优劣点的体验是?—优秀点,1
Feature_312,麂皮,21、针对内饰设计及质感中的“用料及工艺”方面您觉得该车型优劣点的体验是?—优秀点,1
Feature_313,真皮舒适,21、针对内饰设计及质感中的“用料及工艺”方面您觉得该车型优劣点的体验是?—优秀点,1
Feature_314,座椅材质,21、针对内饰设计及质感中的“用料及工艺”方面您觉得该车型优劣点的体验是?—优秀点,1
Feature_315,内饰造型,21、针对内饰设计及质感中的“用料及工艺”方面您觉得该车型优劣点的体验是?—优秀点,1
Feature_316,内饰材质,21、针对内饰设计及质感中的“用料及工艺”方面您觉得该车型优劣点的体验是?—优秀点,1
Feature_317,内饰颜色,21、针对内饰设计及质感中的“用料及工艺”方面您觉得该车型优劣点的体验是?—优秀点,1
Feature_318,仪表集成,21、针对内饰设计及质感中的“用料及工艺”方面您觉得该车型优劣点的体验是?—优秀点,1
Feature_319,方向盘,21、针对内饰设计及质感中的“用料及工艺”方面您觉得该车型优劣点的体验是?—优秀点,2
Feature_320,仪表,21、针对内饰设计及质感中的“用料及工艺”方面您觉得该车型优劣点的体验是?—优秀点,1
Feature_321,门饰板,21、针对内饰设计及质感中的“用料及工艺”方面您觉得该车型优劣点的体验是?—优秀点,1
Feature_322,仪表板,21、针对内饰设计及质感中的“用料及工艺”方面您觉得该车型优劣点的体验是?—优秀点,1
Feature_323,配合间隙,21、针对内饰设计及质感中的“用料及工艺”方面您觉得该车型优劣点的体验是?—优秀点,1
Feature_324,面差,21、针对内饰设计及质感中的“用料及工艺”方面您觉得该车型优劣点的体验是?—优秀点,1
Feature_325,颜色,21、针对内饰设计及质感中的“用料及工艺”方面您觉得该车型优劣点的体验是?—优秀点,1
Feature_326,触感,21、针对内饰设计及质感中的“用料及工艺”方面您觉得该车型优劣点的体验是?—优秀点,3
Feature_327,内饰设计,21、针对内饰设计及质感中的“用料及工艺”方面您觉得该车型优劣点的体验是?—优秀点,1
Feature_328,翻毛皮,21、针对内饰设计及质感中的“用料及工艺”方面您觉得该车型优劣点的体验是?—优秀点,1
Feature_329,拉手,21、针对内饰设计及质感中的“用料及工艺”方面您觉得该车型优劣点的体验是?—优秀点,1
Feature_330,温馨感,21、针对内饰设计及质感中的“用料及工艺”方面您觉得该车型优劣点的体验是?—优秀点,1
Feature_331,高级感,21、针对内饰设计及质感中的“用料及工艺”方面您觉得该车型优劣点的体验是?—优秀点,2
Feature_332,上界,21、针对内饰设计及质感中的“用料及工艺”方面您觉得该车型优劣点的体验是?—优秀点,1
Feature_333,H5,21、针对内饰设计及质感中的“用料及工艺”方面您觉得该车型优劣点的体验是?—优秀点,1
Feature_334,门板,21、针对内饰设计及质感中的“用料及工艺”方面您觉得该车型优劣点的体验是?—优秀点,1
Feature_335,敷材料,21、针对内饰设计及质感中的“用料及工艺”方面您觉得该车型优劣点的体验是?—优秀点,1
Feature_336,实木,21、针对内饰设计及质感中的“用料及工艺”方面您觉得该车型优劣点的体验是?—优秀点,1
Feature_337,内饰,21、针对内饰设计及质感中的“用料及工艺”方面您觉得该车型优劣点的体验是?—优秀点,2
Feature_338,手感,21、针对内饰设计及质感中的“用料及工艺”方面您觉得该车型优劣点的体验是?—优秀点,2
Feature_339,触摸,21、针对内饰设计及质感中的“用料及工艺”方面您觉得该车型优劣点的体验是?—优秀点,2
Feature_340,高级,21、针对内饰设计及质感中的“用料及工艺”方面您觉得该车型优劣点的体验是?—优秀点,1
Feature_341,时尚,21、针对内饰设计及质感中的“用料及工艺”方面您觉得该车型优劣点的体验是?—优秀点,1
Feature_342,IP,21、针对内饰设计及质感中的“用料及工艺”方面您觉得该车型优劣点的体验是?—优秀点,1
Feature_343,CONSOLE,21、针对内饰设计及质感中的“用料及工艺”方面您觉得该车型优劣点的体验是?—优秀点,1
Feature_344,亮饰条,21、针对内饰设计及质感中的“用料及工艺”方面您觉得该车型优劣点的体验是?—优秀点,1
Feature_345,车内软包覆,21、针对内饰设计及质感中的“用料及工艺”方面您觉得该车型优劣点的体验是?—优秀点,1
Feature_346,车载冰箱,21、针对内饰设计及质感中的“用料及工艺”方面您觉得该车型优劣点的体验是?—优秀点,1
Feature_347,包裹性,21、针对内饰设计及质感中的“用料及工艺”方面您觉得该车型优劣点的体验是?—优秀点,1
Feature_348,设计,21、针对内饰设计及质感中的“用料及工艺”方面您觉得该车型优劣点的体验是?—优秀点,1
Feature_349,舒适性,21、针对内饰设计及质感中的“用料及工艺”方面您觉得该车型优劣点的体验是?—优秀点,1
Feature_350,喇叭网孔,21、劣势点,1
Feature_351,内饰,21、劣势点,2
Feature_352,后排座椅,21、劣势点,1
Feature_353,细节品质,21、劣势点,1
Feature_354,金属制品,21、劣势点,1
Feature_355,软包,21、劣势点,1
Feature_356,门板开关面板,21、劣势点,1
Feature_357,中控台饰板,21、劣势点,1
Feature_358,触感,21、劣势点,1
Feature_359,材质,21、劣势点,3
Feature_360,织物,21、劣势点,1
Feature_361,内饰接缝,21、劣势点,1
Feature_362,高级感,21、劣势点,1
Feature_363,按摩功能,21、劣势点,1
Feature_364,内饰布局,21、劣势点,1
Feature_365,内饰配色,21、劣势点,1
Feature_366,运动感,21、劣势点,1
Feature_367,年轻化,21、劣势点,1
Feature_368,内饰用料,21、劣势点,1
Feature_369,布料,21、劣势点,1
Feature_370,硬塑料,21、劣势点,2
Feature_371,双连屏设计,21、劣势点,1
Feature_372,创新性,21、劣势点,1
Feature_373,内饰材质,21、劣势点,1
Feature_374,质感,21、劣势点,1
Feature_375,内饰设计,21、劣势点,1
Feature_376,整体协调性,21、劣势点,1
Feature_377,用料,21、劣势点,3
Feature_378,按键面板设计,21、劣势点,1
Feature_379,IP台,21、劣势点,1
Feature_380,翻毛皮,21、劣势点,1
Feature_381,低档软包覆感,21、劣势点,1
Feature_382,做工,21、劣势点,1
Feature_383,精细感,21、劣势点,1
Feature_384,仪表台镀铬饰条,21、劣势点,1
Feature_385,年轻的新潮要求,21、劣势点,1
Feature_386,硬质材质,21、劣势点,1
Feature_387,软包用料,21、劣势点,1
Feature_388,仿皮座椅,21、劣势点,1
Feature_389,第三排空间,21、劣势点,1
Feature_390,Console,21、劣势点,1
Feature_391,门板,21、劣势点,1
Feature_392,顶棚,21、劣势点,1
Feature_393,工艺,21、劣势点,1
Feature_394,唤醒,31、针对针对智能座舱中的“语音助手”方面您觉得该车型优劣点的体验是?—优秀点,1
Feature_395,语音识别,31、针对针对智能座舱中的“语音助手”方面您觉得该车型优劣点的体验是?—优秀点,1
Feature_396,响应速度,31、针对针对智能座舱中的“语音助手”方面您觉得该车型优劣点的体验是?—优秀点,3
Feature_397,功能多样性,31、针对针对智能座舱中的“语音助手”方面您觉得该车型优劣点的体验是?—优秀点,1
Feature_398,AI形象,31、针对针对智能座舱中的“语音助手”方面您觉得该车型优劣点的体验是?—优秀点,1
Feature_399,拾音分区,31、针对针对智能座舱中的“语音助手”方面您觉得该车型优劣点的体验是?—优秀点,1
Feature_400,语音交互,31、针对针对智能座舱中的“语音助手”方面您觉得该车型优劣点的体验是?—优秀点,1
Feature_401,执行能力,31、针对针对智能座舱中的“语音助手”方面您觉得该车型优劣点的体验是?—优秀点,1
Feature_402,卡顿,31、针对针对智能座舱中的“语音助手”方面您觉得该车型优劣点的体验是?—优秀点,1
Feature_403,泛化能力,31、针对针对智能座舱中的“语音助手”方面您觉得该车型优劣点的体验是?—优秀点,1
Feature_404,模糊语义理解,31、针对针对智能座舱中的“语音助手”方面您觉得该车型优劣点的体验是?—优秀点,1
Feature_405,多音乐联动,31、针对针对智能座舱中的“语音助手”方面您觉得该车型优劣点的体验是?—优秀点,1
Feature_406,导航联动,31、针对针对智能座舱中的“语音助手”方面您觉得该车型优劣点的体验是?—优秀点,1
Feature_407,AI联动功能,31、针对针对智能座舱中的“语音助手”方面您觉得该车型优劣点的体验是?—优秀点,1
Feature_408,网络依赖,31、针对针对智能座舱中的“语音助手”方面您觉得该车型优劣点的体验是?—优秀点,1
Feature_409,语音助手优势,31、针对针对智能座舱中的“语音助手”方面您觉得该车型优劣点的体验是?—优秀点,1
Feature_410,语音唤醒,31、针对针对智能座舱中的“语音助手”方面您觉得该车型优劣点的体验是?—优秀点,1
Feature_411,屏幕自动熄屏,31、针对针对智能座舱中的“语音助手”方面您觉得该车型优劣点的体验是?—优秀点,1
Feature_412,主界面图标,31、针对针对智能座舱中的“语音助手”方面您觉得该车型优劣点的体验是?—优秀点,1
Feature_413,应用,31、针对针对智能座舱中的“语音助手”方面您觉得该车型优劣点的体验是?—优秀点,1
Feature_414,识别准确,31、针对针对智能座舱中的“语音助手”方面您觉得该车型优劣点的体验是?—优秀点,1
Feature_415,可分区识别,31、针对针对智能座舱中的“语音助手”方面您觉得该车型优劣点的体验是?—优秀点,1
Feature_416,复杂识别,31、针对针对智能座舱中的“语音助手”方面您觉得该车型优劣点的体验是?—优秀点,1
Feature_417,NOMI形象外显互动,31、针对针对智能座舱中的“语音助手”方面您觉得该车型优劣点的体验是?—优秀点,1
Feature_418,反应灵敏,31、针对针对智能座舱中的“语音助手”方面您觉得该车型优劣点的体验是?—优秀点,1
Feature_419,反应准确,31、针对针对智能座舱中的“语音助手”方面您觉得该车型优劣点的体验是?—优秀点,1
Feature_420,语音交互流畅,31、针对针对智能座舱中的“语音助手”方面您觉得该车型优劣点的体验是?—优秀点,1
Feature_421,语音交互精准,31、针对针对智能座舱中的“语音助手”方面您觉得该车型优劣点的体验是?—优秀点,1
Feature_422,基本控制功能响应,31、针对针对智能座舱中的“语音助手”方面您觉得该车型优劣点的体验是?—优秀点,1
Feature_423,语音增强,31、针对针对智能座舱中的“语音助手”方面您觉得该车型优劣点的体验是?—优秀点,1
Feature_424,语音助手响应速度,31、针对针对智能座舱中的“语音助手”方面您觉得该车型优劣点的体验是?—优秀点,2
Feature_425,多指令并发执行,31、针对针对智能座舱中的“语音助手”方面您觉得该车型优劣点的体验是?—优秀点,1
Feature_426,识别灵敏度,31、针对针对智能座舱中的“语音助手”方面您觉得该车型优劣点的体验是?—优秀点,1
Feature_427,连续指令支持,31、针对针对智能座舱中的“语音助手”方面您觉得该车型优劣点的体验是?—优秀点,1
Feature_428,流畅性,31、针对针对智能座舱中的“语音助手”方面您觉得该车型优劣点的体验是?—优秀点,1
Feature_429,语音交互回复打断响应,31、针对针对智能座舱中的“语音助手”方面您觉得该车型优劣点的体验是?—优秀点,1
Feature_430,语音助手回复中打断提问响应,31、针对针对智能座舱中的“语音助手”方面您觉得该车型优劣点的体验是?—优秀点,1
Feature_431,可见即可说,31、针对针对智能座舱中的“语音助手”方面您觉得该车型优劣点的体验是?—优秀点,1
Feature_432,连续对话,31、针对针对智能座舱中的“语音助手”方面您觉得该车型优劣点的体验是?—优秀点,1
Feature_433,语音灵敏度,31、针对针对智能座舱中的“语音助手”方面您觉得该车型优劣点的体验是?—优秀点,1
Feature_434,语音反应,31、针对针对智能座舱中的“语音助手”方面您觉得该车型优劣点的体验是?—优秀点,1
Feature_435,灵敏度,31、针对针对智能座舱中的“语音助手”方面您觉得该车型优劣点的体验是?—优秀点,1
Feature_436,语音启动智驾,31、针对针对智能座舱中的“语音助手”方面您觉得该车型优劣点的体验是?—优秀点,1
Feature_437,智驾功能设置,31、针对针对智能座舱中的“语音助手”方面您觉得该车型优劣点的体验是?—优秀点,1
Feature_438,响应水平,31、针对针对智能座舱中的“语音助手”方面您觉得该车型优劣点的体验是?—优秀点,1
Feature_439,Nomi情绪价值,31、针对针对智能座舱中的“语音助手”方面您觉得该车型优劣点的体验是?—优秀点,1
Feature_440,自然语言理解力,31、针对针对智能座舱中的“语音助手”方面您觉得该车型优劣点的体验是?—优秀点,1
Feature_441,指令理解,31、针对针对智能座舱中的“语音助手”方面您觉得该车型优劣点的体验是?—优秀点,1
Feature_442,交互能力,31、针对针对智能座舱中的“语音助手”方面您觉得该车型优劣点的体验是?—优秀点,1
Feature_443,反应速度,31、劣势点,1
Feature_444,理解能力,31、劣势点,1
Feature_445,拒识率,31、劣势点,1
Feature_446,识别准确率,31、劣势点,1
Feature_447,响应速度,31、劣势点,1
Feature_448,同质化,31、劣势点,1
Feature_449,唤醒率,31、劣势点,1
Feature_450,唤醒响应,31、劣势点,1
Feature_451,语音对话响应速度,31、劣势点,1
Feature_452,语音识别准确率,31、劣势点,1
Feature_453,连续对话识别,31、劣势点,1
Feature_454,误识别,31、劣势点,1
Feature_455,NFC钥匙,31、劣势点,1
Feature_456,UWB钥匙,31、劣势点,1
Feature_457,车机任务,31、劣势点,1
Feature_458,高级功能,31、劣势点,1
Feature_459,触发灵敏度,31、劣势点,1
Feature_460,乘坐舒适性,59、针对乘坐舒适中的“座椅舒适性”方面您觉得该车型优劣点的体验是？—优秀点,1
Feature_461,座椅躺平功能,59、针对乘坐舒适中的“座椅舒适性”方面您觉得该车型优劣点的体验是？—优秀点,1
Feature_462,座椅包裹感,59、针对乘坐舒适中的“座椅舒适性”方面您觉得该车型优劣点的体验是？—优秀点,1
Feature_463,驾驶侧翼承托,59、针对乘坐舒适中的“座椅舒适性”方面您觉得该车型优劣点的体验是？—优秀点,1
Feature_464,座椅舒适度,59、针对乘坐舒适中的“座椅舒适性”方面您觉得该车型优劣点的体验是？—优秀点,2
Feature_465,座椅包裹性,59、针对乘坐舒适中的“座椅舒适性”方面您觉得该车型优劣点的体验是？—优秀点,1
Feature_466,座椅按摩功能,59、针对乘坐舒适中的“座椅舒适性”方面您觉得该车型优劣点的体验是？—优秀点,1
Feature_467,座椅尺寸,59、针对乘坐舒适中的“座椅舒适性”方面您觉得该车型优劣点的体验是？—优秀点,1
Feature_468,主副驾座椅记忆,59、针对乘坐舒适中的“座椅舒适性”方面您觉得该车型优劣点的体验是？—优秀点,1
Feature_469,副驾腿托,59、针对乘坐舒适中的“座椅舒适性”方面您觉得该车型优劣点的体验是？—优秀点,1
Feature_470,座椅包覆感,59、针对乘坐舒适中的“座椅舒适性”方面您觉得该车型优劣点的体验是？—优秀点,1
Feature_471,主驾座椅按摩,59、针对乘坐舒适中的“座椅舒适性”方面您觉得该车型优劣点的体验是？—优秀点,1
Feature_472,包裹性,59、针对乘坐舒适中的“座椅舒适性”方面您觉得该车型优劣点的体验是？—优秀点,6
Feature_473,侧面支撑,59、针对乘坐舒适中的“座椅舒适性”方面您觉得该车型优劣点的体验是？—优秀点,1
Feature_474,零重力座椅,59、针对乘坐舒适中的“座椅舒适性”方面您觉得该车型优劣点的体验是？—优秀点,3
Feature_475,材质,59、针对乘坐舒适中的“座椅舒适性”方面您觉得该车型优劣点的体验是？—优秀点,1
Feature_476,舒适性,59、针对乘坐舒适中的“座椅舒适性”方面您觉得该车型优劣点的体验是？—优秀点,4
Feature_477,支撑性,59、针对乘坐舒适中的“座椅舒适性”方面您觉得该车型优劣点的体验是？—优秀点,1
Feature_478,软硬,59、针对乘坐舒适中的“座椅舒适性”方面您觉得该车型优劣点的体验是？—优秀点,1
Feature_479,柔软,59、针对乘坐舒适中的“座椅舒适性”方面您觉得该车型优劣点的体验是？—优秀点,1
Feature_480,舒适,59、针对乘坐舒适中的“座椅舒适性”方面您觉得该车型优劣点的体验是？—优秀点,1
Feature_481,功能,59、针对乘坐舒适中的“座椅舒适性”方面您觉得该车型优劣点的体验是？—优秀点,1
Feature_482,久坐舒适,59、针对乘坐舒适中的“座椅舒适性”方面您觉得该车型优劣点的体验是？—优秀点,1
Feature_483,头枕,59、针对乘坐舒适中的“座椅舒适性”方面您觉得该车型优劣点的体验是？—优秀点,2
Feature_484,通风,59、针对乘坐舒适中的“座椅舒适性”方面您觉得该车型优劣点的体验是？—优秀点,1
Feature_485,按摩,59、针对乘坐舒适中的“座椅舒适性”方面您觉得该车型优劣点的体验是？—优秀点,1
Feature_486,加热,59、针对乘坐舒适中的“座椅舒适性”方面您觉得该车型优劣点的体验是？—优秀点,1
Feature_487,面料品质,59、针对乘坐舒适中的“座椅舒适性”方面您觉得该车型优劣点的体验是？—优秀点,1
Feature_488,包裹感,59、针对乘坐舒适中的“座椅舒适性”方面您觉得该车型优劣点的体验是？—优秀点,1
Feature_489,座椅,59、针对乘坐舒适中的“座椅舒适性”方面您觉得该车型优劣点的体验是？—优秀点,11
Feature_490,后排座椅,59、针对乘坐舒适中的“座椅舒适性”方面您觉得该车型优劣点的体验是？—优秀点,2
Feature_491,按摩功能,59、针对乘坐舒适中的“座椅舒适性”方面您觉得该车型优劣点的体验是？—优秀点,2
Feature_492,座椅按摩,59、针对乘坐舒适中的“座椅舒适性”方面您觉得该车型优劣点的体验是？—优秀点,3
Feature_493,座椅通风,59、针对乘坐舒适中的“座椅舒适性”方面您觉得该车型优劣点的体验是？—优秀点,2
Feature_494,座椅加热,59、针对乘坐舒适中的“座椅舒适性”方面您觉得该车型优劣点的体验是？—优秀点,1
Feature_495,座椅软硬,59、针对乘坐舒适中的“座椅舒适性”方面您觉得该车型优劣点的体验是？—优秀点,1
Feature_496,座椅支撑,59、针对乘坐舒适中的“座椅舒适性”方面您觉得该车型优劣点的体验是？—优秀点,2
Feature_497,座垫软硬,59、针对乘坐舒适中的“座椅舒适性”方面您觉得该车型优劣点的体验是？—优秀点,3
Feature_498,后排座椅放倒角度,59、针对乘坐舒适中的“座椅舒适性”方面您觉得该车型优劣点的体验是？—优秀点,1
Feature_499,二排舒适度,59、针对乘坐舒适中的“座椅舒适性”方面您觉得该车型优劣点的体验是？—优秀点,1
Feature_500,功能板块布局,59、针对乘坐舒适中的“座椅舒适性”方面您觉得该车型优劣点的体验是？—优秀点,1
Feature_501,易用性,59、针对乘坐舒适中的“座椅舒适性”方面您觉得该车型优劣点的体验是？—优秀点,1
Feature_502,座椅舒适性,59、针对乘坐舒适中的“座椅舒适性”方面您觉得该车型优劣点的体验是？—优秀点,1
Feature_503,空间宽松感,59、针对乘坐舒适中的“座椅舒适性”方面您觉得该车型优劣点的体验是？—优秀点,1
Feature_504,座椅按摩效果,59、针对乘坐舒适中的“座椅舒适性”方面您觉得该车型优劣点的体验是？—优秀点,1
Feature_505,腿部空间,59、针对乘坐舒适中的“座椅舒适性”方面您觉得该车型优劣点的体验是？—优秀点,1
Feature_506,主驾座椅,59、针对乘坐舒适中的“座椅舒适性”方面您觉得该车型优劣点的体验是？—优秀点,1
Feature_507,副驾座椅,59、针对乘坐舒适中的“座椅舒适性”方面您觉得该车型优劣点的体验是？—优秀点,1
Feature_508,儿童座椅,59、针对乘坐舒适中的“座椅舒适性”方面您觉得该车型优劣点的体验是？—优秀点,1
Feature_509,靠枕,59、针对乘坐舒适中的“座椅舒适性”方面您觉得该车型优劣点的体验是？—优秀点,1
Feature_510,座椅乘托性,59、针对乘坐舒适中的“座椅舒适性”方面您觉得该车型优劣点的体验是？—优秀点,1
Feature_511,0重力座椅,59、针对乘坐舒适中的“座椅舒适性”方面您觉得该车型优劣点的体验是？—优秀点,1
Feature_512,柔软度,59、针对乘坐舒适中的“座椅舒适性”方面您觉得该车型优劣点的体验是？—优秀点,1
Feature_513,头枕可拆卸性,59、针对乘坐舒适中的“座椅舒适性”方面您觉得该车型优劣点的体验是？—优秀点,1
Feature_514,前两排座椅,59、劣势点,1
Feature_515,前排座椅,59、劣势点,1
Feature_516,零重力功能,59、劣势点,1
Feature_517,二排座椅,59、劣势点,2
Feature_518,过道板扶手,59、劣势点,1
Feature_519,三排座椅,59、劣势点,1
Feature_520,座椅头枕,59、劣势点,1
Feature_521,腿部支撑,59、劣势点,1
Feature_522,座椅高度,59、劣势点,1
Feature_523,座椅长度,59、劣势点,2
Feature_524,座椅柔软度,59、劣势点,1
Feature_525,按摩功能,59、劣势点,2
Feature_526,座椅材质,59、劣势点,2
Feature_527,真皮,59、劣势点,1
Feature_528,皮质感,59、劣势点,1
Feature_529,承托,59、劣势点,1
Feature_530,6座布局,59、劣势点,1
Feature_531,车内空间,59、劣势点,1
Feature_532,腿托,59、劣势点,2
Feature_533,支撑,59、劣势点,1
Feature_534,座椅硬度,59、劣势点,2
Feature_535,座椅表面,59、劣势点,1
Feature_536,褶皱,59、劣势点,1
Feature_537,缝线,59、劣势点,1
Feature_538,缝线品质,59、劣势点,1
Feature_539,脚托,59、劣势点,1
Feature_540,Y向空间,59、劣势点,1
Feature_541,按摩力度,59、劣势点,1
Feature_542,坐垫按摩,59、劣势点,1
Feature_543,包裹性,59、劣势点,2
Feature_544,后排坐垫高度,59、劣势点,1
Feature_545,三排座椅靠背硬度,59、劣势点,1
Feature_546,靠背硬度,59、劣势点,1
Feature_547,座垫长度,59、劣势点,1
Feature_548,座椅,59、劣势点,2
Feature_549,后排屏幕,59、劣势点,1
Feature_550,三排头枕,59、劣势点,1
Feature_551,二排扶手,59、劣势点,1
Feature_552,后排靠背角度,59、劣势点,1
Feature_553,空间,59、劣势点,1
Feature_554,舒适性,59、劣势点,1
Feature_555,软硬,59、劣势点,1
Feature_556,前排座椅肩部,59、劣势点,1
Feature_557,后排外观,59、劣势点,1
Feature_558,美观,59、劣势点,1
Feature_559,全包围感,59、劣势点,1
Feature_560,侧板,59、劣势点,1
Feature_561,上下车体验,59、劣势点,1
Feature_562,座椅透气性,59、劣势点,1
Feature_563,悬架,59、劣势点,1
Feature_564,用料,59、劣势点,1
Feature_565,前备箱,68、针对操作便利中的“储物空间”方面您觉得该车型优劣点的体验是？—优秀点,4
Feature_566,布局,68、针对操作便利中的“储物空间”方面您觉得该车型优劣点的体验是？—优秀点,1
Feature_567,尺寸,68、针对操作便利中的“储物空间”方面您觉得该车型优劣点的体验是？—优秀点,1
Feature_568,操作,68、针对操作便利中的“储物空间”方面您觉得该车型优劣点的体验是？—优秀点,2
Feature_569,地图袋,68、针对操作便利中的“储物空间”方面您觉得该车型优劣点的体验是？—优秀点,1
Feature_570,伞槽,68、针对操作便利中的“储物空间”方面您觉得该车型优劣点的体验是？—优秀点,1
Feature_571,前排储物箱,68、针对操作便利中的“储物空间”方面您觉得该车型优劣点的体验是？—优秀点,1
Feature_572,冰箱,68、针对操作便利中的“储物空间”方面您觉得该车型优劣点的体验是？—优秀点,1
Feature_573,储物空间,68、针对操作便利中的“储物空间”方面您觉得该车型优劣点的体验是？—优秀点,9
Feature_574,空间,68、针对操作便利中的“储物空间”方面您觉得该车型优劣点的体验是？—优秀点,2
Feature_575,前仓储物空间,68、针对操作便利中的“储物空间”方面您觉得该车型优劣点的体验是？—优秀点,1
Feature_576,后背箱,68、针对操作便利中的“储物空间”方面您觉得该车型优劣点的体验是？—优秀点,1
Feature_577,前机舱储物空间,68、针对操作便利中的“储物空间”方面您觉得该车型优劣点的体验是？—优秀点,1
Feature_578,四门储物空间,68、针对操作便利中的“储物空间”方面您觉得该车型优劣点的体验是？—优秀点,1
Feature_579,后排座椅靠背放倒储物空间,68、针对操作便利中的“储物空间”方面您觉得该车型优劣点的体验是？—优秀点,1
Feature_580,前备箱储物盒,68、针对操作便利中的“储物空间”方面您觉得该车型优劣点的体验是？—优秀点,1
Feature_581,备胎池下面的储物盒,68、针对操作便利中的“储物空间”方面您觉得该车型优劣点的体验是？—优秀点,1
Feature_582,后备箱,68、针对操作便利中的“储物空间”方面您觉得该车型优劣点的体验是？—优秀点,2
Feature_583,冰箱扶手箱,68、针对操作便利中的“储物空间”方面您觉得该车型优劣点的体验是？—优秀点,1
Feature_584,三排折叠后长物件储物,68、针对操作便利中的“储物空间”方面您觉得该车型优劣点的体验是？—优秀点,1
Feature_585,副仪表板,68、针对操作便利中的“储物空间”方面您觉得该车型优劣点的体验是？—优秀点,1
Feature_586,二排座椅,68、针对操作便利中的“储物空间”方面您觉得该车型优劣点的体验是？—优秀点,1
Feature_587,门板储物空间,68、针对操作便利中的“储物空间”方面您觉得该车型优劣点的体验是？—优秀点,1
Feature_588,第三排空间,68、针对操作便利中的“储物空间”方面您觉得该车型优劣点的体验是？—优秀点,1
Feature_589,后备厢空间,68、针对操作便利中的“储物空间”方面您觉得该车型优劣点的体验是？—优秀点,1
Feature_590,尾箱空间,68、针对操作便利中的“储物空间”方面您觉得该车型优劣点的体验是？—优秀点,1
Feature_591,行李箱,68、劣势点,2
Feature_592,方向盘开关,68、劣势点,1
Feature_593,按键,68、劣势点,1
Feature_594,副驾储物盒,68、劣势点,1
Feature_595,副仪表置杯架,68、劣势点,1
Feature_596,后排座椅,68、劣势点,1
Feature_597,后备箱,68、劣势点,1
Feature_598,中控,68、劣势点,1
Feature_599,小冰箱,68、劣势点,1
Feature_600,储物空间,68、劣势点,2
Feature_601,三排座椅,68、劣势点,1
Feature_602,行李厢,68、劣势点,2
Feature_603,副驾储物箱,68、劣势点,1
Feature_604,后备箱空间,68、劣势点,1
Feature_605,冰箱,68、劣势点,1
Feature_606,console储物空间,68、劣势点,1
Feature_607,车辆功能,77、针对服务体验中的“接待与专业性”方面您觉得该车型优劣点的体验是？—优秀点,1
Feature_608,使用方式,77、针对服务体验中的“接待与专业性”方面您觉得该车型优劣点的体验是？—优秀点,1
Feature_609,试乘试驾,77、针对服务体验中的“接待与专业性”方面您觉得该车型优劣点的体验是？—优秀点,1
Feature_610,服务,77、针对服务体验中的“接待与专业性”方面您觉得该车型优劣点的体验是？—优秀点,1
Feature_611,讲解,77、针对服务体验中的“接待与专业性”方面您觉得该车型优劣点的体验是？—优秀点,6
Feature_612,产品热爱,77、针对服务体验中的“接待与专业性”方面您觉得该车型优劣点的体验是？—优秀点,1
Feature_613,自信心,77、针对服务体验中的“接待与专业性”方面您觉得该车型优劣点的体验是？—优秀点,1
Feature_614,展示,77、针对服务体验中的“接待与专业性”方面您觉得该车型优劣点的体验是？—优秀点,1
Feature_615,热情,77、针对服务体验中的“接待与专业性”方面您觉得该车型优劣点的体验是？—优秀点,5
Feature_616,车展介绍,77、针对服务体验中的“接待与专业性”方面您觉得该车型优劣点的体验是？—优秀点,1
Feature_617,接待,77、针对服务体验中的“接待与专业性”方面您觉得该车型优劣点的体验是？—优秀点,7
Feature_618,讲解服务,77、针对服务体验中的“接待与专业性”方面您觉得该车型优劣点的体验是？—优秀点,1
Feature_619,产品功能熟悉度,77、针对服务体验中的“接待与专业性”方面您觉得该车型优劣点的体验是？—优秀点,1
Feature_620,亲和力,77、针对服务体验中的“接待与专业性”方面您觉得该车型优劣点的体验是？—优秀点,1
Feature_621,销售人员,77、针对服务体验中的“接待与专业性”方面您觉得该车型优劣点的体验是？—优秀点,1
Feature_622,预约,77、针对服务体验中的“接待与专业性”方面您觉得该车型优劣点的体验是？—优秀点,1
Feature_623,上门服务,77、针对服务体验中的“接待与专业性”方面您觉得该车型优劣点的体验是？—优秀点,1
Feature_624,接待人员,77、针对服务体验中的“接待与专业性”方面您觉得该车型优劣点的体验是？—优秀点,1
Feature_625,车辆配置,77、针对服务体验中的“接待与专业性”方面您觉得该车型优劣点的体验是？—优秀点,1
Feature_626,国家政策,77、针对服务体验中的“接待与专业性”方面您觉得该车型优劣点的体验是？—优秀点,1
Feature_627,税收,77、针对服务体验中的“接待与专业性”方面您觉得该车型优劣点的体验是？—优秀点,1
Feature_628,用户利益,77、针对服务体验中的“接待与专业性”方面您觉得该车型优劣点的体验是？—优秀点,1
Feature_629,前机舱储物空间,77、针对服务体验中的“接待与专业性”方面您觉得该车型优劣点的体验是？—优秀点,1
Feature_630,语音助手,77、针对服务体验中的“接待与专业性”方面您觉得该车型优劣点的体验是？—优秀点,1
Feature_631,座椅乘坐舒适性,77、针对服务体验中的“接待与专业性”方面您觉得该车型优劣点的体验是？—优秀点,1
Feature_632,接待讲解,77、针对服务体验中的“接待与专业性”方面您觉得该车型优劣点的体验是？—优秀点,1
Feature_633,产品卖点,77、针对服务体验中的“接待与专业性”方面您觉得该车型优劣点的体验是？—优秀点,1
Feature_634,试驾,77、针对服务体验中的“接待与专业性”方面您觉得该车型优劣点的体验是？—优秀点,1
Feature_635,特斯拉车主,77、针对服务体验中的“接待与专业性”方面您觉得该车型优劣点的体验是？—优秀点,1
Feature_636,车辆熟悉度,77、针对服务体验中的“接待与专业性”方面您觉得该车型优劣点的体验是？—优秀点,2
Feature_637,自动泊车,77、针对服务体验中的“接待与专业性”方面您觉得该车型优劣点的体验是？—优秀点,1
Feature_638,车顶玻璃硬度,77、针对服务体验中的“接待与专业性”方面您觉得该车型优劣点的体验是？—优秀点,1
Feature_639,车辆缺陷解释,77、针对服务体验中的“接待与专业性”方面您觉得该车型优劣点的体验是？—优秀点,1
Feature_640,直营店模式,77、针对服务体验中的“接待与专业性”方面您觉得该车型优劣点的体验是？—优秀点,1
Feature_641,销售表达,77、针对服务体验中的“接待与专业性”方面您觉得该车型优劣点的体验是？—优秀点,1
Feature_642,车辆介绍,77、针对服务体验中的“接待与专业性”方面您觉得该车型优劣点的体验是？—优秀点,1
Feature_643,接待积极性,77、针对服务体验中的“接待与专业性”方面您觉得该车型优劣点的体验是？—优秀点,1
Feature_644,人员年轻化,77、针对服务体验中的“接待与专业性”方面您觉得该车型优劣点的体验是？—优秀点,1
Feature_645,答疑能力,77、针对服务体验中的“接待与专业性”方面您觉得该车型优劣点的体验是？—优秀点,1
Feature_646,接待及时性,77、针对服务体验中的“接待与专业性”方面您觉得该车型优劣点的体验是？—优秀点,2
Feature_647,接待态度,77、针对服务体验中的“接待与专业性”方面您觉得该车型优劣点的体验是？—优秀点,1
Feature_648,耐心,77、针对服务体验中的“接待与专业性”方面您觉得该车型优劣点的体验是？—优秀点,2
Feature_649,亲切,77、针对服务体验中的“接待与专业性”方面您觉得该车型优劣点的体验是？—优秀点,1
Feature_650,针对性介绍,77、针对服务体验中的“接待与专业性”方面您觉得该车型优劣点的体验是？—优秀点,1
Feature_651,介绍全面性,77、针对服务体验中的“接待与专业性”方面您觉得该车型优劣点的体验是？—优秀点,1
Feature_652,介绍详细性,77、针对服务体验中的“接待与专业性”方面您觉得该车型优劣点的体验是？—优秀点,1
Feature_653,车辆优点讲解,77、针对服务体验中的“接待与专业性”方面您觉得该车型优劣点的体验是？—优秀点,1
Feature_654,混动,77、针对服务体验中的“接待与专业性”方面您觉得该车型优劣点的体验是？—优秀点,1
Feature_655,纯电续航,77、针对服务体验中的“接待与专业性”方面您觉得该车型优劣点的体验是？—优秀点,1
Feature_656,电动滑门,77、针对服务体验中的“接待与专业性”方面您觉得该车型优劣点的体验是？—优秀点,1
Feature_657,空间,77、针对服务体验中的“接待与专业性”方面您觉得该车型优劣点的体验是？—优秀点,1
Feature_658,竞品车对比,77、针对服务体验中的“接待与专业性”方面您觉得该车型优劣点的体验是？—优秀点,1
Feature_659,功能讲解,77、针对服务体验中的“接待与专业性”方面您觉得该车型优劣点的体验是？—优秀点,1
Feature_660,操作体验,77、针对服务体验中的“接待与专业性”方面您觉得该车型优劣点的体验是？—优秀点,1
Feature_661,情绪价值,77、针对服务体验中的“接待与专业性”方面您觉得该车型优劣点的体验是？—优秀点,1
Feature_662,有问必答,77、针对服务体验中的“接待与专业性”方面您觉得该车型优劣点的体验是？—优秀点,1
Feature_663,商场氛围,77、针对服务体验中的“接待与专业性”方面您觉得该车型优劣点的体验是？—优秀点,1
Feature_664,协同解答,77、针对服务体验中的“接待与专业性”方面您觉得该车型优劣点的体验是？—优秀点,1
Feature_665,周到,77、针对服务体验中的“接待与专业性”方面您觉得该车型优劣点的体验是？—优秀点,1
Feature_666,介绍,77、针对服务体验中的“接待与专业性”方面您觉得该车型优劣点的体验是？—优秀点,1
Feature_667,讲解清晰度,77、针对服务体验中的“接待与专业性”方面您觉得该车型优劣点的体验是？—优秀点,1
Feature_668,试驾安排,77、针对服务体验中的“接待与专业性”方面您觉得该车型优劣点的体验是？—优秀点,1
Feature_669,试驾讲解,77、针对服务体验中的“接待与专业性”方面您觉得该车型优劣点的体验是？—优秀点,1
Feature_670,主动性,77、针对服务体验中的“接待与专业性”方面您觉得该车型优劣点的体验是？—优秀点,1
Feature_671,人员专业性,77、针对服务体验中的“接待与专业性”方面您觉得该车型优劣点的体验是？—优秀点,1
Feature_672,问题应答能力,77、针对服务体验中的“接待与专业性”方面您觉得该车型优劣点的体验是？—优秀点,1
Feature_673,培训质量,77、针对服务体验中的“接待与专业性”方面您觉得该车型优劣点的体验是？—优秀点,1
Feature_674,服务周到性,77、针对服务体验中的“接待与专业性”方面您觉得该车型优劣点的体验是？—优秀点,1
Feature_675,主动联系,77、针对服务体验中的“接待与专业性”方面您觉得该车型优劣点的体验是？—优秀点,1
Feature_676,后续跟进,77、针对服务体验中的“接待与专业性”方面您觉得该车型优劣点的体验是？—优秀点,1
Feature_677,接待热情度,77、针对服务体验中的“接待与专业性”方面您觉得该车型优劣点的体验是？—优秀点,1
Feature_678,讲解专业性,77、针对服务体验中的“接待与专业性”方面您觉得该车型优劣点的体验是？—优秀点,1
Feature_679,销售水准,77、针对服务体验中的“接待与专业性”方面您觉得该车型优劣点的体验是？—优秀点,1
Feature_680,接待人员跟进,77、劣势点,1
Feature_681,重视程度,77、劣势点,1
Feature_682,功利性,77、劣势点,1
Feature_683,专业性,77、劣势点,2
Feature_684,常用备件,77、劣势点,1
Feature_685,到店次数,77、劣势点,1
Feature_686,宣传真实性,77、劣势点,1
Feature_687,接待人员,77、劣势点,1
Feature_688,热情度,77、劣势点,1
Feature_689,专业度,77、劣势点,1
Feature_690,主动接待,77、劣势点,1
Feature_691,车展接待,77、劣势点,1
Feature_692,试驾路况确认,77、劣势点,1
Feature_693,堵车应对,77、劣势点,1
Feature_694,专业能力,77、劣势点,1
Feature_695,流程自动化,77、劣势点,1
Feature_696,操作容错性,77、劣势点,1
Feature_697,服务准确性,77、劣势点,1
Feature_698,专业术语使用,77、劣势点,1
Feature_699,智驾搭载计划,77、劣势点,1
Feature_700,车展导购人员资质,77、劣势点,1
Feature_701,导购专业性,77、劣势点,1
Feature_702,导购敬业度,77、劣势点,1
Feature_703,销售人员行为规范,77、劣势点,1
Feature_704,客户体验感知,77、劣势点,1
Feature_705,储物空间开启方式,77、劣势点,1
Feature_706,功能演示,77、劣势点,1
Feature_707,共情能力,77、劣势点,1
Feature_708,用户理解能力,77、劣势点,1
Feature_709,消费者需求理解,77、劣势点,1
Feature_710,主动性,77、劣势点,1
