component_id,name,source_column,mention_count
Component_0,车身,appearance_design_overall_positive_feedback,2
Component_1,高度,appearance_design_overall_positive_feedback,1
Component_2,前脸,appearance_design_overall_positive_feedback,1
Component_3,造型,appearance_design_overall_positive_feedback,1
Component_4,贯穿灯,appearance_design_overall_positive_feedback,1
Component_5,座椅,appearance_design_overall_positive_feedback,1
Component_6,活动天幕,appearance_design_overall_positive_feedback,1
Component_7,尾门,appearance_design_overall_positive_feedback,1
Component_8,储物盒,appearance_design_overall_positive_feedback,1
Component_9,电动发罩,appearance_design_overall_positive_feedback,1
Component_10,扰流板,appearance_design_overall_positive_feedback,1
Component_11,悬浮式车顶,appearance_design_overall_positive_feedback,1
Component_12,尾门小桌板,appearance_design_overall_positive_feedback,1
Component_13,涉水深度,appearance_design_overall_positive_feedback,1
Component_14,外形,appearance_design_overall_positive_feedback,2
Component_15,黑色,appearance_design_overall_positive_feedback,1
Component_16,外观,appearance_design_overall_positive_feedback,5
Component_17,车身外造型,appearance_design_overall_positive_feedback,1
Component_18,车身比例,appearance_design_overall_positive_feedback,2
Component_19,线条,appearance_design_overall_positive_feedback,5
Component_20,车身美学,appearance_design_overall_positive_feedback,1
Component_21,视觉冲击力,appearance_design_overall_positive_feedback,1
Component_22,姿态,appearance_design_overall_positive_feedback,1
Component_23,灯光设计,appearance_design_overall_positive_feedback,1
Component_24,门把手,appearance_design_overall_positive_feedback,1
Component_25,D柱,appearance_design_overall_positive_feedback,1
Component_26,车漆,appearance_design_overall_positive_feedback,1
Component_27,内饰,appearance_design_overall_positive_feedback,1
Component_28,鲨鱼形态,appearance_design_overall_positive_feedback,1
Component_29,掀背门,appearance_design_overall_positive_feedback,1
Component_30,卡钳罩,appearance_design_overall_positive_feedback,1
Component_31,前后灯,appearance_design_overall_positive_feedback,1
Component_32,尺寸,appearance_design_overall_positive_feedback,1
Component_33,轿跑,appearance_design_overall_positive_feedback,1
Component_34,整体尺寸,appearance_design_overall_positive_feedback,1
Component_35,比例,appearance_design_overall_positive_feedback,1
Component_36,面包车,appearance_design_overall_positive_feedback,1
Component_37,整体,appearance_design_overall_positive_feedback,1
Component_38,侧面,appearance_design_overall_positive_feedback,1
Component_39,尾翼,appearance_design_overall_positive_feedback,1
Component_40,整体感觉,appearance_design_overall_positive_feedback,1
Component_41,厚重,appearance_design_overall_positive_feedback,1
Component_42,外造型,appearance_design_overall_positive_feedback,1
Component_43,车体,appearance_design_overall_positive_feedback,1
Component_44,SUV造型,appearance_design_overall_positive_feedback,1
Component_45,发罩,appearance_design_overall_positive_feedback,1
Component_46,分缝形式,appearance_design_overall_positive_feedback,1
Component_47,灯具,appearance_design_overall_negative_feedback,1
Component_48,车尾造型,appearance_design_overall_negative_feedback,1
Component_49,后尾部,appearance_design_overall_negative_feedback,1
Component_50,空间,appearance_design_overall_negative_feedback,1
Component_51,仪表,appearance_design_overall_negative_feedback,1
Component_52,细节部分,appearance_design_overall_negative_feedback,1
Component_53,外造型,appearance_design_overall_negative_feedback,1
Component_54,微细节,appearance_design_overall_negative_feedback,1
Component_55,前脸,appearance_design_overall_negative_feedback,6
Component_56,门把手,appearance_design_overall_negative_feedback,2
Component_57,车身外钣金件,appearance_design_overall_negative_feedback,1
Component_58,接缝,appearance_design_overall_negative_feedback,1
Component_59,前备箱,appearance_design_overall_negative_feedback,1
Component_60,车顶摄像头,appearance_design_overall_negative_feedback,1
Component_61,侧面,appearance_design_overall_negative_feedback,1
Component_62,后背,appearance_design_overall_negative_feedback,1
Component_63,鲨鱼鳍,appearance_design_overall_negative_feedback,1
Component_64,车头,appearance_design_overall_negative_feedback,1
Component_65,车型,appearance_design_overall_negative_feedback,1
Component_66,颜色,appearance_design_overall_negative_feedback,1
Component_67,配置,appearance_design_overall_negative_feedback,1
Component_68,车高,appearance_design_overall_negative_feedback,1
Component_69,车宽,appearance_design_overall_negative_feedback,1
Component_70,设计,appearance_design_overall_negative_feedback,1
Component_71,尾部,appearance_design_overall_negative_feedback,3
Component_72,轮辋,appearance_design_overall_negative_feedback,1
Component_73,轮毂,appearance_design_overall_negative_feedback,1
Component_74,A柱,appearance_design_overall_negative_feedback,1
Component_75,后四窗,appearance_design_overall_negative_feedback,1
Component_76,亮饰条,appearance_design_overall_negative_feedback,1
Component_77,车身,appearance_design_overall_negative_feedback,1
Component_78,发盖,appearance_design_overall_negative_feedback,1
Component_79,分缝,appearance_design_overall_negative_feedback,1
Component_80,前脸灯,appearance_design_overall_negative_feedback,1
Component_81,保险杠,appearance_design_overall_negative_feedback,1
Component_82,制造工艺,appearance_design_overall_negative_feedback,1
Component_83,造型,appearance_design_overall_negative_feedback,1
Component_84,H型特征,appearance_design_front_side_positive_feedback,1
Component_85,贯穿灯,appearance_design_front_side_positive_feedback,1
Component_86,主动进气格栅,appearance_design_front_side_positive_feedback,1
Component_87,水切,appearance_design_front_side_positive_feedback,1
Component_88,腰线,appearance_design_front_side_positive_feedback,1
Component_89,C柱,appearance_design_front_side_positive_feedback,1
Component_90,摄像头,appearance_design_front_side_positive_feedback,1
Component_91,车标,appearance_design_front_side_positive_feedback,1
Component_92,贯穿式前大灯,appearance_design_front_side_positive_feedback,1
Component_93,前脸,appearance_design_front_side_positive_feedback,6
Component_94,前灯,appearance_design_front_side_positive_feedback,1
Component_95,星环大灯,appearance_design_front_side_positive_feedback,1
Component_96,鲨鱼前脸,appearance_design_front_side_positive_feedback,1
Component_97,侧面,appearance_design_front_side_positive_feedback,1
Component_98,灯,appearance_design_front_side_positive_feedback,2
Component_99,车灯,appearance_design_front_side_positive_feedback,1
Component_100,侧围,appearance_design_front_side_positive_feedback,2
Component_101,发罩,appearance_design_front_side_positive_feedback,2
Component_102,星环灯,appearance_design_front_side_positive_feedback,1
Component_103,车头,appearance_design_front_side_positive_feedback,2
Component_104,车身,appearance_design_front_side_positive_feedback,1
Component_105,进气格栅,appearance_design_front_side_positive_feedback,1
Component_106,灯具,appearance_design_front_side_positive_feedback,1
Component_107,大灯,appearance_design_front_side_positive_feedback,1
Component_108,外观,appearance_design_front_side_positive_feedback,1
Component_109,侧面轮廓,appearance_design_front_side_positive_feedback,1
Component_110,前脸格栅,appearance_design_front_side_positive_feedback,1
Component_111,侧位,appearance_design_front_side_positive_feedback,1
Component_112,前脸气坝,appearance_design_front_side_positive_feedback,1
Component_113,饱满度,appearance_design_front_side_positive_feedback,1
Component_114,高度,appearance_design_front_side_positive_feedback,1
Component_115,设计语言,appearance_design_front_side_positive_feedback,1
Component_116,车灯,appearance_design_front_side_negative_feedback,2
Component_117,车标,appearance_design_front_side_negative_feedback,1
Component_118,摄像头,appearance_design_front_side_negative_feedback,2
Component_119,缝隙,appearance_design_front_side_negative_feedback,2
Component_120,间隙,appearance_design_front_side_negative_feedback,1
Component_121,车顶,appearance_design_front_side_negative_feedback,1
Component_122,接缝,appearance_design_front_side_negative_feedback,1
Component_123,发罩,appearance_design_front_side_negative_feedback,1
Component_124,保险杠,appearance_design_front_side_negative_feedback,1
Component_125,翼子板,appearance_design_front_side_negative_feedback,1
Component_126,四门,appearance_design_front_side_negative_feedback,1
Component_127,把手,appearance_design_front_side_negative_feedback,1
Component_128,前脸,appearance_design_front_side_negative_feedback,2
Component_129,门把手,appearance_design_front_side_negative_feedback,1
Component_130,前灯,appearance_design_front_side_negative_feedback,1
Component_131,外视镜,appearance_design_front_side_negative_feedback,1
Component_132,前后组合大灯,appearance_design_front_side_negative_feedback,1
Component_133,前格栅,appearance_design_front_side_negative_feedback,1
Component_134,车身侧面线条,appearance_design_front_side_negative_feedback,1
Component_135,侧围,appearance_design_front_side_negative_feedback,1
Component_136,车漆,appearance_design_paint_color_positive_feedback,9
Component_137,漆面,appearance_design_paint_color_positive_feedback,3
Component_138,外漆,appearance_design_paint_color_positive_feedback,2
Component_139,车灯,appearance_design_paint_color_positive_feedback,1
Component_140,内饰,appearance_design_paint_color_positive_feedback,1
Component_141,黑色,appearance_design_paint_color_positive_feedback,1
Component_142,亮饰条,appearance_design_paint_color_positive_feedback,1
Component_143,车身,appearance_design_paint_color_positive_feedback,1
Component_144,红色金属漆,appearance_design_paint_color_positive_feedback,1
Component_145,漆面,appearance_design_paint_color_negative_feedback,2
Component_146,车漆颜色,appearance_design_paint_color_negative_feedback,2
Component_147,造型,appearance_design_paint_color_negative_feedback,1
Component_148,色,appearance_design_paint_color_negative_feedback,1
Component_149,车头,appearance_design_other_negative_feedback,1
Component_150,中控,interior_design_layout_positive_feedback,2
Component_151,储物区域,interior_design_layout_positive_feedback,3
Component_152,控制区域,interior_design_layout_positive_feedback,1
Component_153,包袱,interior_design_layout_positive_feedback,1
Component_154,方向盘,interior_design_layout_positive_feedback,1
Component_155,座椅布局,interior_design_layout_positive_feedback,1
Component_156,内饰,interior_design_layout_positive_feedback,11
Component_157,仪表台,interior_design_layout_positive_feedback,1
Component_158,氛围灯,interior_design_layout_positive_feedback,3
Component_159,内饰材料,interior_design_layout_positive_feedback,1
Component_160,内饰颜色,interior_design_layout_positive_feedback,1
Component_161,后备箱软包,interior_design_layout_positive_feedback,1
Component_162,IP贯穿屏,interior_design_layout_positive_feedback,1
Component_163,真皮座椅,interior_design_layout_positive_feedback,1
Component_164,座椅加热,interior_design_layout_positive_feedback,1
Component_165,电动调节,interior_design_layout_positive_feedback,1
Component_166,座椅通风,interior_design_layout_positive_feedback,1
Component_167,电动遮阳帘,interior_design_layout_positive_feedback,1
Component_168,压缩机大冰箱,interior_design_layout_positive_feedback,1
Component_169,全功能方向盘,interior_design_layout_positive_feedback,1
Component_170,操控,interior_design_layout_positive_feedback,1
Component_171,车内,interior_design_layout_positive_feedback,1
Component_172,第三排座椅,interior_design_layout_positive_feedback,1
Component_173,车窗遮阳帘,interior_design_layout_positive_feedback,1
Component_174,中控台,interior_design_layout_positive_feedback,1
Component_175,中控显示屏,interior_design_layout_positive_feedback,1
Component_176,BOSE音响,interior_design_layout_positive_feedback,1
Component_177,后排座椅加热,interior_design_layout_positive_feedback,1
Component_178,屏幕,interior_design_layout_positive_feedback,1
Component_179,空间,interior_design_layout_positive_feedback,2
Component_180,座椅,interior_design_layout_positive_feedback,1
Component_181,大屏,interior_design_layout_positive_feedback,1
Component_182,天幕屏,interior_design_layout_positive_feedback,1
Component_183,储物空间,interior_design_layout_positive_feedback,1
Component_184,设计风格,interior_design_layout_positive_feedback,1
Component_185,座位布局,interior_design_layout_positive_feedback,1
Component_186,置物空间,interior_design_layout_negative_feedback,1
Component_187,内饰,interior_design_layout_negative_feedback,1
Component_188,开关,interior_design_layout_negative_feedback,1
Component_189,储物空间,interior_design_layout_negative_feedback,2
Component_190,皮质表面,interior_design_layout_negative_feedback,1
Component_191,仪表台,interior_design_layout_negative_feedback,1
Component_192,按键,interior_design_layout_negative_feedback,1
Component_193,二排过道,interior_design_layout_negative_feedback,1
Component_194,方向盘,interior_design_layout_negative_feedback,1
Component_195,座椅,interior_design_layout_negative_feedback,2
Component_196,翻毛皮,interior_design_layout_negative_feedback,1
Component_197,塑料部件,interior_design_layout_negative_feedback,1
Component_198,板块,interior_design_layout_negative_feedback,1
Component_199,设计,interior_design_layout_negative_feedback,1
Component_200,空间,interior_design_layout_negative_feedback,2
Component_201,前排座椅,interior_design_layout_negative_feedback,1
Component_202,导轨,interior_design_layout_negative_feedback,1
Component_203,仪表,interior_design_layout_negative_feedback,1
Component_204,副驾前方储物格,interior_design_layout_negative_feedback,1
Component_205,抽屉,interior_design_layout_negative_feedback,1
Component_206,前排中间空调出风口,interior_design_layout_negative_feedback,1
Component_207,车型,interior_material_workmanship_positive_feedback,1
Component_208,内饰,interior_material_workmanship_positive_feedback,5
Component_209,包覆,interior_material_workmanship_positive_feedback,2
Component_210,竹炭材质,interior_material_workmanship_positive_feedback,1
Component_211,座椅,interior_material_workmanship_positive_feedback,3
Component_212,一键小憩模式,interior_material_workmanship_positive_feedback,1
Component_213,大床模式,interior_material_workmanship_positive_feedback,1
Component_214,IP台,interior_material_workmanship_positive_feedback,1
Component_215,仿麂皮,interior_material_workmanship_positive_feedback,1
Component_216,仪表台,interior_material_workmanship_positive_feedback,1
Component_217,氛围灯,interior_material_workmanship_positive_feedback,1
Component_218,化妆镜,interior_material_workmanship_positive_feedback,2
Component_219,皮肤接触部位,interior_material_workmanship_positive_feedback,1
Component_220,软包,interior_material_workmanship_positive_feedback,3
Component_221,软质覆盖,interior_material_workmanship_positive_feedback,1
Component_222,皮质,interior_material_workmanship_positive_feedback,1
Component_223,身体接触面,interior_material_workmanship_positive_feedback,1
Component_224,真皮,interior_material_workmanship_positive_feedback,2
Component_225,地毯,interior_material_workmanship_positive_feedback,1
Component_226,车顶,interior_material_workmanship_positive_feedback,1
Component_227,麂皮,interior_material_workmanship_positive_feedback,1
Component_228,座椅材质,interior_material_workmanship_positive_feedback,1
Component_229,内饰造型,interior_material_workmanship_positive_feedback,1
Component_230,内饰材质,interior_material_workmanship_positive_feedback,1
Component_231,内饰颜色,interior_material_workmanship_positive_feedback,1
Component_232,仪表,interior_material_workmanship_positive_feedback,1
Component_233,方向盘,interior_material_workmanship_positive_feedback,2
Component_234,门饰板,interior_material_workmanship_positive_feedback,1
Component_235,仪表板,interior_material_workmanship_positive_feedback,1
Component_236,翻毛皮,interior_material_workmanship_positive_feedback,1
Component_237,拉手,interior_material_workmanship_positive_feedback,1
Component_238,H5,interior_material_workmanship_positive_feedback,1
Component_239,门板,interior_material_workmanship_positive_feedback,1
Component_240,实木,interior_material_workmanship_positive_feedback,1
Component_241,IP,interior_material_workmanship_positive_feedback,1
Component_242,CONSOLE,interior_material_workmanship_positive_feedback,1
Component_243,亮饰条,interior_material_workmanship_positive_feedback,1
Component_244,车内软包覆,interior_material_workmanship_positive_feedback,1
Component_245,车载冰箱,interior_material_workmanship_positive_feedback,1
Component_246,喇叭网孔,interior_material_workmanship_negative_feedback,1
Component_247,内饰,interior_material_workmanship_negative_feedback,3
Component_248,后排座椅,interior_material_workmanship_negative_feedback,1
Component_249,金属制品,interior_material_workmanship_negative_feedback,1
Component_250,软包,interior_material_workmanship_negative_feedback,2
Component_251,门板开关面板,interior_material_workmanship_negative_feedback,1
Component_252,中控台饰板,interior_material_workmanship_negative_feedback,1
Component_253,毛织,interior_material_workmanship_negative_feedback,1
Component_254,内饰接缝面,interior_material_workmanship_negative_feedback,1
Component_255,按摩,interior_material_workmanship_negative_feedback,1
Component_256,内饰布局,interior_material_workmanship_negative_feedback,1
Component_257,内饰颜色,interior_material_workmanship_negative_feedback,1
Component_258,内饰用料,interior_material_workmanship_negative_feedback,1
Component_259,布料,interior_material_workmanship_negative_feedback,1
Component_260,硬塑料,interior_material_workmanship_negative_feedback,2
Component_261,双连屏,interior_material_workmanship_negative_feedback,1
Component_262,按键面板,interior_material_workmanship_negative_feedback,1
Component_263,IP台,interior_material_workmanship_negative_feedback,1
Component_264,翻毛皮,interior_material_workmanship_negative_feedback,1
Component_265,低档软包,interior_material_workmanship_negative_feedback,1
Component_266,仪表台,interior_material_workmanship_negative_feedback,1
Component_267,镀铬饰条,interior_material_workmanship_negative_feedback,1
Component_268,仿皮座椅,interior_material_workmanship_negative_feedback,1
Component_269,第三排,interior_material_workmanship_negative_feedback,1
Component_270,材质,interior_material_workmanship_negative_feedback,2
Component_271,用料,interior_material_workmanship_negative_feedback,1
Component_272,Console,interior_material_workmanship_negative_feedback,1
Component_273,门板,interior_material_workmanship_negative_feedback,1
Component_274,顶棚,interior_material_workmanship_negative_feedback,1
Component_275,工艺,interior_material_workmanship_negative_feedback,1
Component_276,香薰,interior_color_atmosphere_positive_feedback,1
Component_277,氛围灯,interior_color_atmosphere_positive_feedback,3
Component_278,氛围感,interior_color_atmosphere_positive_feedback,1
Component_279,IP贯穿屏,interior_color_atmosphere_positive_feedback,1
Component_280,HMI,interior_color_atmosphere_positive_feedback,1
Component_281,中控,interior_color_atmosphere_positive_feedback,1
Component_282,内饰,interior_color_atmosphere_positive_feedback,4
Component_283,色彩,interior_color_atmosphere_positive_feedback,2
Component_284,色彩氛围,interior_color_atmosphere_positive_feedback,1
Component_285,风格,interior_color_atmosphere_positive_feedback,1
Component_286,门饰板,interior_color_atmosphere_positive_feedback,1
Component_287,灯光,interior_color_atmosphere_positive_feedback,1
Component_288,香味系统,interior_color_atmosphere_positive_feedback,1
Component_289,屏幕,interior_color_atmosphere_positive_feedback,1
Component_290,材料,interior_color_atmosphere_positive_feedback,1
Component_291,红色,interior_color_atmosphere_positive_feedback,1
Component_292,橙色,interior_color_atmosphere_positive_feedback,1
Component_293,木纹,interior_color_atmosphere_negative_feedback,1
Component_294,科技感,interior_color_atmosphere_negative_feedback,1
Component_295,温馨感,interior_color_atmosphere_negative_feedback,1
Component_296,前排,interior_color_atmosphere_negative_feedback,1
Component_297,三排,interior_color_atmosphere_negative_feedback,1
Component_298,二排,interior_color_atmosphere_negative_feedback,1
Component_299,氛围感,interior_color_atmosphere_negative_feedback,2
Component_300,颜色,interior_color_atmosphere_negative_feedback,3
Component_301,氛围灯,interior_color_atmosphere_negative_feedback,3
Component_302,内饰,interior_color_atmosphere_negative_feedback,5
Component_303,亮度,interior_color_atmosphere_negative_feedback,1
Component_304,白色,interior_color_atmosphere_negative_feedback,1
Component_305,家族式风格,interior_color_atmosphere_negative_feedback,1
Component_306,质感,interior_color_atmosphere_negative_feedback,1
Component_307,沉浸感,interior_color_atmosphere_negative_feedback,1
Component_308,色彩搭配,interior_color_atmosphere_negative_feedback,1
Component_309,前玻璃,interior_color_atmosphere_negative_feedback,1
Component_310,视野,interior_color_atmosphere_negative_feedback,1
Component_311,米色,interior_color_atmosphere_negative_feedback,1
Component_312,色彩,interior_color_atmosphere_negative_feedback,1
Component_313,配色,interior_color_atmosphere_negative_feedback,1
Component_314,灯光氛围,interior_color_atmosphere_negative_feedback,1
Component_315,机构,interior_design_details_positive_feedback,1
Component_316,铁网出风口,interior_design_details_positive_feedback,1
Component_317,前排座椅,interior_design_details_positive_feedback,1
Component_318,二排座椅,interior_design_details_positive_feedback,1
Component_319,娱乐屏,interior_design_details_positive_feedback,1
Component_320,实体按键,interior_design_details_positive_feedback,1
Component_321,开门开关,interior_design_details_positive_feedback,1
Component_322,中控储物盒,interior_design_details_positive_feedback,1
Component_323,内饰,interior_design_details_positive_feedback,1
Component_324,座椅,interior_design_details_positive_feedback,1
Component_325,仪表台,interior_design_details_positive_feedback,1
Component_326,CNSL手套箱,interior_design_details_positive_feedback,1
Component_327,220V插座,interior_design_details_positive_feedback,1
Component_328,内饰设计,interior_design_details_positive_feedback,2
Component_329,后备箱盖板,interior_design_details_positive_feedback,1
Component_330,后排座椅,interior_design_details_positive_feedback,1
Component_331,窗位边界,interior_design_details_positive_feedback,1
Component_332,中控,interior_design_details_positive_feedback,1
Component_333,屏幕,interior_design_details_positive_feedback,1
Component_334,音响网罩,interior_design_details_positive_feedback,1
Component_335,软质材料,interior_design_details_positive_feedback,1
Component_336,显示屏幕,interior_design_details_positive_feedback,1
Component_337,二排过道,interior_design_details_positive_feedback,1
Component_338,右侧座椅,interior_design_details_positive_feedback,1
Component_339,Nappa真皮座椅,interior_design_details_positive_feedback,1
Component_340,副驾储物,interior_design_details_positive_feedback,1
Component_341,后备箱,interior_design_details_positive_feedback,1
Component_342,螺丝,interior_design_details_positive_feedback,1
Component_343,眼镜盒,interior_design_details_positive_feedback,1
Component_344,B柱挂钩,interior_design_details_positive_feedback,1
Component_345,三排座椅,interior_design_details_negative_feedback,1
Component_346,后备箱,interior_design_details_negative_feedback,1
Component_347,内开门把手,interior_design_details_negative_feedback,1
Component_348,副驾手套箱,interior_design_details_negative_feedback,1
Component_349,冰箱位,interior_design_details_negative_feedback,1
Component_350,后排座椅通风,interior_design_details_negative_feedback,1
Component_351,二排左后小桌板,interior_design_details_negative_feedback,1
Component_352,方向盘导航按钮,interior_design_details_negative_feedback,1
Component_353,中央出风口装饰,interior_design_details_negative_feedback,1
Component_354,中央扶手,interior_design_details_negative_feedback,1
Component_355,USB,interior_design_details_negative_feedback,1
Component_356,门板,interior_design_details_negative_feedback,1
Component_357,扶手,interior_design_details_negative_feedback,1
Component_358,座椅,interior_design_other_positive_feedback,1
Component_359,座椅,interior_design_other_negative_feedback,1
Component_360,大空间,smart_cabin_hardware_positive_feedback,1
Component_361,大前备箱,smart_cabin_hardware_positive_feedback,1
Component_362,屏幕,smart_cabin_hardware_positive_feedback,1
Component_363,主驾屏幕,smart_cabin_hardware_positive_feedback,1
Component_364,副驾屏幕,smart_cabin_hardware_positive_feedback,1
Component_365,8255芯片,smart_cabin_hardware_positive_feedback,1
Component_366,硬件,smart_cabin_hardware_positive_feedback,1
Component_367,语音识别系统,smart_cabin_hardware_positive_feedback,1
Component_368,8295芯片,smart_cabin_hardware_positive_feedback,1
Component_369,自研系统,smart_cabin_hardware_positive_feedback,1
Component_370,鸿蒙系统,smart_cabin_hardware_positive_feedback,1
Component_371,仪表屏幕,smart_cabin_hardware_positive_feedback,1
Component_372,后排娱乐系统,smart_cabin_hardware_positive_feedback,1
Component_373,硬件平台,smart_cabin_hardware_positive_feedback,1
Component_374,页面,smart_cabin_hardware_positive_feedback,1
Component_375,momenta技术,smart_cabin_hardware_positive_feedback,1
Component_376,中控屏,smart_cabin_hardware_positive_feedback,2
Component_377,前排遮阳板,smart_cabin_hardware_positive_feedback,1
Component_378,化妆镜,smart_cabin_hardware_positive_feedback,1
Component_379,后排车门,smart_cabin_hardware_positive_feedback,1
Component_380,空调,smart_cabin_hardware_positive_feedback,1
Component_381,座椅按摩,smart_cabin_hardware_positive_feedback,1
Component_382,后排小桌板,smart_cabin_hardware_positive_feedback,1
Component_383,储物,smart_cabin_hardware_positive_feedback,1
Component_384,外后视镜,smart_cabin_hardware_positive_feedback,1
Component_385,二排吸顶屏,smart_cabin_hardware_positive_feedback,1
Component_386,华为鸿蒙座舱,smart_cabin_hardware_positive_feedback,1
Component_387,前排座椅,smart_cabin_hardware_negative_feedback,1
Component_388,组合仪表,smart_cabin_hardware_negative_feedback,1
Component_389,仪表屏幕,smart_cabin_hardware_negative_feedback,1
Component_390,左右屏,smart_cabin_hardware_negative_feedback,1
Component_391,车机屏幕,smart_cabin_hardware_negative_feedback,1
Component_392,主仪表,smart_cabin_hardware_negative_feedback,1
Component_393,前挡投影,smart_cabin_hardware_negative_feedback,1
Component_394,HUD,smart_cabin_hardware_negative_feedback,1
Component_395,鸿蒙系统,smart_cabin_hardware_negative_feedback,1
Component_396,车机系统,smart_cabin_hardware_negative_feedback,1
Component_397,车机芯片,smart_cabin_hardware_negative_feedback,1
Component_398,屏幕,smart_cabin_hardware_negative_feedback,3
Component_399,高速智驾系统,smart_cabin_hardware_negative_feedback,1
Component_400,智驾系统,smart_cabin_hardware_negative_feedback,1
Component_401,AV主机,smart_cabin_hardware_negative_feedback,1
Component_402,音响,smart_cabin_hardware_negative_feedback,1
Component_403,副驾小桌板,smart_cabin_hardware_negative_feedback,1
Component_404,按键,smart_cabin_hardware_negative_feedback,1
Component_405,UI,smart_cabin_ui_positive_feedback,4
Component_406,应用,smart_cabin_ui_positive_feedback,1
Component_407,信息分区,smart_cabin_ui_positive_feedback,1
Component_408,色彩,smart_cabin_ui_positive_feedback,1
Component_409,语音交互,smart_cabin_ui_positive_feedback,1
Component_410,界面,smart_cabin_ui_positive_feedback,2
Component_411,音乐界面,smart_cabin_ui_positive_feedback,1
Component_412,仪表,smart_cabin_ui_positive_feedback,1
Component_413,屏幕,smart_cabin_ui_positive_feedback,2
Component_414,车模,smart_cabin_ui_positive_feedback,1
Component_415,光影效果,smart_cabin_ui_positive_feedback,1
Component_416,IP贯穿屏,smart_cabin_ui_positive_feedback,1
Component_417,中控HMI,smart_cabin_ui_positive_feedback,1
Component_418,贯穿屏副驾,smart_cabin_ui_positive_feedback,1
Component_419,歌词显示,smart_cabin_ui_positive_feedback,1
Component_420,小部件,smart_cabin_ui_positive_feedback,1
Component_421,双屏,smart_cabin_ui_positive_feedback,1
Component_422,视觉效果,smart_cabin_ui_positive_feedback,1
Component_423,卡片布置,smart_cabin_ui_positive_feedback,1
Component_424,系统,smart_cabin_ui_positive_feedback,1
Component_425,简介,smart_cabin_ui_positive_feedback,1
Component_426,关键功能,smart_cabin_ui_positive_feedback,1
Component_427,主界面,smart_cabin_ui_positive_feedback,1
Component_428,电脑pad,smart_cabin_ui_positive_feedback,1
Component_429,显示,smart_cabin_ui_positive_feedback,1
Component_430,操作,smart_cabin_ui_positive_feedback,3
Component_431,流畅性,smart_cabin_ui_positive_feedback,1
Component_432,细腻度,smart_cabin_ui_positive_feedback,1
Component_433,卡片,smart_cabin_ui_positive_feedback,1
Component_434,操作界面,smart_cabin_ui_positive_feedback,1
Component_435,分屏,smart_cabin_ui_positive_feedback,1
Component_436,副驾,smart_cabin_ui_positive_feedback,1
Component_437,主驾,smart_cabin_ui_positive_feedback,1
Component_438,视频,smart_cabin_ui_positive_feedback,1
Component_439,蓝牙耳机,smart_cabin_ui_positive_feedback,1
Component_440,头枕音响,smart_cabin_ui_positive_feedback,1
Component_441,越野模式,smart_cabin_ui_positive_feedback,1
Component_442,可视化展示,smart_cabin_ui_positive_feedback,1
Component_443,三维模型,smart_cabin_ui_positive_feedback,1
Component_444,车窗,smart_cabin_ui_positive_feedback,1
Component_445,加油盖,smart_cabin_ui_positive_feedback,1
Component_446,清晰度,smart_cabin_ui_negative_feedback,1
Component_447,品质感,smart_cabin_ui_negative_feedback,1
Component_448,大屏,smart_cabin_ui_negative_feedback,2
Component_449,UI设计,smart_cabin_ui_negative_feedback,1
Component_450,UI,smart_cabin_ui_negative_feedback,1
Component_451,显示效果,smart_cabin_ui_negative_feedback,1
Component_452,图标,smart_cabin_ui_negative_feedback,2
Component_453,功能菜单,smart_cabin_ui_negative_feedback,1
Component_454,主界面,smart_cabin_ui_negative_feedback,1
Component_455,程序,smart_cabin_ui_negative_feedback,1
Component_456,银河车型,smart_cabin_ui_negative_feedback,1
Component_457,功能,smart_cabin_ui_negative_feedback,1
Component_458,整车功能,smart_cabin_ui_negative_feedback,1
Component_459,操作界面,smart_cabin_ui_negative_feedback,1
Component_460,美术设计,smart_cabin_ui_negative_feedback,1
Component_461,豆包,smart_cabin_ecosystem_positive_feedback,1
Component_462,联网搜索,smart_cabin_ecosystem_positive_feedback,1
Component_463,短视频,smart_cabin_ecosystem_positive_feedback,1
Component_464,CarPlay,smart_cabin_ecosystem_positive_feedback,1
Component_465,ICCOA CarLink,smart_cabin_ecosystem_positive_feedback,1
Component_466,HiCar,smart_cabin_ecosystem_positive_feedback,1
Component_467,Flyme Link,smart_cabin_ecosystem_positive_feedback,1
Component_468,家庭场景应用,smart_cabin_ecosystem_positive_feedback,1
Component_469,高通骁龙8295P芯片,smart_cabin_ecosystem_positive_feedback,1
Component_470,四屏交互系统,smart_cabin_ecosystem_positive_feedback,1
Component_471,中控屏,smart_cabin_ecosystem_positive_feedback,1
Component_472,副驾屏,smart_cabin_ecosystem_positive_feedback,1
Component_473,HUD抬头显示,smart_cabin_ecosystem_positive_feedback,1
Component_474,安全驾驶交互屏,smart_cabin_ecosystem_positive_feedback,1
Component_475,MindGPT,smart_cabin_ecosystem_positive_feedback,1
Component_476,AI理想同学,smart_cabin_ecosystem_positive_feedback,1
Component_477,语音控制,smart_cabin_ecosystem_positive_feedback,1
Component_478,绘画生成,smart_cabin_ecosystem_positive_feedback,1
Component_479,任务规划,smart_cabin_ecosystem_positive_feedback,1
Component_480,音响系统,smart_cabin_ecosystem_positive_feedback,1
Component_481,扬声器,smart_cabin_ecosystem_positive_feedback,1
Component_482,7.3.4全景声布局,smart_cabin_ecosystem_positive_feedback,1
Component_483,高德,smart_cabin_ecosystem_positive_feedback,1
Component_484,应用中心,smart_cabin_ecosystem_positive_feedback,1
Component_485,车辆启动,smart_cabin_ecosystem_positive_feedback,1
Component_486,空调控制,smart_cabin_ecosystem_positive_feedback,1
Component_487,远控功能,smart_cabin_ecosystem_positive_feedback,1
Component_488,苹果,smart_cabin_ecosystem_positive_feedback,1
Component_489,安卓,smart_cabin_ecosystem_positive_feedback,1
Component_490,鸿蒙,smart_cabin_ecosystem_positive_feedback,1
Component_491,功能,smart_cabin_ecosystem_negative_feedback,1
Component_492,图标布局,smart_cabin_ecosystem_negative_feedback,1
Component_493,语音识别,smart_cabin_ecosystem_negative_feedback,1
Component_494,连续操作功能,smart_cabin_ecosystem_negative_feedback,1
Component_495,开放性,smart_cabin_ecosystem_negative_feedback,1
Component_496,丰富度,smart_cabin_ecosystem_negative_feedback,1
Component_497,第三方应用,smart_cabin_ecosystem_negative_feedback,1
Component_498,车机,smart_cabin_ecosystem_negative_feedback,1
Component_499,银河,smart_cabin_ecosystem_negative_feedback,1
Component_500,APP,smart_cabin_ecosystem_negative_feedback,1
Component_501,娱乐app生态,smart_cabin_ecosystem_negative_feedback,1
Component_502,APP界面,smart_cabin_ecosystem_negative_feedback,1
Component_503,主界面,smart_cabin_ecosystem_negative_feedback,1
Component_504,AV,smart_cabin_ecosystem_negative_feedback,1
Component_505,网联,smart_cabin_ecosystem_negative_feedback,1
Component_506,手机互联,smart_cabin_ecosystem_negative_feedback,1
Component_507,唤醒,smart_cabin_voice_assistant_positive_feedback,1
Component_508,识别,smart_cabin_voice_assistant_positive_feedback,2
Component_509,响应,smart_cabin_voice_assistant_positive_feedback,1
Component_510,AI形象,smart_cabin_voice_assistant_positive_feedback,1
Component_511,拾音分区,smart_cabin_voice_assistant_positive_feedback,1
Component_512,语音交互,smart_cabin_voice_assistant_positive_feedback,3
Component_513,执行能力,smart_cabin_voice_assistant_positive_feedback,1
Component_514,反应,smart_cabin_voice_assistant_positive_feedback,2
Component_515,泛化,smart_cabin_voice_assistant_positive_feedback,1
Component_516,模糊识别,smart_cabin_voice_assistant_positive_feedback,1
Component_517,音乐联动,smart_cabin_voice_assistant_positive_feedback,1
Component_518,导航联动,smart_cabin_voice_assistant_positive_feedback,1
Component_519,AI联动功能,smart_cabin_voice_assistant_positive_feedback,1
Component_520,语音助手,smart_cabin_voice_assistant_positive_feedback,5
Component_521,语音唤醒,smart_cabin_voice_assistant_positive_feedback,1
Component_522,屏幕熄屏,smart_cabin_voice_assistant_positive_feedback,1
Component_523,主界面,smart_cabin_voice_assistant_positive_feedback,1
Component_524,图标,smart_cabin_voice_assistant_positive_feedback,1
Component_525,应用,smart_cabin_voice_assistant_positive_feedback,1
Component_526,分区识别,smart_cabin_voice_assistant_positive_feedback,1
Component_527,复杂识别,smart_cabin_voice_assistant_positive_feedback,1
Component_528,NOMI形象,smart_cabin_voice_assistant_positive_feedback,1
Component_529,互动,smart_cabin_voice_assistant_positive_feedback,1
Component_530,千问,smart_cabin_voice_assistant_positive_feedback,1
Component_531,DeepSeek,smart_cabin_voice_assistant_positive_feedback,1
Component_532,语音增强,smart_cabin_voice_assistant_positive_feedback,1
Component_533,语音识别,smart_cabin_voice_assistant_positive_feedback,1
Component_534,连续指令,smart_cabin_voice_assistant_positive_feedback,1
Component_535,可见即可说,smart_cabin_voice_assistant_positive_feedback,1
Component_536,连续对话,smart_cabin_voice_assistant_positive_feedback,1
Component_537,语音,smart_cabin_voice_assistant_positive_feedback,3
Component_538,智驾,smart_cabin_voice_assistant_positive_feedback,1
Component_539,Nomi,smart_cabin_voice_assistant_positive_feedback,1
Component_540,自然语言理解,smart_cabin_voice_assistant_positive_feedback,1
Component_541,反应速度,smart_cabin_voice_assistant_negative_feedback,1
Component_542,理解能力,smart_cabin_voice_assistant_negative_feedback,1
Component_543,拒识,smart_cabin_voice_assistant_negative_feedback,1
Component_544,识别准确率,smart_cabin_voice_assistant_negative_feedback,1
Component_545,响应速度,smart_cabin_voice_assistant_negative_feedback,1
Component_546,同质化,smart_cabin_voice_assistant_negative_feedback,1
Component_547,唤醒率,smart_cabin_voice_assistant_negative_feedback,1
Component_548,唤醒功能,smart_cabin_voice_assistant_negative_feedback,1
Component_549,语音对话反应速度,smart_cabin_voice_assistant_negative_feedback,1
Component_550,语音识别准确率,smart_cabin_voice_assistant_negative_feedback,1
Component_551,连续对话功能,smart_cabin_voice_assistant_negative_feedback,1
Component_552,误识别,smart_cabin_voice_assistant_negative_feedback,1
Component_553,NFC钥匙,smart_cabin_voice_assistant_negative_feedback,1
Component_554,UWB钥匙,smart_cabin_voice_assistant_negative_feedback,1
Component_555,车机,smart_cabin_voice_assistant_negative_feedback,2
Component_556,触发灵敏度,smart_cabin_voice_assistant_negative_feedback,1
Component_557,HUD,smart_cabin_unique_features_positive_feedback,1
Component_558,浏览器,smart_cabin_unique_features_positive_feedback,1
Component_559,冰箱控制面板,smart_cabin_unique_features_positive_feedback,1
Component_560,能耗统计系统,smart_cabin_unique_features_positive_feedback,1
Component_561,空调,smart_cabin_unique_features_positive_feedback,1
Component_562,路书APP,smart_cabin_unique_features_positive_feedback,1
Component_563,场景预设,smart_cabin_unique_features_positive_feedback,1
Component_564,娱乐屏,smart_cabin_unique_features_positive_feedback,1
Component_565,屏幕角度调节机构,smart_cabin_unique_features_positive_feedback,1
Component_566,屏幕,smart_cabin_unique_features_positive_feedback,1
Component_567,杯托,smart_cabin_unique_features_positive_feedback,1
Component_568,按钮,smart_cabin_unique_features_positive_feedback,1
Component_569,摄像画面,smart_cabin_unique_features_positive_feedback,1
Component_570,座舱,smart_cabin_unique_features_positive_feedback,1
Component_571,滤网,smart_cabin_unique_features_positive_feedback,1
Component_572,流媒体后视镜,smart_cabin_unique_features_positive_feedback,2
Component_573,防晕车模式,smart_cabin_unique_features_positive_feedback,1
Component_574,华为平板接口,smart_cabin_unique_features_positive_feedback,1
Component_575,华为pad,smart_cabin_unique_features_positive_feedback,1
Component_576,车机,smart_cabin_unique_features_positive_feedback,1
Component_577,大屏,smart_cabin_unique_features_negative_feedback,1
Component_578,座舱UI,smart_cabin_unique_features_negative_feedback,1
Component_579,座舱,smart_cabin_unique_features_negative_feedback,1
Component_580,防夹手设置,smart_cabin_unique_features_negative_feedback,1
Component_581,应用生态,smart_cabin_unique_features_negative_feedback,1
Component_582,贯穿屏,smart_cabin_unique_features_negative_feedback,1
Component_583,UI,smart_cabin_unique_features_negative_feedback,1
Component_584,二排遥控器,smart_cabin_unique_features_negative_feedback,1
Component_585,车机,smart_cabin_unique_features_negative_feedback,1
Component_586,PAD,smart_cabin_unique_features_negative_feedback,1
Component_587,HUD,smart_cabin_unique_features_negative_feedback,1
Component_588,仪表盘,smart_cabin_unique_features_negative_feedback,1
Component_589,液晶显示屏,smart_cabin_other_positive_feedback,1
Component_590,屏幕,smart_cabin_other_positive_feedback,1
Component_591,第二排,smart_cabin_other_negative_feedback,1
Component_592,幼童,smart_cabin_other_negative_feedback,1
Component_593,头顶,smart_cabin_other_negative_feedback,1
Component_594,调用,smart_cabin_other_negative_feedback,1
Component_595,智能性,smart_cabin_other_negative_feedback,1
Component_596,电车功能,smart_cabin_other_negative_feedback,1
Component_597,空间,configuration_comfort_features_positive_feedback,1
Component_598,前备箱,configuration_comfort_features_positive_feedback,1
Component_599,驾驶品质,configuration_comfort_features_positive_feedback,1
Component_600,二排座椅,configuration_comfort_features_positive_feedback,1
Component_601,座椅按摩,configuration_comfort_features_positive_feedback,4
Component_602,0重力模式,configuration_comfort_features_positive_feedback,1
Component_603,座椅功能,configuration_comfort_features_positive_feedback,1
Component_604,座椅加热,configuration_comfort_features_positive_feedback,2
Component_605,无钥匙系统,configuration_comfort_features_positive_feedback,1
Component_606,大屏,configuration_comfort_features_positive_feedback,1
Component_607,品质感,configuration_comfort_features_positive_feedback,1
Component_608,性价比,configuration_comfort_features_positive_feedback,1
Component_609,座椅包裹性,configuration_comfort_features_positive_feedback,1
Component_610,杜比扬声器,configuration_comfort_features_positive_feedback,1
Component_611,音响,configuration_comfort_features_positive_feedback,1
Component_612,扬声器,configuration_comfort_features_positive_feedback,1
Component_613,冰箱,configuration_comfort_features_positive_feedback,3
Component_614,彩电,configuration_comfort_features_positive_feedback,2
Component_615,沙发,configuration_comfort_features_positive_feedback,2
Component_616,座椅,configuration_comfort_features_positive_feedback,7
Component_617,娱乐系统,configuration_comfort_features_positive_feedback,1
Component_618,扶手,configuration_comfort_features_positive_feedback,1
Component_619,座椅通风,configuration_comfort_features_positive_feedback,2
Component_620,全景天窗,configuration_comfort_features_positive_feedback,1
Component_621,座椅调节,configuration_comfort_features_positive_feedback,1
Component_622,后排空间,configuration_comfort_features_positive_feedback,1
Component_623,第三排座椅,configuration_comfort_features_positive_feedback,2
Component_624,座椅靠背,configuration_comfort_features_positive_feedback,1
Component_625,前排座椅,configuration_comfort_features_positive_feedback,1
Component_626,0重力座椅,configuration_comfort_features_positive_feedback,1
Component_627,热泵空调,configuration_comfort_features_positive_feedback,1
Component_628,前排座椅加热,configuration_comfort_features_positive_feedback,1
Component_629,前排座椅通风,configuration_comfort_features_positive_feedback,1
Component_630,前排座椅电动调节,configuration_comfort_features_positive_feedback,1
Component_631,CarPlay,configuration_comfort_features_positive_feedback,1
Component_632,无线连接,configuration_comfort_features_positive_feedback,1
Component_633,滑移门,configuration_comfort_features_positive_feedback,1
Component_634,中控大屏,configuration_comfort_features_positive_feedback,1
Component_635,软包覆,configuration_comfort_features_positive_feedback,1
Component_636,座椅调节按键,configuration_comfort_features_positive_feedback,1
Component_637,门板,configuration_comfort_features_positive_feedback,1
Component_638,增程器,configuration_comfort_features_positive_feedback,1
Component_639,后排电动腿托,configuration_comfort_features_positive_feedback,1
Component_640,后备箱,configuration_comfort_features_positive_feedback,1
Component_641,电吸门,configuration_comfort_features_positive_feedback,1
Component_642,空气悬架,configuration_comfort_features_positive_feedback,1
Component_643,副驾屏,configuration_comfort_features_positive_feedback,1
Component_644,二排座椅,configuration_comfort_features_negative_feedback,1
Component_645,扶手,configuration_comfort_features_negative_feedback,1
Component_646,三排座椅,configuration_comfort_features_negative_feedback,1
Component_647,扭力梁悬架,configuration_comfort_features_negative_feedback,1
Component_648,音效,configuration_comfort_features_negative_feedback,1
Component_649,车价,configuration_comfort_features_negative_feedback,1
Component_650,二排过道,configuration_comfort_features_negative_feedback,1
Component_651,主驾座椅,configuration_comfort_features_negative_feedback,1
Component_652,360影像,configuration_comfort_features_negative_feedback,1
Component_653,座椅通风,configuration_comfort_features_negative_feedback,1
Component_654,座椅加热,configuration_comfort_features_negative_feedback,1
Component_655,续航,configuration_comfort_features_negative_feedback,1
Component_656,后视镜,configuration_comfort_features_negative_feedback,1
Component_657,车机界面,configuration_comfort_features_negative_feedback,1
Component_658,电动滑移门,configuration_comfort_features_negative_feedback,1
Component_659,后排座椅靠背,configuration_comfort_features_negative_feedback,1
Component_660,腿托,configuration_comfort_features_negative_feedback,1
Component_661,配置,configuration_comfort_features_negative_feedback,1
Component_662,第三排,configuration_comfort_features_negative_feedback,1
Component_663,副驾屏,configuration_comfort_features_negative_feedback,1
Component_664,辅助驾驶,configuration_tech_features_positive_feedback,1
Component_665,语音助手,configuration_tech_features_positive_feedback,2
Component_666,操控体验,configuration_tech_features_positive_feedback,1
Component_667,MPV,configuration_tech_features_positive_feedback,1
Component_668,轿车,configuration_tech_features_positive_feedback,1
Component_669,二排屏幕,configuration_tech_features_positive_feedback,1
Component_670,健康监测,configuration_tech_features_positive_feedback,1
Component_671,生态互联,configuration_tech_features_positive_feedback,1
Component_672,AR HUD,configuration_tech_features_positive_feedback,2
Component_673,智驾高速NDA,configuration_tech_features_positive_feedback,1
Component_674,华为智驾方案,configuration_tech_features_positive_feedback,1
Component_675,杜比音效,configuration_tech_features_positive_feedback,1
Component_676,华为智能座舱,configuration_tech_features_positive_feedback,1
Component_677,交互系统,configuration_tech_features_positive_feedback,1
Component_678,生态整合,configuration_tech_features_positive_feedback,1
Component_679,后轮主动转向,configuration_tech_features_positive_feedback,1
Component_680,系统操作,configuration_tech_features_positive_feedback,1
Component_681,激光雷达,configuration_tech_features_positive_feedback,3
Component_682,空气悬架,configuration_tech_features_positive_feedback,1
Component_683,视频设备,configuration_tech_features_positive_feedback,1
Component_684,自动紧急制动,configuration_tech_features_positive_feedback,1
Component_685,车道居中保持,configuration_tech_features_positive_feedback,1
Component_686,盲点监测,configuration_tech_features_positive_feedback,1
Component_687,智能驾驶辅助系统,configuration_tech_features_positive_feedback,1
Component_688,智驾系统,configuration_tech_features_positive_feedback,2
Component_689,OTA升级,configuration_tech_features_positive_feedback,1
Component_690,智能泊车,configuration_tech_features_positive_feedback,1
Component_691,语音系统,configuration_tech_features_positive_feedback,1
Component_692,幕布投影,configuration_tech_features_positive_feedback,1
Component_693,4D毫米波雷达,configuration_tech_features_positive_feedback,1
Component_694,华为ADS辅助驾驶高阶版,configuration_tech_features_positive_feedback,1
Component_695,ADS4.0,configuration_tech_features_positive_feedback,1
Component_696,鸿蒙座舱,configuration_tech_features_positive_feedback,1
Component_697,屏幕,configuration_tech_features_negative_feedback,2
Component_698,流媒体后视镜,configuration_tech_features_negative_feedback,1
Component_699,冰箱,configuration_tech_features_negative_feedback,1
Component_700,碰撞报警音,configuration_tech_features_negative_feedback,1
Component_701,语音提醒,configuration_tech_features_negative_feedback,1
Component_702,幕布,configuration_tech_features_negative_feedback,1
Component_703,激光雷达,configuration_tech_features_negative_feedback,1
Component_704,智驾,configuration_tech_features_negative_feedback,1
Component_705,轮胎,configuration_other_positive_feedback,1
Component_706,大屏,configuration_other_positive_feedback,1
Component_707,头部吸顶屏,configuration_other_positive_feedback,1
Component_708,二排座椅,configuration_other_positive_feedback,1
Component_709,腿托,configuration_other_positive_feedback,1
Component_710,按摩功能,configuration_other_positive_feedback,1
Component_711,配置,configuration_other_positive_feedback,1
Component_712,续航里程,configuration_other_positive_feedback,1
Component_713,零重力座椅,configuration_other_positive_feedback,1
Component_714,后尾门,configuration_other_positive_feedback,1
Component_715,智驾,configuration_other_negative_feedback,1
Component_716,安全气囊,configuration_other_negative_feedback,1
Component_717,缝隙,body_gap_positive_feedback,4
Component_718,分缝,body_gap_positive_feedback,1
Component_719,感知区域,body_gap_positive_feedback,1
Component_720,设计,body_gap_positive_feedback,1
Component_721,颜色,body_gap_positive_feedback,1
Component_722,条子,body_gap_positive_feedback,1
Component_723,装饰,body_gap_positive_feedback,1
Component_724,外车身,body_gap_positive_feedback,1
Component_725,外观,body_gap_positive_feedback,1
Component_726,间隙,body_gap_positive_feedback,1
Component_727,面差,body_gap_positive_feedback,1
Component_728,车身缝隙,body_gap_positive_feedback,8
Component_729,整车,body_gap_positive_feedback,1
Component_730,整车车身,body_gap_positive_feedback,1
Component_731,车身,body_gap_positive_feedback,1
Component_732,外饰,body_gap_positive_feedback,1
Component_733,缝隙,body_gap_negative_feedback,3
Component_734,车身缝隙,body_gap_negative_feedback,2
Component_735,内饰缝,body_gap_negative_feedback,1
Component_736,车门接缝,body_gap_negative_feedback,1
Component_737,车外钣金缝隙,body_gap_negative_feedback,1
Component_738,行李仓内饰,body_gap_negative_feedback,1
Component_739,车膜,body_gap_negative_feedback,1
Component_740,后视镜,body_gap_negative_feedback,1
Component_741,缝线,body_gap_negative_feedback,1
Component_742,焊点,body_gap_negative_feedback,1
Component_743,内饰,body_gap_negative_feedback,1
Component_744,门中片,material_color_consistency_positive_feedback,1
Component_745,座椅,material_color_consistency_positive_feedback,1
Component_746,玻璃,material_color_consistency_positive_feedback,1
Component_747,顶棚,material_color_consistency_positive_feedback,1
Component_748,内饰,material_color_consistency_positive_feedback,5
Component_749,空调出风口,material_color_consistency_positive_feedback,1
Component_750,氛围灯,material_color_consistency_positive_feedback,1
Component_751,整车,material_color_consistency_positive_feedback,2
Component_752,材质,material_color_consistency_positive_feedback,1
Component_753,门,material_color_consistency_positive_feedback,1
Component_754,车身,material_color_consistency_positive_feedback,2
Component_755,硬质塑料,material_color_consistency_positive_feedback,1
Component_756,皮质包裹,material_color_consistency_positive_feedback,1
Component_757,车身漆面,material_color_consistency_positive_feedback,1
Component_758,车漆,material_color_consistency_positive_feedback,1
Component_759,座椅面料,material_color_consistency_positive_feedback,1
Component_760,机舱盖板,material_color_consistency_positive_feedback,1
Component_761,门下本体,material_color_consistency_negative_feedback,1
Component_762,颜色,material_color_consistency_negative_feedback,1
Component_763,仪表台,material_color_consistency_negative_feedback,1
Component_764,导轨,material_color_consistency_negative_feedback,1
Component_765,非接触面,material_color_consistency_negative_feedback,1
Component_766,电动机构,closure_quality_positive_feedback,1
Component_767,拉手,closure_quality_positive_feedback,1
Component_768,开关,closure_quality_positive_feedback,1
Component_769,尾门,closure_quality_positive_feedback,2
Component_770,门,closure_quality_positive_feedback,3
Component_771,门把手,closure_quality_positive_feedback,1
Component_772,冰箱,closure_quality_positive_feedback,1
Component_773,手扶箱,closure_quality_positive_feedback,1
Component_774,车门,closure_quality_positive_feedback,5
Component_775,外把手,closure_quality_negative_feedback,1
Component_776,门,closure_quality_negative_feedback,1
Component_777,开门力,closure_quality_negative_feedback,2
Component_778,关门声音,closure_quality_negative_feedback,1
Component_779,门饰板,closure_quality_negative_feedback,1
Component_780,关门声,closure_quality_negative_feedback,1
Component_781,副驾小桌板,closure_quality_negative_feedback,1
Component_782,电吸门,closure_quality_negative_feedback,1
Component_783,按键,button_quality_positive_feedback,11
Component_784,Icon,button_quality_positive_feedback,1
Component_785,实体按键,button_quality_positive_feedback,2
Component_786,中控屏,button_quality_positive_feedback,1
Component_787,虚拟按键,button_quality_positive_feedback,1
Component_788,后排电子按键,button_quality_positive_feedback,1
Component_789,拨杆,button_quality_positive_feedback,1
Component_790,氛围灯开关,button_quality_positive_feedback,1
Component_791,中控台旋钮按钮,button_quality_positive_feedback,1
Component_792,开门内开关,button_quality_positive_feedback,1
Component_793,屏幕,button_quality_positive_feedback,2
Component_794,语音,button_quality_positive_feedback,1
Component_795,拨钮,button_quality_positive_feedback,1
Component_796,旋钮,button_quality_positive_feedback,2
Component_797,按钮,button_quality_positive_feedback,1
Component_798,拨动机构,button_quality_positive_feedback,1
Component_799,推拉机构,button_quality_positive_feedback,1
Component_800,质感,button_quality_negative_feedback,2
Component_801,品质,button_quality_negative_feedback,1
Component_802,方向盘,button_quality_negative_feedback,1
Component_803,车顶触屏,button_quality_negative_feedback,1
Component_804,按键,button_quality_negative_feedback,5
Component_805,音量档位,button_quality_negative_feedback,1
Component_806,隐藏式门把手,button_quality_negative_feedback,1
Component_807,操作质感,button_quality_negative_feedback,1
Component_808,喇叭饰罩,overall_quality_other_positive_feedback,1
Component_809,电池,overall_quality_other_positive_feedback,1
Component_810,车身,overall_quality_other_positive_feedback,1
Component_811,座椅,overall_quality_other_negative_feedback,2
Component_812,缝线,overall_quality_other_negative_feedback,1
Component_813,塑料罩盖,overall_quality_other_negative_feedback,1
Component_814,功能件,overall_quality_other_negative_feedback,1
Component_815,驾驶视野,safety_info_expression_positive_feedback,1
Component_816,360开关,safety_info_expression_positive_feedback,1
Component_817,辅助驾驶系统,safety_info_expression_positive_feedback,1
Component_818,仪表,safety_info_expression_positive_feedback,2
Component_819,中控,safety_info_expression_positive_feedback,1
Component_820,HUD,safety_info_expression_positive_feedback,2
Component_821,气囊,safety_info_expression_positive_feedback,1
Component_822,后视镜补盲,safety_info_expression_positive_feedback,1
Component_823,A柱补盲,safety_info_expression_positive_feedback,1
Component_824,驾驶安全信息,safety_info_expression_positive_feedback,1
Component_825,车内摄像头,safety_info_expression_positive_feedback,1
Component_826,涉水检测,safety_info_expression_positive_feedback,1
Component_827,仪表,safety_info_expression_negative_feedback,1
Component_828,中控屏,safety_info_expression_negative_feedback,1
Component_829,二排,safety_info_expression_negative_feedback,1
Component_830,安全气囊,passive_safety_positive_feedback,4
Component_831,车门备份独立电源,passive_safety_positive_feedback,1
Component_832,车身结构,passive_safety_positive_feedback,1
Component_833,车身强度,passive_safety_positive_feedback,1
Component_834,电池,passive_safety_positive_feedback,1
Component_835,单踏板模式,passive_safety_positive_feedback,1
Component_836,侧气囊,passive_safety_positive_feedback,4
Component_837,侧气帘,passive_safety_positive_feedback,2
Component_838,安全带,passive_safety_positive_feedback,2
Component_839,后排座椅下滑气囊,passive_safety_positive_feedback,1
Component_840,全向传力路径,passive_safety_positive_feedback,1
Component_841,非承载式车身,passive_safety_positive_feedback,1
Component_842,侧气帘,passive_safety_negative_feedback,1
Component_843,安全气囊,passive_safety_negative_feedback,1
Component_844,前排中央气囊,passive_safety_negative_feedback,1
Component_845,辅助驾驶,active_safety_positive_feedback,1
Component_846,紧急主动操作,active_safety_positive_feedback,1
Component_847,避让操作,active_safety_positive_feedback,1
Component_848,智驾能力,active_safety_positive_feedback,1
Component_849,驾驶风险识别,active_safety_positive_feedback,1
Component_850,全场景辅助驾驶,active_safety_positive_feedback,1
Component_851,智驾功能,active_safety_positive_feedback,1
Component_852,主动安全,active_safety_positive_feedback,2
Component_853,智驾安全配置,active_safety_positive_feedback,1
Component_854,华为智驾,active_safety_positive_feedback,1
Component_855,ATL激光雷达,active_safety_positive_feedback,1
Component_856,地平线征程6M芯片,active_safety_positive_feedback,1
Component_857,英伟达Thor-U双芯,active_safety_positive_feedback,1
Component_858,高速NOA,active_safety_positive_feedback,1
Component_859,激光雷达AEB,active_safety_positive_feedback,1
Component_860,全场景NOA,active_safety_positive_feedback,1
Component_861,VLA辅助驾驶,active_safety_positive_feedback,1
Component_862,FSD,active_safety_positive_feedback,1
Component_863,视觉方案,active_safety_positive_feedback,1
Component_864,高阶智驾,active_safety_positive_feedback,1
Component_865,自动泊车,active_safety_positive_feedback,1
Component_866,上楼梯功能,active_safety_positive_feedback,1
Component_867,方向盘自动回正,active_safety_positive_feedback,1
Component_868,智能驾驶,active_safety_positive_feedback,1
Component_869,主机界面,active_safety_positive_feedback,1
Component_870,预警功能,active_safety_positive_feedback,1
Component_871,华为乾崑智驾,active_safety_positive_feedback,1
Component_872,主动避让行人,active_safety_positive_feedback,1
Component_873,AEB,active_safety_positive_feedback,1
Component_874,主动紧急避险功能,active_safety_positive_feedback,1
Component_875,辅助驾驶,active_safety_negative_feedback,1
Component_876,复杂场景识别,active_safety_negative_feedback,1
Component_877,智能驾驶,active_safety_negative_feedback,1
Component_878,智驾系统,active_safety_negative_feedback,1
Component_879,L2辅助驾驶,active_safety_negative_feedback,1
Component_880,下车开门预警,active_safety_negative_feedback,1
Component_881,行人检测,active_safety_negative_feedback,1
Component_882,高阶智驾,active_safety_negative_feedback,1
Component_883,高速NOA,active_safety_negative_feedback,1
Component_884,安全配置,driving_safety_other_positive_feedback,1
Component_885,门把手,driving_safety_other_positive_feedback,1
Component_886,乾坤智驾4.0,driving_safety_other_positive_feedback,1
Component_887,全维安全设计,driving_safety_other_positive_feedback,1
Component_888,主动安全,driving_safety_other_positive_feedback,1
Component_889,被动安全,driving_safety_other_positive_feedback,1
Component_890,座椅,driving_safety_other_positive_feedback,1
Component_891,智驾,driving_safety_other_positive_feedback,1
Component_892,加速,driving_safety_other_positive_feedback,1
Component_893,最高车速,driving_safety_other_negative_feedback,1
Component_894,座椅,seat_comfort_positive_feedback,34
Component_895,驾驶侧翼,seat_comfort_positive_feedback,1
Component_896,按摩功能,seat_comfort_positive_feedback,4
Component_897,主驾座椅,seat_comfort_positive_feedback,2
Component_898,副驾座椅,seat_comfort_positive_feedback,1
Component_899,副驾腿托,seat_comfort_positive_feedback,1
Component_900,头枕,seat_comfort_positive_feedback,3
Component_901,通风系统,seat_comfort_positive_feedback,1
Component_902,加热功能,seat_comfort_positive_feedback,1
Component_903,面料,seat_comfort_positive_feedback,1
Component_904,座椅按摩,seat_comfort_positive_feedback,1
Component_905,座椅通风,seat_comfort_positive_feedback,1
Component_906,座椅加热,seat_comfort_positive_feedback,1
Component_907,座垫,seat_comfort_positive_feedback,2
Component_908,后排座椅,seat_comfort_positive_feedback,2
Component_909,按摩,seat_comfort_positive_feedback,3
Component_910,二排座椅,seat_comfort_positive_feedback,1
Component_911,通风,seat_comfort_positive_feedback,1
Component_912,腿部空间,seat_comfort_positive_feedback,1
Component_913,支撑,seat_comfort_positive_feedback,1
Component_914,主驾驶座椅,seat_comfort_positive_feedback,1
Component_915,副驾驶座椅,seat_comfort_positive_feedback,1
Component_916,儿童座椅,seat_comfort_positive_feedback,1
Component_917,靠枕,seat_comfort_positive_feedback,1
Component_918,零重力座椅,seat_comfort_positive_feedback,1
Component_919,座椅,seat_comfort_negative_feedback,10
Component_920,零重力功能,seat_comfort_negative_feedback,1
Component_921,过道板扶手,seat_comfort_negative_feedback,1
Component_922,头枕,seat_comfort_negative_feedback,2
Component_923,腿部支撑,seat_comfort_negative_feedback,1
Component_924,按摩功能,seat_comfort_negative_feedback,2
Component_925,座椅材质,seat_comfort_negative_feedback,1
Component_926,真皮,seat_comfort_negative_feedback,1
Component_927,二排座椅,seat_comfort_negative_feedback,1
Component_928,承托,seat_comfort_negative_feedback,1
Component_929,6座布局,seat_comfort_negative_feedback,1
Component_930,空间,seat_comfort_negative_feedback,1
Component_931,腿拖,seat_comfort_negative_feedback,1
Component_932,支撑,seat_comfort_negative_feedback,1
Component_933,座椅表面,seat_comfort_negative_feedback,1
Component_934,褶皱,seat_comfort_negative_feedback,1
Component_935,缝线,seat_comfort_negative_feedback,1
Component_936,座椅工艺,seat_comfort_negative_feedback,1
Component_937,脚托,seat_comfort_negative_feedback,1
Component_938,腿托,seat_comfort_negative_feedback,1
Component_939,Y向空间,seat_comfort_negative_feedback,1
Component_940,坐垫按摩,seat_comfort_negative_feedback,1
Component_941,包裹性,seat_comfort_negative_feedback,2
Component_942,坐垫,seat_comfort_negative_feedback,2
Component_943,座椅靠背,seat_comfort_negative_feedback,1
Component_944,靠背,seat_comfort_negative_feedback,2
Component_945,座垫,seat_comfort_negative_feedback,1
Component_946,后排屏幕,seat_comfort_negative_feedback,1
Component_947,扶手,seat_comfort_negative_feedback,1
Component_948,肩部,seat_comfort_negative_feedback,1
Component_949,侧板,seat_comfort_negative_feedback,1
Component_950,悬架,seat_comfort_negative_feedback,1
Component_951,三排空间,space_positive_feedback,2
Component_952,三排座椅,space_positive_feedback,1
Component_953,储物空间,space_positive_feedback,3
Component_954,空间,space_positive_feedback,10
Component_955,地板,space_positive_feedback,1
Component_956,头部空间,space_positive_feedback,3
Component_957,二排空间,space_positive_feedback,1
Component_958,前排,space_positive_feedback,1
Component_959,后排,space_positive_feedback,1
Component_960,可调节空间,space_positive_feedback,1
Component_961,车内空间,space_positive_feedback,2
Component_962,空间感,space_positive_feedback,2
Component_963,空间利用率,space_positive_feedback,1
Component_964,座椅,space_positive_feedback,2
Component_965,地毯,space_positive_feedback,1
Component_966,腿部空间,space_positive_feedback,3
Component_967,乘坐空间,space_positive_feedback,3
Component_968,二排,space_positive_feedback,1
Component_969,三排,space_positive_feedback,1
Component_970,后排空间,space_positive_feedback,6
Component_971,整体空间,space_positive_feedback,1
Component_972,第三排空间,space_positive_feedback,2
Component_973,后备箱空间,space_positive_feedback,2
Component_974,平面空间,space_positive_feedback,1
Component_975,第三排座椅,space_positive_feedback,1
Component_976,前排空间,space_positive_feedback,1
Component_977,台阶,space_negative_feedback,1
Component_978,座椅,space_negative_feedback,1
Component_979,凹陷区域,space_negative_feedback,1
Component_980,车身,space_negative_feedback,3
Component_981,头部空间,space_negative_feedback,2
Component_982,侧面,space_negative_feedback,1
Component_983,后排,space_negative_feedback,1
Component_984,小孩,space_negative_feedback,1
Component_985,膝盖,space_negative_feedback,1
Component_986,右侧,space_negative_feedback,1
Component_987,后排头部空间,space_negative_feedback,1
Component_988,全景天窗,space_negative_feedback,1
Component_989,二排进出通道,space_negative_feedback,1
Component_990,三排空间,space_negative_feedback,1
Component_991,平整度,space_negative_feedback,1
Component_992,储物空间,space_negative_feedback,1
Component_993,腿托,space_negative_feedback,1
Component_994,空间,space_negative_feedback,2
Component_995,充电接口,space_negative_feedback,1
Component_996,杯架,space_negative_feedback,1
Component_997,前排拉手,space_negative_feedback,1
Component_998,悬架,comfort_features_positive_feedback,1
Component_999,座椅,comfort_features_positive_feedback,1
Component_1000,空气悬架,comfort_features_positive_feedback,1
Component_1001,储物空间,comfort_features_positive_feedback,1
Component_1002,人机交互系统,comfort_features_positive_feedback,1
Component_1003,座椅通风,comfort_features_positive_feedback,2
Component_1004,座椅加热,comfort_features_positive_feedback,1
Component_1005,全景天窗,comfort_features_positive_feedback,1
Component_1006,遮阳帘,comfort_features_positive_feedback,2
Component_1007,后排座椅,comfort_features_positive_feedback,1
Component_1008,小冰箱,comfort_features_positive_feedback,1
Component_1009,后排座椅屏幕,comfort_features_positive_feedback,1
Component_1010,电动遮阳帘,comfort_features_positive_feedback,1
Component_1011,座椅按摩,comfort_features_positive_feedback,1
Component_1012,二排座椅,comfort_features_positive_feedback,1
Component_1013,天幕,comfort_features_positive_feedback,1
Component_1014,冰箱,comfort_features_positive_feedback,1
Component_1015,彩电,comfort_features_positive_feedback,1
Component_1016,沙发,comfort_features_positive_feedback,1
Component_1017,零重力座椅,comfort_features_positive_feedback,1
Component_1018,零重力座椅,comfort_features_negative_feedback,1
Component_1019,中控台,comfort_features_negative_feedback,1
Component_1020,后排出风口,comfort_features_negative_feedback,1
Component_1021,座椅调节,comfort_features_negative_feedback,1
Component_1022,腰托调节,comfort_features_negative_feedback,1
Component_1023,电动沙发,comfort_features_negative_feedback,1
Component_1024,路噪,quietness_positive_feedback,1
Component_1025,胎噪,quietness_positive_feedback,1
Component_1026,风噪,quietness_positive_feedback,1
Component_1027,导航声音,quietness_positive_feedback,1
Component_1028,头枕,quietness_positive_feedback,1
Component_1029,主驾驶,quietness_positive_feedback,1
Component_1030,后排,quietness_positive_feedback,1
Component_1031,隔音,quietness_positive_feedback,1
Component_1032,乘坐空间,quietness_positive_feedback,1
Component_1033,行车噪音,quietness_positive_feedback,1
Component_1034,车窗防窥膜,quietness_positive_feedback,1
Component_1035,静谧感,quietness_positive_feedback,1
Component_1036,音响,quietness_positive_feedback,1
Component_1037,隔振,quietness_positive_feedback,1
Component_1038,底盘噪音,quietness_positive_feedback,1
Component_1039,车门,quietness_positive_feedback,1
Component_1040,车内空间,quietness_positive_feedback,1
Component_1041,纯电驾驶模式,quietness_positive_feedback,1
Component_1042,增程发动机启动模式,quietness_positive_feedback,1
Component_1043,静谧性,quietness_positive_feedback,2
Component_1044,风噪,quietness_negative_feedback,2
Component_1045,大荧幕,quietness_negative_feedback,1
Component_1046,轨道,quietness_negative_feedback,1
Component_1047,震荡噪音,quietness_negative_feedback,1
Component_1048,零重力模式,quietness_negative_feedback,1
Component_1049,按摩电机,quietness_negative_feedback,1
Component_1050,空调出风口,air_conditioning_positive_feedback,4
Component_1051,空调,air_conditioning_positive_feedback,1
Component_1052,风向,air_conditioning_negative_feedback,1
Component_1053,空调,air_conditioning_negative_feedback,1
Component_1054,悬架,riding_comfort_other_positive_feedback,1
Component_1055,悬架,riding_comfort_other_negative_feedback,1
Component_1056,减速带,riding_comfort_other_negative_feedback,1
Component_1057,备箱,storage_space_positive_feedback,1
Component_1058,地图袋,storage_space_positive_feedback,1
Component_1059,伞槽,storage_space_positive_feedback,1
Component_1060,储物箱,storage_space_positive_feedback,1
Component_1061,冰箱,storage_space_positive_feedback,1
Component_1062,储物空间,storage_space_positive_feedback,7
Component_1063,空间,storage_space_positive_feedback,1
Component_1064,前仓储物空间,storage_space_positive_feedback,1
Component_1065,后背箱,storage_space_positive_feedback,1
Component_1066,前机舱储物空间,storage_space_positive_feedback,1
Component_1067,四门储物空间,storage_space_positive_feedback,1
Component_1068,后排座椅靠背放倒储物空间,storage_space_positive_feedback,1
Component_1069,前备箱储物盒,storage_space_positive_feedback,1
Component_1070,备胎池下面的储物盒,storage_space_positive_feedback,1
Component_1071,后备箱,storage_space_positive_feedback,2
Component_1072,前备箱,storage_space_positive_feedback,3
Component_1073,冰箱扶手箱,storage_space_positive_feedback,1
Component_1074,三排座椅折叠储物空间,storage_space_positive_feedback,1
Component_1075,副仪表板,storage_space_positive_feedback,1
Component_1076,二排座椅,storage_space_positive_feedback,1
Component_1077,门板储物空间,storage_space_positive_feedback,1
Component_1078,第三排空间,storage_space_positive_feedback,1
Component_1079,后备厢,storage_space_positive_feedback,1
Component_1080,尾箱,storage_space_positive_feedback,1
Component_1081,行李箱,storage_space_negative_feedback,2
Component_1082,方向盘开关,storage_space_negative_feedback,1
Component_1083,副驾储物盒,storage_space_negative_feedback,1
Component_1084,副仪表置杯架,storage_space_negative_feedback,1
Component_1085,后排座椅,storage_space_negative_feedback,1
Component_1086,后备箱,storage_space_negative_feedback,2
Component_1087,中控,storage_space_negative_feedback,1
Component_1088,小冰箱,storage_space_negative_feedback,1
Component_1089,储物空间,storage_space_negative_feedback,2
Component_1090,三排座椅,storage_space_negative_feedback,1
Component_1091,行李厢,storage_space_negative_feedback,1
Component_1092,副驾储物箱,storage_space_negative_feedback,1
Component_1093,冰箱,storage_space_negative_feedback,1
Component_1094,console储物空间,storage_space_negative_feedback,1
Component_1095,电子按钮,convenience_design_positive_feedback,1
Component_1096,沉坑,convenience_design_positive_feedback,1
Component_1097,小憩模式,convenience_design_positive_feedback,1
Component_1098,扶手,convenience_design_positive_feedback,1
Component_1099,水杯设计,convenience_design_positive_feedback,1
Component_1100,头枕,convenience_design_positive_feedback,1
Component_1101,音响,convenience_design_positive_feedback,1
Component_1102,车门,convenience_design_positive_feedback,1
Component_1103,座椅,convenience_design_positive_feedback,2
Component_1104,物理按键,convenience_design_positive_feedback,1
Component_1105,触摸盲操,convenience_design_positive_feedback,1
Component_1106,座椅姿态,convenience_design_positive_feedback,1
Component_1107,座椅功能,convenience_design_positive_feedback,1
Component_1108,虚拟触控按键,convenience_design_positive_feedback,1
Component_1109,屏幕,convenience_design_positive_feedback,1
Component_1110,一键操作,convenience_design_positive_feedback,1
Component_1111,UI,convenience_design_positive_feedback,1
Component_1112,B柱,convenience_design_positive_feedback,1
Component_1113,隐藏式挂钩,convenience_design_positive_feedback,1
Component_1114,二排上下车扶手,convenience_design_positive_feedback,1
Component_1115,三排座椅,convenience_design_positive_feedback,1
Component_1116,二排过道,convenience_design_positive_feedback,1
Component_1117,座椅扶手,convenience_design_positive_feedback,1
Component_1118,右侧老板座,convenience_design_positive_feedback,1
Component_1119,后备箱,convenience_design_positive_feedback,1
Component_1120,小储物空间,convenience_design_positive_feedback,1
Component_1121,挂钩,convenience_design_positive_feedback,1
Component_1122,充电口,convenience_design_positive_feedback,1
Component_1123,尾箱,convenience_design_positive_feedback,1
Component_1124,悬架升降按钮,convenience_design_positive_feedback,1
Component_1125,冰箱,convenience_design_negative_feedback,1
Component_1126,娱乐屏,convenience_design_negative_feedback,1
Component_1127,前排座椅靠背,convenience_design_negative_feedback,1
Component_1128,小桌板,convenience_design_negative_feedback,1
Component_1129,中控实体按键,convenience_design_negative_feedback,1
Component_1130,语音助手,convenience_design_negative_feedback,1
Component_1131,三排座椅,convenience_design_negative_feedback,1
Component_1132,方向盘,convenience_design_negative_feedback,1
Component_1133,门饰板,button_operation_positive_feedback,1
Component_1134,饰条,button_operation_positive_feedback,1
Component_1135,按键,button_operation_positive_feedback,4
Component_1136,科技,button_operation_positive_feedback,1
Component_1137,实体按键,button_operation_positive_feedback,3
Component_1138,机械式内外开门,button_operation_positive_feedback,1
Component_1139,硬按键,button_operation_positive_feedback,1
Component_1140,物理按键,button_operation_positive_feedback,2
Component_1141,方向盘按钮,button_operation_positive_feedback,1
Component_1142,开关门,button_operation_positive_feedback,1
Component_1143,手套箱,button_operation_positive_feedback,1
Component_1144,电子触屏,button_operation_positive_feedback,1
Component_1145,实体开关,button_operation_positive_feedback,1
Component_1146,方向盘按键,button_operation_positive_feedback,2
Component_1147,左拨杆,button_operation_positive_feedback,1
Component_1148,转向灯,button_operation_positive_feedback,1
Component_1149,远光提醒功能,button_operation_positive_feedback,1
Component_1150,方向盘开关,button_operation_positive_feedback,1
Component_1151,机械门把手,button_operation_positive_feedback,1
Component_1152,开门按键,button_operation_positive_feedback,1
Component_1153,按钮,button_operation_positive_feedback,1
Component_1154,扶手开关键,button_operation_positive_feedback,1
Component_1155,旋钮,button_operation_positive_feedback,1
Component_1156,右后车门,button_operation_positive_feedback,1
Component_1157,副驾座椅,button_operation_positive_feedback,1
Component_1158,二排座椅,button_operation_positive_feedback,1
Component_1159,童锁,button_operation_positive_feedback,1
Component_1160,门板上按键,button_operation_positive_feedback,1
Component_1161,按键,button_operation_negative_feedback,2
Component_1162,语音助手,button_operation_negative_feedback,1
Component_1163,空调,button_operation_negative_feedback,2
Component_1164,显示屏,button_operation_negative_feedback,1
Component_1165,后视镜,button_operation_negative_feedback,1
Component_1166,模式开关,button_operation_negative_feedback,1
Component_1167,天幕遮掩帘,button_operation_negative_feedback,1
Component_1168,后备箱按键,button_operation_negative_feedback,1
Component_1169,车门解锁按键,button_operation_negative_feedback,1
Component_1170,隐藏式门把手,button_operation_negative_feedback,1
Component_1171,换电,charging_convenience_positive_feedback,2
Component_1172,无线充电口,charging_convenience_positive_feedback,1
Component_1173,有线充电口,charging_convenience_positive_feedback,1
Component_1174,充电口,charging_convenience_positive_feedback,1
Component_1175,后备箱插座,charging_convenience_positive_feedback,1
Component_1176,座椅充电位,charging_convenience_positive_feedback,1
Component_1177,前排CNSL充电位,charging_convenience_positive_feedback,1
Component_1178,车载冰箱,operation_convenience_other_positive_feedback,1
Component_1179,扶手箱,operation_convenience_other_positive_feedback,1
Component_1180,中控,operation_convenience_other_positive_feedback,1
Component_1181,空间,store_experience_positive_feedback,1
Component_1182,环境,store_experience_positive_feedback,1
Component_1183,接待人员,store_experience_positive_feedback,1
Component_1184,服务,store_experience_positive_feedback,1
Component_1185,水,store_experience_positive_feedback,2
Component_1186,陪同,store_experience_positive_feedback,1
Component_1187,车,store_experience_positive_feedback,1
Component_1188,标签墙,store_experience_positive_feedback,1
Component_1189,解说,store_experience_positive_feedback,1
Component_1190,陪伴,store_experience_positive_feedback,1
Component_1191,销售,store_experience_positive_feedback,1
Component_1192,顾客,store_experience_positive_feedback,1
Component_1193,功能,store_experience_positive_feedback,1
Component_1194,操作指引,store_experience_positive_feedback,1
Component_1195,车辆,store_experience_positive_feedback,1
Component_1196,用户操作,store_experience_positive_feedback,1
Component_1197,门店,store_experience_positive_feedback,3
Component_1198,电脑,store_experience_positive_feedback,1
Component_1199,操作界面,store_experience_positive_feedback,1
Component_1200,价格,store_experience_positive_feedback,1
Component_1201,进出,store_experience_positive_feedback,1
Component_1202,舒适,store_experience_positive_feedback,1
Component_1203,敞亮,store_experience_positive_feedback,1
Component_1204,电话沟通,store_experience_positive_feedback,1
Component_1205,预约,store_experience_positive_feedback,1
Component_1206,出门迎接,store_experience_positive_feedback,1
Component_1207,递水,store_experience_positive_feedback,1
Component_1208,看车,store_experience_positive_feedback,1
Component_1209,试乘试驾,store_experience_positive_feedback,1
Component_1210,智能家居,store_experience_positive_feedback,1
Component_1211,手机,store_experience_positive_feedback,1
Component_1212,汽车,store_experience_positive_feedback,1
Component_1213,展车,store_experience_positive_feedback,1
Component_1214,试驾,store_experience_positive_feedback,1
Component_1215,展台,store_experience_positive_feedback,1
Component_1216,接待人员,store_experience_negative_feedback,1
Component_1217,专业性,store_experience_negative_feedback,1
Component_1218,店内布置,store_experience_negative_feedback,1
Component_1219,讲解,store_experience_negative_feedback,2
Component_1220,专业词汇,store_experience_negative_feedback,1
Component_1221,车型讲解,store_experience_negative_feedback,1
Component_1222,空间,store_experience_negative_feedback,1
Component_1223,目标用户,store_experience_negative_feedback,1
Component_1224,新潮年轻人,store_experience_negative_feedback,1
Component_1225,车辆功能,reception_professionalism_positive_feedback,1
Component_1226,使用方式,reception_professionalism_positive_feedback,1
Component_1227,试乘试驾,reception_professionalism_positive_feedback,1
Component_1228,服务,reception_professionalism_positive_feedback,2
Component_1229,产品,reception_professionalism_positive_feedback,1
Component_1230,讲解,reception_professionalism_positive_feedback,2
Component_1231,展示,reception_professionalism_positive_feedback,1
Component_1232,热情,reception_professionalism_positive_feedback,4
Component_1233,车展介绍,reception_professionalism_positive_feedback,1
Component_1234,接待,reception_professionalism_positive_feedback,7
Component_1235,讲解服务,reception_professionalism_positive_feedback,1
Component_1236,产品功能,reception_professionalism_positive_feedback,1
Component_1237,亲和力,reception_professionalism_positive_feedback,1
Component_1238,销售人员,reception_professionalism_positive_feedback,1
Component_1239,预约,reception_professionalism_positive_feedback,1
Component_1240,上门服务,reception_professionalism_positive_feedback,1
Component_1241,接待人员,reception_professionalism_positive_feedback,1
Component_1242,车辆配置,reception_professionalism_positive_feedback,1
Component_1243,国家政策,reception_professionalism_positive_feedback,1
Component_1244,税收,reception_professionalism_positive_feedback,1
Component_1245,前机舱储物空间,reception_professionalism_positive_feedback,1
Component_1246,语音助手,reception_professionalism_positive_feedback,1
Component_1247,座椅,reception_professionalism_positive_feedback,1
Component_1248,试驾,reception_professionalism_positive_feedback,2
Component_1249,特斯拉车主,reception_professionalism_positive_feedback,1
Component_1250,自动泊车,reception_professionalism_positive_feedback,1
Component_1251,车顶玻璃,reception_professionalism_positive_feedback,1
Component_1252,直营店,reception_professionalism_positive_feedback,1
Component_1253,销售,reception_professionalism_positive_feedback,2
Component_1254,解答疑问,reception_professionalism_positive_feedback,1
Component_1255,接待态度,reception_professionalism_positive_feedback,1
Component_1256,耐心,reception_professionalism_positive_feedback,2
Component_1257,亲切,reception_professionalism_positive_feedback,1
Component_1258,介绍关注点,reception_professionalism_positive_feedback,1
Component_1259,介绍,reception_professionalism_positive_feedback,2
Component_1260,销售人员热情,reception_professionalism_positive_feedback,1
Component_1261,讲解车辆优点,reception_professionalism_positive_feedback,1
Component_1262,混动,reception_professionalism_positive_feedback,1
Component_1263,纯电续航,reception_professionalism_positive_feedback,1
Component_1264,电动滑门,reception_professionalism_positive_feedback,1
Component_1265,空间,reception_professionalism_positive_feedback,1
Component_1266,功能,reception_professionalism_positive_feedback,1
Component_1267,操作体验,reception_professionalism_positive_feedback,1
Component_1268,车,reception_professionalism_positive_feedback,1
Component_1269,人员,reception_professionalism_positive_feedback,1
Component_1270,培训,reception_professionalism_positive_feedback,1
Component_1271,联系方式,reception_professionalism_positive_feedback,1
Component_1272,联系,reception_professionalism_positive_feedback,1
Component_1273,接待人员,reception_professionalism_negative_feedback,2
Component_1274,功利性,reception_professionalism_negative_feedback,1
Component_1275,专业性,reception_professionalism_negative_feedback,2
Component_1276,常用备件,reception_professionalism_negative_feedback,1
Component_1277,宣传内容,reception_professionalism_negative_feedback,1
Component_1278,热情度,reception_professionalism_negative_feedback,1
Component_1279,专业度,reception_professionalism_negative_feedback,1
Component_1280,接待,reception_professionalism_negative_feedback,2
Component_1281,车展,reception_professionalism_negative_feedback,1
Component_1282,试驾,reception_professionalism_negative_feedback,1
Component_1283,路况确认,reception_professionalism_negative_feedback,1
Component_1284,专业能力,reception_professionalism_negative_feedback,1
Component_1285,流程自动化,reception_professionalism_negative_feedback,1
Component_1286,专业词汇,reception_professionalism_negative_feedback,1
Component_1287,智驾搭载计划,reception_professionalism_negative_feedback,1
Component_1288,车展导购,reception_professionalism_negative_feedback,1
Component_1289,敬业度,reception_professionalism_negative_feedback,1
Component_1290,销售人员,reception_professionalism_negative_feedback,2
Component_1291,客户服务形象,reception_professionalism_negative_feedback,1
Component_1292,储物空间,reception_professionalism_negative_feedback,1
Component_1293,功能,reception_professionalism_negative_feedback,1
Component_1294,驾驶与操控,demonstration_positive_feedback,1
Component_1295,辅助驾驶,demonstration_positive_feedback,1
Component_1296,语音助手,demonstration_positive_feedback,1
Component_1297,功能,demonstration_positive_feedback,1
Component_1298,车,demonstration_positive_feedback,1
Component_1299,品牌,demonstration_positive_feedback,1
Component_1300,核心竞争点,demonstration_positive_feedback,1
Component_1301,演示,demonstration_positive_feedback,1
Component_1302,讲解,demonstration_positive_feedback,2
Component_1303,亮点,demonstration_positive_feedback,1
Component_1304,用户关注点,demonstration_positive_feedback,1
Component_1305,体验,demonstration_positive_feedback,1
Component_1306,车型亮点,demonstration_positive_feedback,1
Component_1307,大屏,demonstration_positive_feedback,1
Component_1308,底盘,demonstration_positive_feedback,1
Component_1309,悬架,demonstration_positive_feedback,1
Component_1310,底盘悬架高度,demonstration_positive_feedback,1
Component_1311,车身,demonstration_positive_feedback,1
Component_1312,空间,demonstration_positive_feedback,1
Component_1313,性价比,demonstration_positive_feedback,1
Component_1314,三排沉坑,demonstration_negative_feedback,1
Component_1315,多功能,demonstration_negative_feedback,1
Component_1316,核心卖点,demonstration_negative_feedback,1
Component_1317,动态功能,demonstration_negative_feedback,1
Component_1318,T1A,service_experience_other_positive_feedback,1
Component_1319,底盘,chassis_tuning_positive_feedback,1
Component_1320,四连杆,chassis_tuning_positive_feedback,1
Component_1321,悬架,chassis_tuning_negative_feedback,5
Component_1322,内饰,chassis_tuning_negative_feedback,1
Component_1323,底盘,chassis_tuning_negative_feedback,1
Component_1324,主驾视野,view_positive_feedback,1
Component_1325,盲区视频辅助系统,view_positive_feedback,1
Component_1326,透光性,view_positive_feedback,1
Component_1327,视野,view_positive_feedback,7
Component_1328,前视野,view_positive_feedback,1
Component_1329,主驾座椅,view_positive_feedback,1
Component_1330,A柱,view_positive_feedback,2
Component_1331,前挡风玻璃,view_positive_feedback,1
Component_1332,前视摄像头,view_positive_feedback,1
Component_1333,HUD,view_positive_feedback,1
Component_1334,侧边路况显示系统,view_positive_feedback,1
Component_1335,后视镜,view_positive_feedback,1
Component_1336,车头后视镜,view_positive_feedback,1
Component_1337,补盲镜,view_positive_feedback,1
Component_1338,前排视野,view_positive_feedback,1
Component_1339,前方视野,view_positive_feedback,1
Component_1340,方向盘,view_positive_feedback,1
Component_1341,车身,view_positive_feedback,1
Component_1342,坐姿,view_positive_feedback,1
Component_1343,流媒体后视镜,view_positive_feedback,1
Component_1344,内后视镜,view_negative_feedback,1
Component_1345,发动机盖,view_negative_feedback,2
Component_1346,前下视野,view_negative_feedback,1
Component_1347,A柱,view_negative_feedback,1
Component_1348,HUD,view_negative_feedback,1
Component_1349,车身,view_negative_feedback,1
Component_1350,加速踏板,driving_experience_positive_feedback,2
Component_1351,减速踏板,driving_experience_positive_feedback,1
Component_1352,转向系统,driving_experience_positive_feedback,1
Component_1353,后轮转向,driving_experience_positive_feedback,1
Component_1354,空气悬架,driving_experience_positive_feedback,1
Component_1355,制动踏板,driving_experience_positive_feedback,1
Component_1356,运动模式,driving_experience_positive_feedback,1
Component_1357,路感反馈系统,driving_experience_positive_feedback,1
Component_1358,单踏板模式,driving_experience_positive_feedback,1
Component_1359,悬架,driving_experience_positive_feedback,1
Component_1360,加速系统,driving_experience_positive_feedback,1
Component_1361,MPV属性设计,driving_experience_positive_feedback,1
Component_1362,动力系统,driving_experience_positive_feedback,1
Component_1363,混动系统,driving_experience_positive_feedback,1
Component_1364,低速加速系统,driving_experience_positive_feedback,1
Component_1365,其他模式,driving_experience_negative_feedback,1
Component_1366,单踏板模式,driving_experience_negative_feedback,1
Component_1367,加减速,driving_experience_negative_feedback,1
Component_1368,制动,driving_experience_negative_feedback,1
Component_1369,动力,driving_experience_negative_feedback,1
Component_1370,风噪,noise_reduction_positive_feedback,1
Component_1371,胎噪,noise_reduction_positive_feedback,1
Component_1372,噪音,noise_reduction_positive_feedback,1
Component_1373,动总,noise_reduction_positive_feedback,1
Component_1374,静谧性,noise_reduction_positive_feedback,1
Component_1375,前小窗,noise_reduction_positive_feedback,1
Component_1376,隔音玻璃,noise_reduction_positive_feedback,1
Component_1377,加速系统,noise_reduction_negative_feedback,1
Component_1378,噪声源,noise_reduction_negative_feedback,1
Component_1379,噪音,noise_reduction_negative_feedback,1
Component_1380,轮胎,noise_reduction_negative_feedback,1
Component_1381,驾驶员座姿,driving_comfort_other_positive_feedback,1
Component_1382,视野,driving_comfort_other_positive_feedback,1
Component_1383,ENC,driving_comfort_other_positive_feedback,1
Component_1384,悬架高度,driving_comfort_other_positive_feedback,1
Component_1385,道路通过性,driving_comfort_other_positive_feedback,1
