respondent_id,time_spent,age,gender,family_status,vehicle_ownership,personality_consumption_score,trend_consumption_score,fashion_consumption_score,quality_consumption_score,brand,model,store,appearance_design_score,appearance_design_experience_areas,appearance_design_overall_positive_feedback,appearance_design_overall_negative_feedback,appearance_design_front_side_positive_feedback,appearance_design_front_side_negative_feedback,appearance_design_paint_color_positive_feedback,appearance_design_paint_color_negative_feedback,appearance_design_other_positive_feedback,appearance_design_other_negative_feedback,appearance_design_media,interior_design_quality_score,interior_design_quality_experience_areas,interior_design_layout_positive_feedback,interior_design_layout_negative_feedback,interior_material_workmanship_positive_feedback,interior_material_workmanship_negative_feedback,interior_color_atmosphere_positive_feedback,interior_color_atmosphere_negative_feedback,interior_design_details_positive_feedback,interior_design_details_negative_feedback,interior_design_other_positive_feedback,interior_design_other_negative_feedback,interior_design_quality_media,smart_cabin_score,smart_cabin_experience_areas,smart_cabin_hardware_positive_feedback,smart_cabin_hardware_negative_feedback,smart_cabin_ui_positive_feedback,smart_cabin_ui_negative_feedback,smart_cabin_ecosystem_positive_feedback,smart_cabin_ecosystem_negative_feedback,smart_cabin_voice_assistant_positive_feedback,smart_cabin_voice_assistant_negative_feedback,smart_cabin_unique_features_positive_feedback,smart_cabin_unique_features_negative_feedback,smart_cabin_other_positive_feedback,smart_cabin_other_negative_feedback,smart_cabin_media,configuration_value_score,configuration_value_experience_areas,configuration_wow_features_positive_feedback,configuration_wow_features_experience,configuration_comfort_features_positive_feedback,configuration_comfort_features_negative_feedback,configuration_tech_features_positive_feedback,configuration_tech_features_negative_feedback,configuration_other_positive_feedback,configuration_other_negative_feedback,configuration_value_media,overall_quality_score,overall_quality_experience_areas,body_gap_positive_feedback,body_gap_negative_feedback,material_color_consistency_positive_feedback,material_color_consistency_negative_feedback,closure_quality_positive_feedback,closure_quality_negative_feedback,button_quality_positive_feedback,button_quality_negative_feedback,overall_quality_other_positive_feedback,overall_quality_other_negative_feedback,overall_quality_media,driving_safety_score,driving_safety_experience_areas,safety_info_expression_positive_feedback,safety_info_expression_negative_feedback,passive_safety_positive_feedback,passive_safety_negative_feedback,active_safety_positive_feedback,active_safety_negative_feedback,driving_safety_other_positive_feedback,driving_safety_other_negative_feedback,driving_safety_media,riding_comfort_score,riding_comfort_experience_areas,seat_comfort_positive_feedback,seat_comfort_negative_feedback,space_positive_feedback,space_negative_feedback,comfort_features_positive_feedback,comfort_features_negative_feedback,quietness_positive_feedback,quietness_negative_feedback,air_conditioning_positive_feedback,air_conditioning_negative_feedback,riding_comfort_other_positive_feedback,riding_comfort_other_negative_feedback,riding_comfort_media,operation_convenience_score,operation_convenience_experience_areas,storage_space_positive_feedback,storage_space_negative_feedback,convenience_design_positive_feedback,convenience_design_negative_feedback,button_operation_positive_feedback,button_operation_negative_feedback,charging_convenience_positive_feedback,charging_convenience_negative_feedback,operation_convenience_other_positive_feedback,operation_convenience_other_negative_feedback,operation_convenience_media,service_experience_score,service_experience_experience_areas,store_experience_positive_feedback,store_experience_negative_feedback,reception_professionalism_positive_feedback,reception_professionalism_negative_feedback,demonstration_positive_feedback,demonstration_negative_feedback,service_experience_other_positive_feedback,service_experience_other_negative_feedback,service_experience_media,driving_comfort_score,driving_comfort_experience_areas,chassis_tuning_positive_feedback,chassis_tuning_negative_feedback,view_positive_feedback,view_negative_feedback,driving_experience_positive_feedback,driving_experience_negative_feedback,noise_reduction_positive_feedback,noise_reduction_negative_feedback,driving_comfort_other_positive_feedback,driving_comfort_other_negative_feedback,driving_comfort_media,brand_user_group_experience,innovation_insight,innovation_media,cost_control_insight,cost_control_media
74,1027秒,25-29岁,男,未婚/单身,是，请补充车型〖宝马〗,1,1,5,3,乐道,L90 _顶配,广州市番禺大道店,9,车型整体,体量充足 形面较为简洁,灯具边界略复杂,,,,,,,(空),8,用料及工艺┋色彩与氛围,,,做工优秀 细节处理到位,喇叭网孔品质稍差,品质扎实 简单舒适,木纹质感光泽度有点高,,,,,(空),7,硬件基础,大空间 大前备箱,前排没腿拖,,,,,,,,,,,(空),7,舒适配置,(跳过),(跳过),大空间 大前备箱 驾驶品质良好,,,,,,(空),8,车身缝隙┋开闭件质感,分缝整齐,,,,阻尼适中,,,,,,(空),7,其他,,,,,,,操控有信心,,(空),8,空间,,,大,,,,,,,,,,(空),8,储物空间,大前备箱 整体尺寸大,,,,,,,,,,(空),8,门店感受┋接待与专业性┋讲解与演示,比埃安好,,比埃安好,,比埃安好,,,,(空),8,底盘调教┋视野┋驾驶感受(加速、制动、专项等）┋风噪/胎噪等静谧行,不会过于摇晃,,开阔的,无.,正常,无.,正常,无.,,,(空),,,(空),,(空)
75,3450秒,40-44岁,女,已婚1孩,是，请补充车型〖传祺E8〗,3,4,5,2,小鹏,P7顶配,广州市番禺区天河城店,8,车型整体┋前脸/侧围┋漆面/颜色,个性鲜明，极具辨识度及原创性,过于个性，可能喜好因人而异,黑色H型特征具有极高辨识度和科技感,型面风格偏单薄，价值稍弱,银色车漆简约,相对普通，店端未展示其他个性色,,,(空),8,内饰设计风格与布局┋用料及工艺┋色彩与氛围,简约轻薄,价值感稍弱，线条不是太流畅舒展,简约科技,不耐脏，浅色内饰后排座椅已经有明显污渍,科技简约干净,相对冷淡 不耐脏,,,,,(空),7,硬件基础,符合基础要求，界面简洁清晰流畅,组合仪表屏幕较小,,,,,,,,,,,(空),9,舒适配置,(跳过),(跳过),满足用车要求,,,,,,(空),8,车身缝隙┋材质/颜色一致性,好感知区域无明显品质瑕疵设计紧凑,,花色仿麂皮在门中片及座椅应用出彩，整体设计风格及氛围科技简约,门下本体略有塑料感,,,,,,,(空),6,其他〖未动态体验〗,,,,,,,符合基本安全配置,,(空),8,座椅舒适性,乘坐舒适，满足要求,,,,,,,,,,,,(空),8,便利性设计┋按键操作便利性,,,操作便捷,,布局紧凑操作方便,,,,,,(空),5,门店感受┋接待与专业性,,未有接待人员跟进 不被重视,,未有接待人员跟进 不被重视,,,,,(空),,(空),,,,,,,,,,,(空),,,(空),,(空)
76,12344秒,30-34岁,男,未婚/单身,是，请补充车型〖BMW 3系〗,3,2,2,4,小鹏,X9-增程版,番禺天河城店,7,车型整体┋前脸/侧围┋漆面/颜色,车身流线型较好，高度不夸张，没有臃肿感,车尾造型比较浮夸，显得不沉稳,前脸贯穿灯设计美观有家族语言，主动进气格栅开合时很有科技感；侧围水切平整、腰线有设计感,没有明显劣势,多种色彩选择，漆面较高级，色彩协调性很好,没有明显劣势,,,,7,内饰设计风格与布局┋用料及工艺┋色彩与氛围┋设计细节,比较有科技感，简约不复杂，储物及控制区域分布科学,没有明显劣势,可视可触摸处用料及工艺均比较细腻，符合30+豪华车型体验,没有明显劣势,比较偏重科技感，色彩相对简单，香薰及氛围灯比较自然不浮夸,科技感强，温馨感稍弱一点，前排及三排氛围感较弱，二排氛围感更好,机构丝滑、用料考究、铁网出风口有科技感、前排及二排座椅比较舒适，娱乐屏开合方式及角度可控非常棒,三排座椅高度及长度不足，腿部支撑差，三排座椅质感一般，后备箱及三排座椅后侧的外包裹比较简陋,,,,9,硬件基础┋UI设计┋应用生态┋语音助手,配置齐全、基本达到豪华MPV所需的一切,无明显劣势,整体UI设计风格偏科技感，应用风格统一，信息分区合理，色彩舒适和谐,无明显劣势,主流应用基本全部包含，应用不仅仅单纯的打在第三方资源上车，而是经过了整合与自身系统UI的高度统一,无明显劣势,非常棒，唤醒及识别相当准确，响应及时，能力多样，功能强劲，AI形象生动可爱，拾音分区等也非常准确智能，可以称为业界顶流,无劣势,,,,,(空),8,舒适配置┋科技配置,(跳过),(跳过),二排座椅乘坐舒适性良好，0重力模式+按摩非常爽,二排座椅有过道版扶手较窄，能力较少，豪华尊贵感不足；无过道板比较全面；三排座椅整体拉胯，不舒服，沉坑后视觉也不美观,辅助驾驶无敌，语音助手无敌；操控体验极佳，作为一款MPV来说，开起来像轿车一样顺畅丝滑；,小鹏永远不输科技,,,(空),7,车身缝隙┋材质/颜色一致性┋开闭件质感┋按键质感,没有明显瑕疵，缝隙整体均匀不突兀，过渡良好,没有明显瑕疵,外部色彩分上下两部分，整体过渡比较和谐，黑色玻璃搭配车身颜色顶棚，比较有质感；内饰部分材质触摸都比较舒服，也有一些科技感如铁网空调出风口，色彩和谐与氛围灯呼应很好,无明显劣势,电动机构速度适中，行程丝滑，所有拉手、开关等均触摸有质感，使用很顺手,无明显劣势,按键位置分布合理，按压质感良好，Icon易懂,无明显劣势,,,,9,安全信息的表达┋被动安全┋主动安全,驾驶视野通透，各类提醒及时准确，360开关智能画面清晰，辅助驾驶时各项信息全面,无明显劣势,环车影响、各区雷达告警及时准确，大大降低拥挤空间驾驶的不安全感辅助驾驶会根据路况做提前减速及变道等操作，从容安全不惊慌,无明显劣势,辅助驾驶拥挤路段跟车时与各交通参与者保持良好距离，自主驾驶时遇突发情况有紧急主动和避让操作，准确及时,无明显劣势,,,(空),6,座椅舒适性┋空间┋舒适配置┋静谧性┋空调感受,无明显优势,前两排座椅乘坐舒适性尚可，但前排无零重力，二排有过道板扶手较窄，三排乘坐体验一般，座椅头枕较小并且需要电动调节，腿部支撑不足，长和高都不够。,三排空间均有基础保障，不拥挤，三排座椅沉坑后储物空间较大,沉坑后三排台阶与二排座椅行程一个凹陷区域，视觉不平整，躺睡需要垫东西,无明显优势,仅二排有零重力，其他舒适性配置亮点不足,路噪、胎噪、风噪均非常小，前排导航相关声音主要由头枕传递给主驾驶，后排几乎无感,无明显劣势,空调出风口位置排布较好，铁网格栅有科技感，语音助手可控风向，如指令避人吹,不可以物理调节风向，相对麻烦一点,,,(空),7,储物空间┋便利性设计┋按键操作便利性,分布合理，尺寸适合，操作便捷,无明显劣势,电子按钮三排沉坑,主驾位无法冰箱取物，娱乐屏角度只能在屏幕上调节或语音调节,满足基本需求问题不大，优势不明显,前排按键较少，语音助手一定程度可以弥补，但整体便捷性受一定影响,,,,,(空),9,门店感受┋接待与专业性┋讲解与演示,空间大，环境好，接待人员热情,基本无,销售人员可以很专业的讲解车辆的功能和使用方式，在试乘试驾阶段也非常专业,基本无,驾驶与操控很好的解决了大车难开的问题，辅助驾驶和语音助手表现非常亮眼,舒适性只能尚可，三排沉坑效果略显失望,,,(空),9,视野┋驾驶感受(加速、制动、专项等）┋风噪/胎噪等静谧行,,,主驾视野非常好，盲区也有视频辅助，整体安全感十足,无明显劣势,加速减速非常线性，转向无虚伪，后轮转向大大降低转弯半径，打在空气悬架路面颠簸过滤效果非常好,无明显劣势,非常安静，几乎无明显噪声,无明显劣势,,,(空),群体相对较年轻，对辅助驾驶等科技功能更感兴趣,后排娱乐屏的开合方式及角度调节很灵活，即使不移动屏幕模块本身，也可以在二排躺倒时提供很好的观影视角。沉坑创造了更多的使用方式及场景，如车上睡觉，围炉煮茶等。,(空),轻量化设计可以参考，三排座椅沉坑可一定程度降低成本，娱乐屏幕模块也可以降本达到同样效果,(空)
77,400秒,35-39岁,男,已婚2孩/多人口,是，请补充车型〖E8〗,3,3,3,3,传祺,E8 MAX,广州传祺经典店,8,车型整体,前脸比价中庸定位合适,后尾部无特色,,,,,,,(空),8,其他〖座椅〗,,,,,,,,,三排座椅功能多,座椅不够舒适,(空),7,应用生态,,,,,应用反应快速,功能太少,,,,,,,(空),7,舒适配置,(跳过),(跳过),座椅功能不错,不够柔软,,,,,(空),8,车身缝隙,颜色不错,缝隙控制一般,,,,,,,,,(空),8,主动安全,,,,,配置够用,,,,(空),8,座椅舒适性,座椅可以躺平,不够柔软,,,,,,,,,,,(空),8,储物空间,丰富,,,,,,,,,,(空),8,接待与专业性,,,服务不错,,,,,,(空),8,驾驶感受(加速、制动、专项等）,,,,,驾驶性不错,暂时无,,,,,(空),,,(空),,(空)
78,4362秒,35-39岁,女,已婚2孩/多人口,是，请补充车型〖传祺宗师M8，甲壳虫〗,2,4,4,2,小鹏,小鹏P7-标准版,广州-番禺天河城店,8,车型整体,科技感，独特性,暂无,,,,,,,(空),7,内饰设计风格与布局┋用料及工艺┋色彩与氛围,相对简洁，没有过多的花里胡哨的装饰，包袱面积较大，整体感比较好,做工跟理想蔚来小米有差距,包覆面积比较大,暂未发现,中规中矩,中规中矩,,,,,(空),7,语音助手┋独特功能亮点,,,,,,,语音交互和执行能力很丝滑，如同与人正常交流，执行很准确,暂未发现,大尺寸hud，很爽,暂未发现,,,(空),8,“哇塞”配置,大尺寸hud,大电视感觉，清晰，爽,,,,,,,(空),8,其他〖屏幕显示质量〗,,,,,,,,,清晰不刺眼睛,暂未发现,(空),9,主动安全,,,,,智驾能力很强，很丝滑，跟自身驾驶习惯很相似，能主动识别驾驶风险,暂未发现,,,(空),8,座椅舒适性┋舒适配置┋静谧性,整体包裹感可以，驾驶侧翼主动承托还不错,按摩没什么用,,,舒适模式下的悬架软硬，过滤挺舒服,暂未发现,比M8强太多,暂未发现,,,,,(空),8,储物空间┋按键操作便利性,地图袋有伞槽设计,行李箱较小,,,门饰板饰条自定义按键科技，方便,暂未发现,,,,,(空),9,接待与专业性┋讲解与演示,,,讲解热情，全方位，对自己的产品热爱，很自信,暂未发现,销售对功能非常熟悉,暂未发现,,,(空),8,驾驶感受(加速、制动、专项等）┋风噪/胎噪等静谧行,,,,,加速和制动踏板扎实，执行反应快,,风噪胎噪较难感受到，比较静谧,,,,(空),科技时尚智能,,(空),,(空)
79,6796秒,35-39岁,男,已婚1孩,是，请补充车型〖昊铂HT〗,1,5,5,1,比亚迪,比亚迪海鸥-荣耀版305,湖南益阳天驰汽车城,6,车型整体┋前脸/侧围,仿生学的造型，给人海鸥动物的力度,少了一些圆润和亲和,有俯冲感，C柱设计独特,线条偏多，不简洁,,,,,,7,内饰设计风格与布局┋设计细节,环抱式，类翅膀造型中控和方向盘,不简洁,,,,,保留了合适的实体按键，实体开门开关，相比埃安车型，操作更方便,稍显杂乱，,,,,6,语音助手,,,,,,,反应还行，没有卡顿,有时反应不够快，理解不是很到位,,,,,(空),8,舒适配置,(跳过),(跳过),座椅加热，无钥匙系统，大屏，,扭力梁悬架,,,,,(空),6,按键质感,,,,,,,保留了适当的实体按键，不用在中控屏找，按键反馈合理,质感不是很好,,,,7,其他〖最好时速130 km/h〗,,,,,,,物理门把手,最高车速太小，不能跑高速,(空),7,座椅舒适性,座椅舒适度还行,不是真皮，皮质感不太好,,,,,,,,,,,,8,按键操作便利性,,,,,保留了适当的实体按键，机械式内外开门,杂乱了一些,,,,,,6,门店感受,服务周到，有递水，全程陪同，每个车有标签墙，亮点突出,专业性差一点,,,,,,,,5,其他〖没有试驾〗,,,,,,,,,,,(空),,合适的腰枕非常贴合消费者的需求，现在打工人腰酸背痛的很多,(空),,(空)
80,2704秒,30-34岁,男,已婚1孩,否,3,3,5,5,吉利,银河M9-2025款 230KM 两驱探索版,广州市—广汽研究院对标车,9,车型整体,整体大气，银河式贯穿灯很漂亮,暂无,,,,,,,,9,内饰设计风格与布局,6座车型，布局合理，整体配色比较豪华,暂无,,,,,,,,,,9,硬件基础┋UI设计┋应用生态┋语音助手┋独特功能亮点,屏幕很大，一整块屏幕，科技感强，贯穿整个主副驾，,左右屏无法联动交互,语音交互统一协调，所有语音的交互都在一个界面中，音乐界面统一,暂无,继承了豆包的联网搜索和短视频，符合目前年轻人的偏好,暂无,泛化和模糊的说法都可以实现，多音乐和导航的联动很好，具有较多AI联动功能,拒识比较差,集成了游览器，通过游览器讲很多生态功能实现量产上车,暂无,,,,9,“哇塞”配置┋舒适配置┋科技配置,大屏幕,很棒，高级感很足,前后排座椅按摩很舒服,暂无,具有二排屏幕,二排屏幕打开的时候会闪屏，屏幕不大,,,,8,按键质感,,,,,,,兼顾了虚拟按键，后排电子按键丰富，高频操作也有实体按键,暂无,,,,7,被动安全┋主动安全,,,配置丰富,暂无,配置丰富,暂无,,,,9,座椅舒适性┋空间,座椅包裹性很好，第一排和第二排都有按摩功能,二排没有承托,空间大，地板平整,但车身有点太大，不好停车,,,,,,,,,,8,储物空间┋按键操作便利性,前排有两个很大储物箱，有冰箱,暂无,,,高频的调节都有硬按键,暂无,,,,,,8,其他〖没有到店，对标车体验〗,,,,,,,暂无,暂无,(空),,(空),,,,,,,,,,,(空),有两娃家庭，主打亲子家人,,(空),成本很低，20万做了大屏幕，具有冰箱，具有前后两排座椅按摩，具有丰富的智驾功能，具有好的音响，纯电续航在230km，具有抬头显示,(空)
81,2541秒,40-44岁,男,已婚2孩/多人口,是，请补充车型〖霸王龙〗,3,2,2,1,领跑,C16-增程版,增城领跑体验店,8,车型整体,性价比高,6坐空间太小,,,,,,,,7,用料及工艺,,,气味小竹炭材质,细节品质一般,,,,,,,,7,UI设计,,,功能全,清晰度品质感一般,,,,,,,,,,9,“哇塞”配置,摩斯密码解锁,有特点,,,,,,,,7,按键质感,,,,,,,一般,品质一般,,,,7,主动安全,,,,,全场景辅助驾驶,未发现,,,,7,座椅舒适性,座椅大,6坐空间小,,,,,,,,,,,,7,储物空间,储物空间多,,,,,,,,,,,8,接待与专业性,,,展示的比较全面,,,,,,,7,(空),,,,,,,,,,,,,需要做一些特色功能，不管有没有用要让用户觉得好玩,,PI平台化设计,
82,3989秒,35-39岁,男,已婚1孩,是，请补充车型〖CRV〗,5,4,4,4,红旗天工,天工06 550续航,广州市广物红旗,7,车型整体┋前脸/侧围┋漆面/颜色,年轻，清新,无仪表,摄像头在车标下方，整体融合在一起,无记忆点，车灯与车标不协摄像头调,淡雅，年轻,漆面质感粗，手感不好,,,,7,内饰设计风格与布局,空间大,置物不方便，内饰不够精致，开关缝隙大,,,,,,,,,,7,应用生态┋语音助手,,,,,生态丰富，carplay， iccoa carlink，hicar ，flyme link,图标布局，杂乱，语音识别准确率低,可能由于网络不太好，语音助手未表现出明显的优势,识别准确率低，响应不够迅速,,,,,,8,科技配置,(跳过),(跳过),,,健康监测，生态互联，AR HUD 配置齐全,未发现明显的亮点功能,,,,8,按键质感,,,,,,,拨杆，开关氛围灯,方向盘感觉一般,,,,5,主动安全,,,,,未体验,未体验,,,(空),7,座椅舒适性,主副驾记忆，副驾腿拖,腿拖无有效支撑,,,,,,,,,,,,8,储物空间,储物空间大,方向盘开关，按键指向不明确，,,,,,,,,,,9,讲解与演示,,,,,比较耐心，整体对车比较了解，跟着用户的关注点讲解,讲解还是不够口语话，多为背的稿子,,,(空),8,其他〖配置比较全面〗,,,,,,,,,,,(空),,,,,(空)
83,13456秒,54岁及以上,男,已婚1孩,是，请补充车型〖威兰达高性能版〗,3,3,3,3,福特,福特智趣烈马全地形露营SUV-长滩增程版,2025年广州国际车展,7,车型整体,外观简洁实用，座椅可以全部放倒，放倒后可以放气垫床，活动天幕（后部可5s翘起36cm），尾门开启后内测有储物盒，可改装性强，电动发罩（带固定扰流板），悬浮式车顶，尾门小桌板可承重18㎏，涉水深度600mm,细节部分感官品质一般,,,,,,,,6,内饰设计风格与布局┋用料及工艺,内饰简洁，身体接触部分软包或者搪塑软化处理,储物空间偏少,身体接触部分软包或者搪塑软化处理，一键小憩模式，大床模式,金属制品外露比较好,,,,,,,,5,硬件基础┋语音助手┋独特功能亮点,8255芯片,主仪表小,,,,,语音唤醒，屏幕无操作10s自动熄屏,同质化,内置国内10条重要路线,需要在大屏上翻找,,,,7,“哇塞”配置,一键车顶升降，一键小憩模式，大床模式（不影响行李箱容积），电动发罩（160L）（双驱）,适合户外露营,,,,,,,,6,车身缝隙┋开闭件质感,局部加条子装饰,车身缝隙偏大,,,尾门可任意位置悬停，操作轻便,握住旋转式外把手关门割手，不满足新国标，开门瞬间有突变,,,,,,7,被动安全,,,全系标配10个安全气囊，车门备份独立电源,成本上升,,,,,,6,空间┋舒适配置,,,头部空间大,185cm个子顶侧面头部空间只有四指间隙,座椅可以实现一键小憩模式,中控台没有后排出风口,,,,,,,,6,便利性设计,,,一键电动实现小憩模式,前排座椅靠背后侧没有小桌板,,,,,,,,6,接待与专业性┋讲解与演示,,,热情,功利性稍显明显,热情主动,不专业，多功能不熟悉,,,,,(空),,,,,,,,,,,(空),有车主群，可供车主交流，或者组织活动,,(空),,(空)
84,2923秒,35-39岁,男,已婚2孩/多人口,是，请补充车型〖gs8〗,3,3,3,3,吉利银河,次顶配和次低配,广州番禺吉利银河广州大驾番禺店,8,车型整体,整体比较大气，线条感较好，比较喜欢黑色外形,有些外造型微细节没太多惊艳地方,,,,,,,,9,内饰设计风格与布局,内饰肉眼看过去既保留了塑料的有型，又保留了皮质的柔软感,手可触碰的地方皮质亲肤感稍弱,,,,,,,,,,7,其他〖屏幕〗,,,,,,,,,,,液晶显示屏跟理想类似，前后排都可以看，且可以独立控制,第二排幼童有站起来看顶到头风险,,8,其他〖能带的功能基本都带了，座椅带按摩，智驾，空间大〗,(跳过),(跳过),,,,,起售价格低带智驾和不带智驾价格差异少于1万,,(空),8,材质/颜色一致性┋开闭件质感,,,协调性较好,,,开门力分段感较差,,,,,(空),7,主动安全,,,,,基本的智驾功能,无独特优势点,,,(空),9,空间,,,空间较足,,,,,,,,,,,8,便利性设计,,,图1第二排扶手放水杯设计巧妙，图2，主驾位沙发头枕带独立音响,,,,,,,,,8,门店感受,不打扰，随便看，有需求随时能找到解说,店内布置较为随意,,,,,,,,,(空),,,,,,,,,,,(空),,,(空),,(空)
85,5621秒,35-39岁,男,已婚2孩/多人口,是，请补充车型〖奥迪A3〗,4,4,1,4,比亚迪,海豹 7,车展,6,前脸/侧围,,,自然不突兀,,,,,,,7,内饰设计风格与布局┋色彩与氛围,整体氛围统一,,,,色彩层次分明，品质感强,颜色略显压抑,,,,,,5,UI设计,,,仪表可以导航,大屏突兀,,,,,,,,,,8,舒适配置,(跳过),(跳过),整体品质感较高，性价比高,,,,,,(空),7,车身缝隙┋材质/颜色一致性┋开闭件质感┋按键质感,,内饰缝大,整车颜色统一，整体性强,,关门有厚重感,,,车顶触屏无操作感，按键后无反馈,,,,5,被动安全,,,,,,,,,(空),7,座椅舒适性┋空间┋静谧性┋空调感受,座椅较舒适，包覆感,,二排空间大,,,,隔音效果较好,,,空调制冷慢,,,,6,按键操作便利性,,,,,主驾物理按键多,,,,,,,5,其他〖无〗,,,,,,,,,(空),5,其他〖未试驾〗,,,,,,,,,未体验,未体验,(空),,,(空),,(空)
86,2402秒,35-39岁,女,已婚2孩/多人口,是，请补充车型〖凯美瑞〗,4,2,2,4,吉利,银河A7-顶配,广州车展,8,前脸/侧围,,,贯穿式前大灯精致,缝隙间隙过大,,,,,,8,内饰设计风格与布局,仪表台简约大方，具备磁吸储物,仪表台前方塑料感较强,,,,,,,,,,7,语音助手,,,,,,,主界面图标清晰，易找到相关应用,唤醒率较低，多次唤醒无反应,,,,,,8,科技配置,(跳过),(跳过),,,顶配售价11.58，具备智驾高速NDA配置。同级别极具优势,暂无,,,,7,按键质感,,,,,,,中控台的旋钮按钮，按键质感较好,按键和音量档位对应不够清晰,,,,7,主动安全,,,,,同级别智驾安全配置较高,暂无,,,https://alifilezx.sojump.cn/338144886_88_q56_2025112215503500708ZQT9.mov?Expires=1771984639&OSSAccessKeyId=LTAI5t5yGPC18zF31HzHsQKG&Signature=Jt2VELw98JimtZwk9f5NZP5A6is%3D&response-content-disposition=attachment%3Bfilename%3D88_56_IMG_1080.mov,8,座椅舒适性,主驾座位有座椅按摩配置,暂无,,,,,,,,,,,,7,按键操作便利性,,,,,方向盘按钮比较便捷,定义不清晰,,,,,,7,讲解与演示,,,,,有介绍,讲解员对该车的核心卖点讲述不是很清晰,,,(空),6,风噪/胎噪等静谧行,,,,,,,,,,,(空),A7上市2个月，平均月销量15000台,展车模式下，有功能体验 场景体验介绍,,暂无,(空)
87,1647秒,35-39岁,男,已婚2孩/多人口,是，请补充车型〖凯迪拉克〗,3,5,5,5,吉利帝豪,奥迪A6L—豪华型,广州车展—奥迪展厅,9,车型整体,整体造型稳重，大气，耐看不过时,前脸一般,,,,,,,,9,用料及工艺,,,用料足，做工结实,整体内饰偏硬，软包较少,,,,,,,,5,UI设计,,,屏幕对着驾驶员侧，方便看到,无大屏，UI设计很传统,,,,,,,,,,6,舒适配置,(跳过),(跳过),座椅包裹性强,偏硬,,,,,(空),9,车身缝隙┋开闭件质感,优美整齐,未发现,,,开关门品质好,开门力较小,,,,,(空),7,其他〖未驾乘〗,,,,,,,感觉还可以,,(空),8,座椅舒适性┋空间,包裹性，侧面支撑强,偏硬,较大,暂无,,,,,,,,,(空),7,按键操作便利性,,,,,开关门操作便利性较好,无空调实体件,,,,,,9,接待与专业性,,,热情,专业性不强,,,,,(空),7,风噪/胎噪等静谧行,,,,,,,,,,,(空),,,(空),,(空)
88,1979秒,35-39岁,女,已婚1孩,是，请补充车型〖理想i6〗,4,1,4,2,长安,长安深蓝s07,广州车展,8,车型整体,有辨识度，有个性,隐藏式门把手不方便开，开门关门声音不高级,,,,,,,,5,用料及工艺,,,Ip台仿麂皮高档,门板开关面板设计不高级，有点low,,,,,,,,6,UI设计,,,车模光影效果高级，流畅,出现偶发闪退，有点花,,,,,,,,,https://alifilezx.sojump.cn/338144886_90_q34_2025112216594995424HJBE.MOV?Expires=1771984639&OSSAccessKeyId=LTAI5t5yGPC18zF31HzHsQKG&Signature=5Spb%2FXHlVsDusvdCktHBAsJqkOk%3D&response-content-disposition=attachment%3Bfilename%3D90_34_78549478121__32E68EE5-5AC4-4A6D-8E69-F6E587CAD385.MOV，https://alifilezx.sojump.cn/338144886_90_q34_20251122170223423ITC2AK.jpg?Expires=1771984639&OSSAccessKeyId=LTAI5t5yGPC18zF31HzHsQKG&Signature=OUkEqd%2F0HuoDT7GZae1ysku62ok%3D&response-content-disposition=attachment%3Bfilename%3D90_34_image.jpg,4,科技配置,(跳过),(跳过),,,华为智驾方案，arhud，杜比音效,没有流媒体后视镜,,,,7,其他〖座椅品质〗,,,,,,,,,喇叭饰罩不硌手,座椅褶皱,,5,主动安全,,,,,同级别15万有华为智驾,,,,(空),7,座椅舒适性,前排两个零重力座椅，材质舒适,褶皱,,,,,,,,,,,,7,储物空间,空间大,,,,,,,,,,,6,接待与专业性,,,车展介绍专业,,,,,,,,视野,,,整体透光性可以，视野良好,,,,,,,,,,手机热点投屏功能,,控制面板集成度高，便宜,
89,2261秒,40-44岁,男,已婚2孩/多人口,是，请补充车型〖丰田凯美瑞〗,4,4,5,2,长安深蓝,S07,广州车展,8,车型整体┋前脸/侧围,外观漂亮,,辨识度高,无明显,,,,,,8,内饰设计风格与布局┋用料及工艺,简洁，有新能源风格,,仪表台表面外观材质及氛围灯效果不错,中控台饰板外观质感较差,,,,,,,,7,UI设计,,,反应流畅,图标繁琐，不好找,,,,,,,,,,9,“哇塞”配置┋舒适配置,15万配备华为智驾，全系前排零重力座椅，配置通风加热，55寸ARHUD,(空),杜比扬声器,音效不错,,,,,,7,材质/颜色一致性┋开闭件质感,,,一致性较高,,操作性一般,关门声音一般,,,,,https://alifilezx.sojump.cn/338144886_90_q49_20251122170845856T9KNLQ.mp4?Expires=1771984639&OSSAccessKeyId=LTAI5t5yGPC18zF31HzHsQKG&Signature=vu1g9IySH440CBJGrTBIdVLlwfM%3D&response-content-disposition=attachment%3Bfilename%3D91_49_20251122_170838.mp4，https://alifilezx.sojump.cn/338144886_90_q49_202511221708499112PHU4L.jpg?Expires=1771984639&OSSAccessKeyId=LTAI5t5yGPC18zF31HzHsQKG&Signature=7TVWQXhx6Xq1SQA2WopYwPwDmNg%3D&response-content-disposition=attachment%3Bfilename%3D91_49_20251122_170812.jpg,7,主动安全,,,,,华为主动安全,,,,,8,座椅舒适性┋空间,前排双零重力座椅，舒适性较好,部分缝线品质差,储物空间较多,,,,,,,,,,,9,储物空间,方便操作,,,,,,,,,,https://alifilezx.sojump.cn/338144886_90_q73_20251122171341202DQQC3K.mp4?Expires=1771984639&OSSAccessKeyId=LTAI5t5yGPC18zF31HzHsQKG&Signature=OX%2BorMMaqJuZfNBVbjqm3xgSEgA%3D&response-content-disposition=attachment%3Bfilename%3D91_73_20251122_171324.mp4,7,接待与专业性,,,接待及讲解服务积极,,,,,,(空),7,视野,,,前视野开阔,,,,,,,,,,车机上有较多场景可快速进入，有deepseek 语言大模型,,触控面板替代液晶显示屏，可实现所以功能。,
90,3481秒,35-39岁,男,未婚/单身,是，请补充车型〖10代凯美瑞运动plus，传祺M8宗师御尊版。〗,2,3,2,1,享界S9T,享界S9T 顶配 旅行版,番禺万达金街，华为体验门店,9,车型整体┋前脸/侧围┋漆面/颜色,车身外造型讲究前后整体车身比例的协调和线条的设计美感，迎合了年轻消费群体对车身优雅美学的追求和时尚，视觉冲击力的吸引。,车身外钣金件接缝处个别地方仔细看有段差，工艺管控不如广汽。,前脸的运动姿态感比较好,未与享界S9作出差异化,享界S9T车漆外观颜色的使用更大胆，广汽车型的外观颜色比较正统和保守，近些年未能有某个颜色让人眼前一亮的感觉。,车漆颜色是品质感最直接的外在表现，一眼入魂的感觉是车漆颜色能给客户带来的最直观第一视觉感触。,,,,9,内饰设计风格与布局┋用料及工艺┋色彩与氛围,氛围感营造整体性较好，让人感觉坐进车舱后，被氛围感包裹。车内氛围灯与内饰材料和颜色搭配，其实是一个整体，交相呼应的。,塑料感的一些地方容易被察觉。,用料亲肤感强，皮肤接触到的部位，包覆比较多，昊铂A800的化妆镜质感和功能感不佳，未能把车型定位和用户使用化妆镜的体验感联系起来考虑用户感受。,触感偏硬。,整体性好，氛围感强,对标广汽昊铂A800，车内氛围灯颜色与内饰的搭配，亮度营造出的氛围感不够突出，感知感不强烈。,,,,,,9,UI设计┋应用生态,,,功能生态丰富,功能菜单的层级隐藏较深，需要多次点击才能抵达功能页面，图标显示比例略小,应用丰富，流畅感强,发现了个别几次连续操作功能时候的卡顿,,,,,,,,6,舒适配置,(跳过),(跳过),享界S9T的音响调教比昊铂A800调的好，昊铂A800音响硬件数量很多，但感觉调音方面并没有发挥出全车12扬应能给客户带来的音响体验。,车价较高,,,,,,7,车身缝隙┋开闭件质感,大多数地方还行,车门接缝和车外钣金缝隙处有段差，未拍照,,,门把手塑料感强,门饰板较轻薄，关门声品质不佳,,,,,(空),8,其他〖未试驾〗,,,,,,,乾坤智驾4.0的全维安全设计,暂无,(空),9,座椅舒适性┋空间┋空调感受,支撑性好，软硬适中,暂无,符合车型轴距应该营造给前排，后排客户的空间舒适性，可调节空间大，让用户感觉空间利用率高，可随意调整依然享有车内大空间。,暂无,,,,,空调出风口方向调节方便，静谧性好，开到较大风量，依然感觉不到明显鼓风机音量,暂无,,,,8,便利性设计,,,车门和座椅处，距离客户最近的地方，都能找到可方便客户操作的物理按键，触摸盲操的便利性比较好。关于座椅姿态及座椅功能的调整，物理按键要比虚拟触控按键的优势明显，因为可以方便用户进行盲操，而且距离人手可触及范围近。不用总盯着屏幕触摸操作还容易操控误触。,暂无,,,,,,,(空),8,门店感受┋接待与专业性,无打扰的主动跟随陪伴。销售在自然跟随的情况下，当察觉到顾客有疑问或者操作不会时候，才会介入询问并进行操作指引，对功能的理解和介绍，比较熟悉和亲和力。,暂无,门店对自家产品的功能熟悉度较高，有亲和力,暂无,,,,,(空),6,视野┋其他〖无试驾〗,,,主驾座椅坐姿和视野舒适度较好。车辆A柱做到了尽可能少遮挡，车辆前挡的顶部布置前视摄像头的位置，对驾驶员视野遮挡侵占比较少。,暂无试驾,,,,,驾驶员座姿和视野较好,,(空),和华为手机的追随用户群体有一定重合度。爱国，有骨气，对品质和科技感有一定追求。,车辆前方的交互设计，车内IP打造，车内“天猫精灵”打造。,,暂无,(空)
91,1725秒,35-39岁,男,已婚2孩/多人口,是，请补充车型〖HL〗,3,4,3,2,乐道,乐道L90-Ultra,广州车展,8,车型整体┋前脸/侧围,整体外观很大气,,前灯设计很有亮点,,,,,,(空),8,内饰设计风格与布局┋设计细节,内饰设计很温馨，很舒服,,,,,,中控储物盒打开关闭，很有质感,,,,https://alifilezx.sojump.cn/338144886_92_q25_20251122182101300CGRO8U.mov?Expires=1771984639&OSSAccessKeyId=LTAI5t5yGPC18zF31HzHsQKG&Signature=I9XeYKbBPwD6gLQruC%2BQl8hOp8w%3D&response-content-disposition=attachment%3Bfilename%3D93_25_IMG_9903.mov,9,独特功能亮点,,,,,,,,,冰箱控制面板，显示了不同种类食物储存温度，且可调节，很方便,,,,,7,舒适配置,(跳过),(跳过),冰箱彩电大沙发都有,,,,,,(空),8,材质/颜色一致性,,,颜色很协调，材质触摸质感也不错,,,,,,,,(空),7,安全信息的表达,仪表和中控有多项针对安全相关的提示,,,,,,,,(空),8,空间,,,空间感很不错，空间利用的很好,,,,,,,,,,,9,储物空间┋按键操作便利性,前仓储物空间超大，同级别唯一。后背箱下沉的空间也很大，非常赞！,,,,日常使用的按键都明显指示出来了,,,,,,,9,接待与专业性,,,销售人员很热情，讲解也挺专业的,,,,,,(空),,(空),,,,,,,,,,,(空),,,(空),,(空)
92,2166秒,54岁及以上,男,已婚1孩,是，请补充车型〖传祺速博〗,5,5,5,4,传祺向往S7,向往S7-205Km激光雷达牌,广州-长盛店,8,车型整体,高端大气,侧面有点仿的感觉,,,,,,,(空),8,设计细节,,,,,,,内饰、座椅、仪表台等搭配协调,缺内开门把手,,,(空),7,硬件基础,配套较全面,前挡投影内容偏少,,,,,,,,,,,(空),8,科技配置,(跳过),(跳过),,,引入华为智能座舱,自主能力不足,,,(空),7,车身缝隙,外车身缝隙较均衡,行李仓内饰不够平顺,,,,,,,,,(空),8,其他,,,,,,,主、被动安全均有,未路试，暂无法评价,(空),8,座椅舒适性,舒适性较好,后排只有右一座椅有脚托,,,,,,,,,,,(空),8,按键操作便利性,,,,,按键操作较集中,右侧显示屏调节后视镜等的操作不够直接,,,,,(空),8,接待与专业性,,,可提前预约，并及时接待,常用备件略显不足，需再次到店,,,,,(空),,(空),,,,,,,,,,,(空),,,(空),,(空)
93,757秒,35-39岁,男,已婚2孩/多人口,是，请补充车型〖传祺M6〗,3,3,4,2,乐道L90,次顶配，选配轮辋和踏板,广州市南沙环宇城店,7,车型整体,大气简洁,前脸由于有前备箱有明显的缝隙感,,,,,,,(空),7,用料及工艺,,,该有的软包都有，座椅够舒服,没什么明显缺点,,,,,,,(空),7,应用生态,,,,,需要用的都有，且比较顺畅,无明显感觉,,,,,,,(空),8,“哇塞”配置,该有的科技功能都有，支持L3升级且免费,智驾没法买断，5年后一个月三百多,,,,,,,(空),6,材质/颜色一致性,,,门比较厚重，材质比较好,没什么明显的不满意,,,,,,,(空),7,安全信息的表达,hud比较大和清晰，提示比较醒目,无明显,,,,,,,(空),7,座椅舒适性┋空间┋舒适配置┋静谧性,不厚但是很舒服柔软,没有腿托,座椅薄，因此空间可以,后排比较窄，小孩无法躺平睡觉,空悬滤震比较好，没有坐船感,中规中矩,低速可以,高速有风噪,,,,,(空),7,充电便利性,,,,,,,换电解决了电池衰减担忧,,,,(空),7,接待与专业性┋讲解与演示,,,上门服务,,耐心讲解，且对自己品牌和核心竞争点很清晰,,,,(空),7,底盘调教,中规中矩，对得起价格,悬架软硬自动调节没有感知,,,,,,,,,(空),,换电是核心竞争力，电池衰减后可以免费去换电池,(空),,(空)
94,10144秒,35-39岁,男,已婚0孩,是，请补充车型〖雷克萨斯ES300H〗,3,4,4,3,理想,i6两驱标准版,2025广州车展,8,车型整体┋前脸/侧围┋漆面/颜色,比例协调、低趴运动,像MPV设计,星环大灯、鲨鱼前脸辨识度高、侧面运动感强,风格偏个性,漆面细腻饱和均匀,主要是黑白银灰颜色，过于单调,,,,8,内饰设计风格与布局┋用料及工艺┋色彩与氛围┋设计细节,空间布局较好、温馨感强、科技感较好,,内饰质感较好、软质覆盖足,,清爽温馨,白色易脏,设计实用、操作便利舒适,细节精致感一般,,,,8,硬件基础┋UI设计┋应用生态┋语音助手,硬件流畅、语音识别好,,体验流畅、操作便利、简洁易懂,,家庭场景应用适配强,开放性和丰富度一般,识别准确、可分区及复杂识别,,,,,,,8,舒适配置┋科技配置,(跳过),(跳过),座椅舒适、娱乐丰富,,流畅交互、生态整合好,,,,,8,车身缝隙┋材质/颜色一致性┋开闭件质感┋按键质感,缝隙较小,,颜色均匀有质感,颜色较素,用料较好,,触感和做工较好,,,,,8,被动安全┋主动安全,,,配置丰富、车身结构强,,配置齐全,辅助驾驶的复杂场景识别待完善,,,(空),9,座椅舒适性┋空间┋舒适配置┋静谧性┋空调感受,功能丰富、久坐舒适,,空间较大,,储物丰富、操作舒适、人机友好,,乘坐安静,,可选择对人和不对人出风,,,,,8,储物空间┋便利性设计┋按键操作便利性┋充电便利性,较多且实用,,人机交互友好,,操作舒适便利,,无线和有线充电口多且功率高,,,,(空),9,接待与专业性┋讲解与演示,,,热情且讲解专业,有一定吹嘘成分,演示清晰、讲解顺畅,,,,(空),8,底盘调教┋驾驶感受(加速、制动、专项等）┋风噪/胎噪等静谧行,,,,,,,,,,,(空),,,(空),,(空)
95,2189秒,40-44岁,男,已婚1孩,是，请补充车型〖传祺GS8〗,3,3,5,3,零跑,LAFA5-顶配,广州-广州车展,8,车型整体┋前脸/侧围┋漆面/颜色,线条流畅,,三个小灯很有特点,,颜色中性不张扬,,,,,6,内饰设计风格与布局┋用料及工艺,简洁,,简洁,毛织显低端,,,,,,,,3,语音助手,,,,,,,,语音对话反应慢，语音识别不准,,,,,,6,舒适配置,(跳过),(跳过),,没有太多亮点,,,,,,8,按键质感,,,,,,,开门内开关质感很好,隐藏式门把手不好用,,,,6,安全信息的表达,6个气囊中规中矩,,,,,,,,(空),7,座椅舒适性┋空间,头枕不错,Y向空间较小,中规中矩,右膝盖有点窄,,,,,,,,,,6,按键操作便利性,,,,,手套箱有物理按键,较小,,,,,,8,接待与专业性,,,较亲和,,,,,,(空),,(空),,,,,,,,,,,(空),,,(空),没有安全带高调器,
96,759秒,30-34岁,男,已婚1孩,是，请补充车型〖皇冠〗,4,4,5,5,蔚来,蔚来ES8-豪华版,广州市-南沙环宇城店,9,车型整体┋前脸/侧围,高头大马，方方正正,车顶两侧摄像头突兀,灯，星河璀璨,车顶摄像头突兀,,,,,(空),9,内饰设计风格与布局┋用料及工艺┋色彩与氛围┋设计细节,豪华，尊贵，后备箱软包；IP贯穿屏，体验好；,按键太多,皮质舒服,,IP贯穿屏的整体感，已经多套HMI的优化，和中控一整体联动；深蓝色内饰深沉,,CNSL手套箱中的220V插座，预留了出线口,没有副驾手套箱,,,(空),8,UI设计┋语音助手,,,IP贯穿屏和中控HMI联动，贯穿屏副驾显示歌词和其他小部件好用好看,_,,,有nomi的形象外显互动,,,,,,(空),7,舒适配置,(跳过),(跳过),二排零重力，双扶手,,,,,,(空),8,按键质感,,,,,,,按键质感好,,,,(空),8,安全信息的表达,HUD除了后视镜补盲，还有A柱补盲,仪表信息略小,,,,,,,(空),9,座椅舒适性,通风按摩加热好用,按摩力度不够，无坐垫按摩,,,,,,,,,,,(空),9,充电便利性,,,,,,,换电快速，无脑操作,,,,(空),9,讲解与演示,,,,,主动讲解亮点，会探查用户关注点深入体验,,,,(空),8,驾驶感受(加速、制动、专项等）,,,,,运动模式路感反馈明显,其他模式略有船感,,,,,(空),,,(空),,(空)
97,3048秒,40-44岁,男,已婚1孩,是，请补充车型〖GS7〗,5,4,5,5,理想L6,L6-顶配,广州车展,9,车型整体,线条协调大气，理想L6采用家族式设计，前后贯穿式灯光设计极具辨识度，车身侧面有隐藏式门把手，车尾D柱角度独特。新增天青色专属车漆，搭配黑白双色内饰，清新自然。,,,,,,,,,8,内饰设计风格与布局┋用料及工艺┋色彩与氛围┋设计细节,真皮座椅，座椅加热、电动调节，四座标配座椅通风，两座标配十点按摩。有电动遮阳帘，紫外线隔绝率达99.8%。此外，还有压缩机大冰箱、全功能方向盘、氛围灯等配置。,,身体接触面真皮，用料品质高,,色彩统一,,内饰设计细节品质感较好,,,,,9,硬件基础┋UI设计┋应用生态┋语音助手,理想自研8295芯片,,双屏15.7视觉效果和卡片布置位置合理,,采用高通骁龙8295P芯片，拥有高清四屏交互系统，包括15.7英寸中控屏、15.7英寸副驾屏、13.3英寸高清全彩HUD抬头显示和安全驾驶交互屏。搭载MindGPT的AI理想同学，能实现语音控制、绘画生成、任务规划等功能。音响系统有19个扬声器，采用7.3.4全景声布局。,,反应灵敏准确,,,,,,,9,“哇塞”配置,智驾,(空),,,,,,,(空),9,材质/颜色一致性,,,多种车身颜色,,,,,,,,(空),9,主动安全,,,,,全系标配ATL激光雷达。Pro版配备地平线征程6M芯片，支持高速NOA、激光雷达AEB等功能；Max版搭载英伟达Thor-U双芯，支持全场景NOA，后续还将升级VLA辅助驾驶功能。,,,,(空),9,座椅舒适性,面料品质和包裹感较好,,,,,,,,,,,,(空),9,按键操作便利性,,,,,多位电子触屏，操作灵敏,,,,,,(空),8,讲解与演示,,,,,车型亮点讲解清楚,,,,(空),9,视野,,,变道HUD可显示侧边路况,,,,,,,,(空),,拥有高清多屏交互系统，包括15.7英寸中控屏、15.7英寸副驾屏、13.3英寸高清全彩HUD抬头显示和安全驾驶交互屏。搭载MindGPT的AI理想同学，能实现语音控制、绘画生成、任务规划等功能。音响系统有19个扬声器，采用7.3.4全景声布局。,(空),座舱方面体验较好，模块化设计在降本方面有很大帮助，车身内饰颜色统一。,(空)
98,2068秒,40-44岁,男,已婚2孩/多人口,是，请补充车型〖传祺GS4〗,5,5,5,5,小鹏X9增程车,小鹏X9增程1602max,广州车展17.2展厅,6,车型整体,外造型一般,外造型前脸和侧面都一般，吸引力不够,,,,,,,(空),6,用料及工艺,,,地毯用料足,内饰接缝面缺乏高级感,,,,,,,,8,语音助手,,,,,,,语音交互流畅，精准,暂未发现,,,,,(空),8,科技配置,(跳过),(跳过),,,后轮可以主动转向±5度，为城市拥堵路段通过、雪地平稳、泊车等带来极大便利,暂未发现,,,,7,其他,,,,,,,,,一般,一般,(空),7,其他,,,,,,,一般,暂未发现,(空),8,空间,,,2+2+3  第二排零重力座椅，第三排可以完全躺平，很实用，地毯平整,暂未发现,,,,,,,,,,8,便利性设计,,,一键操作增加便利,暂未发现,,,,,,,,6,门店感受,一般,一般,,,,,,,(空),7,(空),,,,,,,,,,,(空),,,(空),,(空)
99,5025秒,30-34岁,男,未婚/单身,是，请补充车型〖特斯拉modal3〗,3,2,2,2,零跑,C10顶配,广州车展,7,车型整体┋前脸/侧围┋漆面/颜色,年轻化又不会显得过于激进,后背上的鲨鱼鳍显得突兀，破坏整体美感,车灯有辨识度，且造型耐看,接缝处缝隙偏大,漆面颜色色泽讨喜好看,,,,,7,内饰设计风格与布局┋用料及工艺┋色彩与氛围,很典型的新势力简洁,缺少独特的辨识度,用料比同价位同级别好，质感较好,,色彩氛围是明显的仿理想风格，整体风格统一,缺少零跑的独特风格,,,,,,7,UI设计┋应用生态┋语音助手,,,逻辑清晰，系统体验流畅无明显卡顿,,应用基本满足日常使用要求,第三方应用较少,基本控制功能都能准确响应，能使用千问或deepseek大模型进行语音增强,语言连续对话功能存在误识别,,,,,,9,“哇塞”配置┋舒适配置┋科技配置,配备激光雷达,暂未体验,配置座椅通风，全景天窗，座椅调节角度多，后排空间不算小,,系统操作流畅，配备激光雷达，语音助手基本功能都具备,,,,,7,车身缝隙┋材质/颜色一致性┋按键质感,,车身缝隙总体偏大,颜色一致性很好，硬质塑料与皮质包裹的界限不明显,,,,按键较少，基本通过屏幕或语音操作,按键触感和材质一般，手感生硬,,,,5,其他〖未动态体验〗,,,,,,,,,(空),7,座椅舒适性┋空间┋舒适配置,座椅总体感受符合价位,包裹性差点，座椅较短,空间较大，储存空间也较多,,基本的座椅通风加热都有，带遮阳帘的全景天窗,座椅调节角度较少，无腰脱调节,,,,,,,(空),6,储物空间┋按键操作便利性┋充电便利性,基本储物空间都有,副驾储物盒较小,,,新势力的简洁风格，按键操作逻辑简洁,容易误触,中规中矩,,,,(空),7,接待与专业性┋讲解与演示,,,接待人员热情大方，主动接待讲解,,,,,,(空),5,其他,,,,,,,,,,,(空),,,(空),,(空)
100,1141秒,40-44岁,男,已婚2孩/多人口,是，请补充车型〖Suv〗,3,3,5,3,岚图,理想家,车展,8,车型整体,高级感，前卫感,,,,,,,,(空),8,内饰设计风格与布局┋用料及工艺,内装整体高级感,二排过道狭窄,车顶未必用麂皮(容易留下痕迹，看起来车内到处都起痕迹)，很整洁，真皮舒适。,,,,,,,,(空),8,硬件基础,提供自研与鸿蒙可选择,鸿蒙系统价格贵不少，作为用户不一定选择鸿蒙系统。,,,,,,,,,,,(空),8,舒适配置,(跳过),(跳过),全车座椅坐得舒服，第三排角度可调。,,,,,,(空),7,材质/颜色一致性,,,商用车或家用车均可接受,,,,,,,,(空),7,安全信息的表达,仅静态观摩，无动态驾乘。,,,,,,,,(空),8,座椅舒适性,座椅坐的舒服,,,,,,,,,,,,(空),7,其他〖无〗,,,,,,,,,,,(空),9,接待与专业性,,,能够将车辆所有配置的优点放大，话术能够让用户心动，而且也会详细跟用户说明国家政策，税收等。一切为用户考虑。,,,,,,(空),,(空),,,,,,,,,,,(空),,,(空),,(空)
101,2416秒,35-39岁,男,已婚1孩,是，请补充车型〖比亚迪宋DM〗,5,5,5,5,比亚迪方程豹,方程豹钛7-两驱Max版,广州市-方程豹汽车广州白云大道旗舰中心,8,车型整体,整体方盒子比较协调,有点偏大,,,,,,,,8,用料及工艺,,,座椅材质很柔软,按摩偏硬,,,,,,,,8,独特功能亮点,,,,,,,,,能耗统计数据有历史数据,座舱UI比较普通，无个性,,,,9,“哇塞”配置,同级别车性价比超高,很好,,,,,,,(空),7,材质/颜色一致性,,,内饰很协调,仪表台很多凹坑,,,,,,,,7,安全信息的表达,驾驶安全信息传递到位,,,,,,,,,9,空间,,,同级别超大空间,,,,,,,,,,,7,按键操作便利性,,,,,保留了实用的实体开关,模式开关不好理解,,,,,,6,门店感受,车辆随意给用户操作,讲解不深入,,,,,,,,6,风噪/胎噪等静谧行,,,,,,,,,,,(空),,,(空),,(空)
102,4371秒,35-39岁,男,已婚2孩/多人口,是，请补充车型〖aion Y〗,2,4,4,4,理想,i6（只有一个版本配置）,广州车展理想展厅,7,车型整体┋前脸/侧围┋漆面/颜色,外观总体造型有辨识度有创新，与其他品牌能够区分开来，延续理想家族的一体式鲨鱼形态。在如今各个车企造型同质化严重的情况下有创新。,造型可能会存在两种极端，喜欢的人就很喜欢，不喜欢的可能会觉得有点另类。,前脸和侧围紧凑一体感较强，车头扁平低矮应该有利于风阻降低，分缝较少，一体式的感觉突出。发罩上盖星环灯非常具有辨识度。前脸总体紧凑简约。,1、感觉发罩、保险杠、翼子板三者结合处间隙面差不好保证，对单品制造、安装精度要求高，稍有不慎容易造成视觉上不对称。2、四门焊点外露数量较多。,整体漆面饱满、光泽度高，给人一种漆膜很硬的感觉。,,,,,6,用料及工艺┋色彩与氛围,,,大面积使用软包，内饰造型、材质、颜色延续理想一贯的偏简约质朴的风格，仪表集成与方向盘上。内饰仪表、方向盘等平台化高。门饰板与仪表板配合间隙面差优秀。,内饰总体布局、颜色略显沉闷，不够年轻年轻与运动。,色彩中规中矩，偏沉稳，门饰板配备氛围灯，随音乐变色。,内饰总体家族式风格，感觉理想的所有车型都是一样的内饰风格，有点单调。,,,,,,7,硬件基础┋语音助手,仪表上两块大屏幕配置，后排大娱乐。,暂无,,,,,语音助手响应快，多指令同时输出可快速执行。,暂无,,,,,https://alifilezx.sojump.cn/338144886_103_q34_20251123163857411VA3R4Z.mov?Expires=1771984639&OSSAccessKeyId=LTAI5t5yGPC18zF31HzHsQKG&Signature=6nA1QSLn5eDn9Civ0lGGDKmvvUQ%3D&response-content-disposition=attachment%3Bfilename%3D104_34_IMG_3104.mov，https://alifilezx.sojump.cn/338144886_103_q34_20251123163858770I6OVCM.mov?Expires=1771984639&OSSAccessKeyId=LTAI5t5yGPC18zF31HzHsQKG&Signature=LOJQWX1nDTlD%2BYjaKBM9FqUNv%2F8%3D&response-content-disposition=attachment%3Bfilename%3D104_34_IMG_3104.mov，https://alifilezx.sojump.cn/338144886_103_q34_20251123163859692W2799M.mov?Expires=1771984639&OSSAccessKeyId=LTAI5t5yGPC18zF31HzHsQKG&Signature=Iqv92ie5d6wit8HEXocF1mpbXJA%3D&response-content-disposition=attachment%3Bfilename%3D104_34_IMG_3104.mov,7,“哇塞”配置┋舒适配置┋科技配置,前机舱储物空间,1.前盖双敲击开启，同时联动发罩星环灯亮与熄灭提示是否关闭到位，有互动感。2.增加储物空间，同时与车内座舱完全独立，买菜、露营时可存储一些带气味的食物，生鲜，有排水口，易冲洗清洁，实用性非常强。,后排座椅靠背可大角度电动调节，前排0重力座椅配置。,暂无,全车标配空气悬架,暂无,,,https://alifilezx.sojump.cn/338144886_103_q41_20251123165213051QR6F0V.mov?Expires=1771984639&OSSAccessKeyId=LTAI5t5yGPC18zF31HzHsQKG&Signature=exivuAt14TC1HfVj%2Bbj%2FyQ9tI9s%3D&response-content-disposition=attachment%3Bfilename%3D104_41_IMG_3086.mov，https://alifilezx.sojump.cn/338144886_103_q41_202511231652139110UYIDE.jpeg?Expires=1771984639&OSSAccessKeyId=LTAI5t5yGPC18zF31HzHsQKG&Signature=LnS8ocQF23Mzir473S1nxqMF2bM%3D&response-content-disposition=attachment%3Bfilename%3D104_41_IMG_3131.jpeg，https://alifilezx.sojump.cn/338144886_103_q41_20251123165214067AMBCPY.jpeg?Expires=1771984639&OSSAccessKeyId=LTAI5t5yGPC18zF31HzHsQKG&Signature=9KA4J3L3d5RQ9q9VeSS9KPgC6aU%3D&response-content-disposition=attachment%3Bfilename%3D104_41_IMG_3131.jpeg，https://alifilezx.sojump.cn/338144886_103_q41_202511231652142089AX4QQ.jpeg?Expires=1771984639&OSSAccessKeyId=LTAI5t5yGPC18zF31HzHsQKG&Signature=4k338zf7oWIXusGY%2FSnA%2FJcUtkE%3D&response-content-disposition=attachment%3Bfilename%3D104_41_IMG_3131.jpeg，https://alifilezx.sojump.cn/338144886_103_q41_20251123165214349GJ3Z9D.jpeg?Expires=1771984639&OSSAccessKeyId=LTAI5t5yGPC18zF31HzHsQKG&Signature=vnrQuExtKAhZRTFjUH9YAnfsx28%3D&response-content-disposition=attachment%3Bfilename%3D104_41_IMG_3131.jpeg,8,车身缝隙┋材质/颜色一致性,外观间隙面差有精致感,暂无,车身漆面饱满，光泽度高，给人高级感。,暂无,,,,,,,,8,安全信息的表达,车内摄像头配置让人印章深刻，打开车内摄像头可以安全、方便观察到后排小孩的情况。,暂无,,,,,,,,9,座椅舒适性┋空间,座椅包裹性特别好，软硬适中，头枕特别舒服,暂无,腿部、头部空间均很足，乘坐空间舒适。,暂无,,,,,,,,,,8,储物空间,储物空间较多，搁置与取物均方便。前机舱储物空间、四门储物空间，后排座椅靠背放倒储物空间大。,副仪表置杯架太浅，放水杯容易不稳。后排座椅放倒与立起的操作都只能在后备箱操作，具有不便利性。,,,,,,,,,,9,接待与专业性,,,接待讲解非常专业，问的问题都能即时回答，解释合理。同时善于推销和演示产品的卖点：前机舱储物空间、语音助手快速响应、座椅乘坐舒适性等。,暂无,,,,,(空),,(空),,,,,,,,,,,(空),,前机舱储物空间双敲击打开，与发罩星环灯点亮互动具备场景创新，且十分实用，用来放置和存储一些带气味的海鲜、肉类等非常方便，给人一种与座舱分离开来的卫生感。,https://alifilezx.sojump.cn/338144886_104_q91_20251123171041428H6L9NW.mov?Expires=1771984639&OSSAccessKeyId=LTAI5t5yGPC18zF31HzHsQKG&Signature=cmclMvCmmxtGu%2B5mLGKA09g%2BwHo%3D&response-content-disposition=attachment%3Bfilename%3D104_91_IMG_3086.mov，https://alifilezx.sojump.cn/338144886_104_q91_20251123171042209NG7W6Q.jpeg?Expires=1771984639&OSSAccessKeyId=LTAI5t5yGPC18zF31HzHsQKG&Signature=IbdrVGS%2FMKZikOzqzNoISAngrF8%3D&response-content-disposition=attachment%3Bfilename%3D104_91_IMG_3085.jpeg,1.对四门，尾门流水槽焊点似乎没有太在意，并未投入过多饰板去遮蔽。2.四门似乎没有缓冲橡胶垫块，可以降本还美观。,
103,714秒,35-39岁,男,已婚2孩/多人口,是，请补充车型〖埃安sp.，速博GS5周年纪念版〗,5,3,5,5,埃安,埃安i60,广州海珠体验中心,6,其他〖内外饰〗,,,,,,,较霸王龙圆润,车头还是比较大,,7,内饰设计风格与布局,感觉比较低廉,低廉的感觉,,,,,,,,,,7,硬件基础,芯片一般,车机芯片性能比新势稍逊,,,,,,,,,,,,9,“哇塞”配置,价格很有吸引力,很优惠,,,,,,,,9,按键质感,,,,,,,按键质感一般,质感一般,,,,8,安全信息的表达,没体验到,,,,,,,,,8,座椅舒适性,很宽敞,,,,,,,,,,,,,8,充电便利性,,,,,,,充电口在后面,,,,,5,接待与专业性,,,,没什么人接待,,,,,,7,其他,,,,,,,,,,,(空),,,(空),,(空)
104,1300秒,30-34岁,男,已婚1孩,是，请补充车型〖皇冠〗,4,4,5,3,特斯拉,ModelY后轮驱动长续航,广州天环广场店,9,车型整体,整体比例很耐看，造型很经典，造型不夸张，采用家族式设计,新款车头比旧款稍微难看点,,,,,,,(空),7,内饰设计风格与布局┋用料及工艺┋设计细节,内饰风格很简约，操控很简洁,,,内饰用料比较一般，布料，硬塑料偏多,,,后备箱盖板设计很人性，可以竖起来插入一个插槽，方便取放物品，见图片,,,,,9,硬件基础┋UI设计┋独特功能亮点,硬件平台化做得很好,屏幕分辨率太低,UI很人性化，很清楚简洁，容易上手,,,,,,空调有好几个模式选择，说明书做得很人性化，容易上手，详见图片,,,,,7,科技配置,(跳过),(跳过),,,FSD配置很高，科技感很强,,,,(空),9,其他〖电池和车身很让人放心〗,,,,,,,,,电池安全性足够，电池品牌口碑好，车身刚度大,,(空),9,被动安全┋主动安全,,,车身强度大，电池安全口碑好，单踏板模式可以缩短制动距离,,FSD的视觉方案让人很放心,,,,(空),6,座椅舒适性┋空间┋其他〖悬架〗,座椅比较宽大,座椅比较硬,空间很大，头部腿部空间够,,,,,,,,悬架很扎实很稳,悬架偏硬，减速带颠簸明显,(空),9,储物空间┋按键操作便利性,储物空间很多，除了前备箱储物盒，还有备胎池下面的储物盒,,,,方向盘按键很简洁，比如左拨杆只有转向灯功能，远光提醒功能集成在方向盘开关上，但是方向盘开关按键不多，学习成本很低，借助符号一看就懂,,,,,,(空),9,门店感受┋接待与专业性,进门送一瓶水，门店很有科技感，电脑的操作界面很清晰，价格显示很透明,,预约试驾后3分钟就有人接待，而且当天就可以试驾，接待的人是特斯拉车主，对车辆各方面十分熟悉，而且讲解很会避开痛点，比如自动泊车停歪了会解释成方便下车，客户问到车的缺陷，比如车顶玻璃容易被石子打穿了，会回答车辆车顶玻璃硬度很高等等,,,,,,,8,视野┋驾驶感受(加速、制动、专项等）,,,视野很好，a柱没有遮挡，后视镜很清楚,内后视镜有点小,单踏板模式比较节能，悬架很扎实,单踏板模式顿挫，家人比较难受，需要适应,,,,,(空),年轻人很多，而且很多女性去关注特斯拉，很受女性车主欢迎,,(空),,(空)
105,1673秒,35-39岁,女,已婚1孩,是，请补充车型〖2017款传祺GS4〗,3,4,4,2,极氪7X,极氪7X 2026款 75KWh后驱MAX版,广州车展,8,车型整体┋前脸/侧围,整体设计较为简洁流畅，精致性较好,车型颜色配置缺少年轻化，较为,前脸采用大发罩，增加大气感，辨识度高,抽屉式把手，不太喜欢,,,,,(空),9,用料及工艺┋色彩与氛围,,,颜色温柔，触感舒适,暂未发现,该有的都有吧，较温馨,内饰可选颜色较少,,,,,(空),8,语音助手,,,,,,,识别灵敏，可支持连续指令,极氪7X的NFC和UWB钥匙只支持苹果手机,,,,,(空),8,“哇塞”配置,作为5座车配置了后排“女王”沙发，选装价格5000元，车展限时赠送。且沙发展开情况下，后备箱空间仍然很大,本人身高163，副驾无人情况下，后排沙发非常舒适,,,,,,,(空),8,车身缝隙,整车间隙较为均匀，精致感扑面而来,暂未发现,,,,,,,,,(空),5,其他〖车展未体验这块〗,,,,,,,车展未体验这块,车展未体验这块,(空),9,座椅舒适性┋舒适配置,包裹性较好，优点是后排也很舒服,暂未发现,,,后排电动沙发、-6~50℃小冰箱、后排座椅屏幕、电动遮阳帘等配置比较惊喜,身高超过170cm对于电动沙发的体验将大打折扣,,,,,,,(空),9,储物空间,后备箱较大，前备箱也很实用,中控为了小冰箱牺牲一定储物空间,,,,,,,,,(空),8,接待与专业性,,,直营店模式，销售表达和介绍均比较专业,暂未发现,,,,,(空),,其他〖车展未试驾〗,,,,,,,,,,,(空),,,(空),,(空)
106,1351秒,45-49岁,男,已婚2孩/多人口,是，请补充车型〖BEV Hyper HT〗,1,2,4,3,极氪,极氪9x 顶配,极氪交付中心广州番禺交付体验中心,9,车型整体┋前脸/侧围┋漆面/颜色,硬朗、大气,,硬朗,,稳重大气低调豪华,,,,(空),9,内饰设计风格与布局┋用料及工艺┋色彩与氛围┋设计细节,豪华低调,,触感细腻柔软,,有温度,,细腻、有温度,,,,(空),9,UI设计┋应用生态┋语音助手┋独特功能亮点,,,简介、关键功能触手可及,,常用功能都有,,流畅,,触键触手可及,,,,(空),8,“哇塞”配置┋科技配置,电吸门控制装置触手可及,爽,,,可以移动的视频设备,,,,(空),9,车身缝隙┋材质/颜色一致性┋开闭件质感┋按键质感,精细,,很体贴,,舒适、不毛躁,,舒适,,,,(空),9,安全信息的表达┋被动安全┋主动安全,安全放心,,,,,,,,(空),9,座椅舒适性┋空间┋舒适配置┋静谧性┋空调感受,很舒适按摩力度好,,足够，二排三排可以同时坐1.8米身高乘客,,座椅按摩通风配置了二排座椅,,够安静,大荧幕的轨道在粗糙路面是否有震荡噪音未知,制冷效果可以,,,,(空),8,储物空间┋便利性设计┋按键操作便利性┋充电便利性,够多的够用,,方便,,足够方便,,便利,,,,(空),9,门店感受┋接待与专业性┋讲解与演示,方便进出,,热情,,能够触达内心需求,,,,(空),8,底盘调教┋视野┋风噪/胎噪等静谧行,,,,,,,,,,,(空),,,(空),,(空)
107,3981秒,35-39岁,男,已婚1孩,是，请补充车型〖AION Y〗,5,5,5,5,吉利,银河A7-顶配,广州-车展,9,车型整体,外观大气，符合大众审美,车高较高，显得车宽看起来比较窄,,,,,,,,9,内饰设计风格与布局,浅色设计，车内明亮，符合家用,方向盘形状奇怪，不喜欢,,,,,,,,,,8,UI设计,,,主界面简洁，有点像电脑pad,主界面上放置的程序较少，使用不太便利,,,,,,,,,,9,“哇塞”配置┋其他〖19寸马牌轮胎，在此价位实属罕见〗,抬头显示，座椅按摩,座椅按摩力度挺大的,,,,,19寸马牌轮胎,,,9,按键质感,,,,,,,保留很多实体按键，拨钮，旋钮，,操作质感一般,,,,9,被动安全,,,全系标配侧气囊及侧气帘,,,,,,,9,座椅舒适性┋空间,有座椅按摩和通风加热，感觉比较软,后排坐垫较高,后排空间越级体验,后排头部空间略显不足，可能是全景天窗的影响,,,,,,,,,,9,按键操作便利性,,,,,保留很多实体按键，机械门把手,按键质感一般,,,,,,9,接待与专业性,,,接待积极，接待人员都比较年轻，提出疑问多能解答,,,,,,,,(空),,,,,,,,,,,(空),到店用户多30岁以上,,(空),机械门把手，既美观又实用，又便宜；建议将我司电子门把手均换回机械门把手,
108,4705秒,35-39岁,男,已婚2孩/多人口,是，请补充车型〖雅阁HEV〗,3,3,3,1,极氪,9X，顶配,广州车展极氪展台,9,车型整体┋前脸/侧围┋漆面/颜色,车身看起来非常大气，有档次，豪华感十足,COPY 劳斯莱斯的设计，借鉴因素过多,车身比例姿态十分优秀，耐看,,车漆闪闪发光，质感高，不廉价,,,,,9,内饰设计风格与布局┋用料及工艺┋色彩与氛围,内饰质感非常高，第三排座椅舒适性好，第三排甚至都有车窗遮阳帘,座椅稍显厚重,触摸舒服，无异味,双连屏设计无创新,灯光设计恰到好处,,,,,,,9,UI设计┋应用生态,,,显示十分高清，操作简单易上手,和低价位的银河车型无本质差异,APP较为丰富,车机和廉价的银河没有本质差异,,,,,,,,8,舒适配置,(跳过),(跳过),二排按摩非常到位，第三排座椅舒适性很好，,二排过道偏窄，进出不自然,,,,,(空),9,车身缝隙┋材质/颜色一致性┋开闭件质感,缝隙均匀且一致性好,,车漆较为厚实，不显薄,,关门声音厚重感强,,,,,,(空),6,其他〖车头厚重感带来的安全感〗,,,,,,,座椅包裹性较强，有种被座椅环绕保护的感觉,,(空),9,座椅舒适性┋空间,座椅支撑很好，包裹性好,三排座椅靠背较硬,空间大，腿部可以自然伸展,二排进出通道偏窄,,,,,,,,,,8,储物空间┋便利性设计,储物空间较多且大,,上下车座椅会自动后退，便于下车,中控实体按键几乎没有，,,,,,,,(空),7,其他〖车展体验，非门店体验〗,,,,,,,,,(空),7,其他〖未体验驾驶动态〗,,,,,,,,,,,(空),35岁以上群体为主，普遍穿着较有品味,尾箱天地门设计，后备箱显大,(空),,(空)
109,3016秒,35-39岁,男,已婚1孩,是，请补充车型〖AION Y〗,5,5,5,5,北汽极狐,极狐T1-425max顶配,广州-车展,8,车型整体,年轻动感,尾部设计有点不协调,,,,,,,,7,用料及工艺,,,内饰设计简洁,内饰多为硬塑料，质感不好,,,,,,,,8,应用生态,,,,,基本应用功能都有,APP比较少，且未找到可下载的地方,,,,,,,,8,舒适配置,(跳过),(跳过),热泵空调全新标配,主驾座椅电调，360影像未全系标配,,,,,,9,车身缝隙,车身缝隙小，均匀,可能是贴了车膜导致的,,,,,,,,,,8,被动安全,,,全系标配侧气囊,侧气帘仅顶配配置，应全新标配,,,,,,7,座椅舒适性┋空间,座垫软硬适中,靠背非常硬，座垫短，包裹性差,后排空间不错，整体空间感充裕,,,,,,,,,,,6,按键操作便利性,,,,,开门按键比较大，且颜色与周边不同，比较醒目,取消大部分实体按键，如天幕遮掩帘，空调等，操作不方便,,,,,,8,接待与专业性,,,接待及时,热情度一般，专业度一般,,,,,,,(空),,,,,,,,,,,(空),用户年龄多35岁左右,充分利用备胎池做成储物空间,,取消补胎机构，释放备胎池空间，做成储物空间,
110,920秒,25-29岁,男,已婚0孩,是，请补充车型〖昊铂gt〗,3,2,2,2,福特,福特智趣烈马,广州车展福特展台,7,车型整体,方正,前脸设计有点奇怪，不太好看,,,,,,,,8,内饰设计风格与布局┋用料及工艺,简约,翻毛皮太多,有翻毛皮,拼凑混乱,,,,,,,,8,UI设计┋应用生态┋独特功能亮点,,,简约现代,功能,有高德,娱乐app生态太少,,,有路书app,,,,,6,舒适配置,(跳过),(跳过),,座椅通风加热开启入口复杂,,,,,,8,按键质感,,,,,,,紧实顺滑,,,,,7,安全信息的表达,仪表信息显示全面,,,,,,,,,5,座椅舒适性,,座椅硬,,,,,,,,,,,,5,按键操作便利性,,,,,,实体按键少,,,,,,5,接待与专业性,,,,无主动接待,,,,,(空),8,视野,,,视野正常 有车头后视镜补盲,,,,,,,,,,,(空),,(空)
111,816秒,25-29岁,男,已婚0孩,是，请补充车型〖影豹〗,4,3,5,4,启源A06,630激光utral,广州车展,9,车型整体┋前脸/侧围,运动，掀背门，卡钳罩,前脸太圆润了,侧围比较高级,前脸太圆润了,,,,,,9,用料及工艺┋设计细节,,,拉手都是皮质的，化妆镜很大，可多档调节,,,,后排座椅放倒后，手部依旧有支撑,,,,,8,独特功能亮点,,,,,,,,,可以自定义多个场景预设,,,,(空),9,舒适配置,(跳过),(跳过),四个座椅都有加热通风按摩,,,,,,(空),6,按键质感,,,,,,,自定义旋钮比较松,,,,,8,主动安全,,,,,高阶智驾,,,,(空),9,座椅舒适性┋空间┋舒适配置,后排座椅放倒角度很大，均配备按摩，,没有后排屏幕,后排空间很大,,天幕大且覆盖遮阳帘,,,,,,,,(空),8,储物空间,冰箱扶手箱,,,,,,,,,,(空),4,接待与专业性,,,,车展无人接待,,,,,(空),,(空),,,,,,,,,,,(空),,,(空),,(空)
112,961秒,40-44岁,男,已婚2孩/多人口,是，请补充车型〖GM6〗,2,2,4,2,蔚来,新ES8,广州市番禺桥南店,7,漆面/颜色,,,,,触感好,贵？,,,,8,用料及工艺,,,温馨感,,,,,,,,,7,UI设计,,,易上手，流畅，细腻,,,,,,,,,,,6,“哇塞”配置,舒适领航,舒适性提升,,,,,,,,8,材质/颜色一致性,,,非常一致,个别细节也不太好，导轨外露,,,,,,,,7,其他〖体验不到〗,,,,,,,体验不到,体验不到,(空),7,空间,,,空间感好大，第三排也不局促,,,,,,,,,,,8,储物空间,前备箱大,,,,,,,,,,(空),8,门店感受,舒适敞亮,,,,,,,,,8,底盘调教,均衡，舒适运动区别明显,内饰悬架烂路有一点异响,,,,,,,,,(空),时尚，精致，沉稳,未发现特别之处,(空),用料挺好，不计成本,(空)
113,16668秒,25-29岁,女,未婚/单身,否,3,4,4,2,小鹏,小鹏X9-增程7座版,广州市-番禺天河城店,6,车型整体┋前脸/侧围,外观整体比较前卫,尾部棱角较多，较为尖锐,设置主动闭合式进气格栅，小鹏系设计语言贯穿灯具有标志性,暂无,,,,,,7,内饰设计风格与布局┋色彩与氛围┋设计细节,1、内饰整体设计风格简约而不失科技感。中控台布局简洁明了，大尺寸的中控显示屏集成了众多车辆控制功能，操作方便直观。,1、部分塑料设置拉低了整体板块体验感,,,1、香味浓淡设置、气味调节具有自定义性质2、环氛围灯整体烘托体验丰富,暂无明显劣势,1、窗位边界做得很薄,1、冰箱位没有做内切设计，材质上易于留痕，脚踢印记比较明显,,,,7,语音助手┋独特功能亮点,,,,,,,1、语音交互回复打断也能听得到，在语音助手回复的过程中打断提问也可以自如的接上。,暂无明显劣势,1、座舱内娱乐屏向外翻折，角度可设置到180度躺倒时直接能观看。2、屏幕设置角度通过滑移的方式可以快速设置，设置便捷。,1、座舱内设置为电动的功能占了半数，但是在使用上部分缺乏防夹手设置。,,,,7,科技配置,(跳过),(跳过),,,智驾系统可信任，体验感佳，乘坐体验与正常驾驶无异，其智能驾驶辅助系统涵盖了自动紧急制动、车道居中保持、盲点监测等多项功能。,暂无明显劣势,,,(空),7,车身缝隙┋开闭件质感,整车车身缝隙连接自然。,暂无明显劣势点,,,1、冰箱电动开启是通过缓冲推出。2、一排手扶箱设置保密空间，不能随意开启。,暂无明显劣势,,,,,,7,安全信息的表达┋主动安全,暂无明显优秀点,在行车过程中乘客开启零重力模式的安全提醒是在中控屏播报的，对于正在零重力的二排乘客而言是听不清楚的。,,,自动泊车使用时会如果遇到人不会直接停下并且提醒，而是反复调整位置，达到一个可以停好的点位。,暂无明显劣势点,,,(空),7,座椅舒适性┋空间┋静谧性,二排舒适度高，功能板块统一设置易用。,三排头枕明显较薄，二排扶手较窄，支撑感不强。,可以通过三排折叠释放三排空间，与后备箱接连形成较大的平面空间作为储存收纳或休息用途。,三排空间平铺后实际空间较宣传感受小，平整度存在落差。,,,行车过程中整体噪音不高，与车窗防窥膜结合整体形成静谧感完整的体验。,在零重力模式下，按摩等电机的声音会在耳边响起，带来不适。,,,,,,8,储物空间┋按键操作便利性┋充电便利性,1、三排折叠后可进行长物件储物,1、三排折叠后若放置较多物品，在行驶过程中可能会出现物品偏移晃动的情况，针对此类情况并无提前预备或考虑。,,,1、按钮缝隙合理，功能板块同一输出，icon较为清晰易懂。2、扶手设置开关键比较符合使用动线,1、后备箱按键存在一定的滞后性，多功能合并有一定的学习成本。,1、后备箱插座、座椅充电位、前排CNSL充电位配备较为齐全。,暂无明显劣势点,,,,8,接待与专业性┋讲解与演示,,,接待态度佳，相对较有耐心,在试驾过程中，没有提前确认路况，堵车时间较长,讲解较为耐心,讲解过程中会有一些点存在回复不及时或者卡顿情况,,,(空),7,底盘调教┋驾驶感受(加速、制动、专项等）┋风噪/胎噪等静谧行,底盘可以根据使用情况调节软硬度，整体感受符合30W+MPV驾驶体验,暂无明显劣势点,,,1、加速在设计时应该是考虑到MPV的属性，在起步速度上做了调整过渡与油车体验感相似。,暂无明显劣势点,1、噪音不明显，行驶过程中较为安静,暂无明显劣势点,,,(空),品牌到店群体多为25-35岁年龄段，多数为年轻人，用户对整体造型、内饰空间及后排放平等比较关注。,车内娱乐屏角度达到180度时，若一二排躺下，可以躺着观看娱乐屏。,(空),,(空)
114,498秒,35-39岁,女,已婚1孩,是，请补充车型〖S7〗,3,3,3,5,腾势N9,顶配,广州车展,7,车型整体┋漆面/颜色,整体风格统一,,,,漆面品质好,,,,,8,内饰设计风格与布局┋用料及工艺,整体风格统一,,高级感,,,,,,,,,8,UI设计┋语音助手,,,操作便利,无法,,,反应快,,,,,,,6,“哇塞”配置,眼前一亮,(空),,,,,,,,9,材质/颜色一致性,,,高级感,,,,,,,,,8,安全信息的表达,,,,,,,,,(空),8,座椅舒适性,很舒适,,,,,,,,,,,,,8,便利性设计,,,操作方便,,,,,,,,,8,接待与专业性,,,热情 亲切,,,,,,(空),,(空),,,,,,,,,,,(空),,,(空),,(空)
115,13781秒,35-39岁,男,已婚1孩,是，请补充车型〖GS4〗,5,5,5,5,蔚来,es8-顶配,车展,8,前脸/侧围,,,外观感知品质好,,,,,,,9,用料及工艺┋设计细节,,,上界H5,用料差同级水平,,,,,,,,6,硬件基础,页面单独针对蔚来匹配设计,,,,,,,,,,,,,5,科技配置,(跳过),(跳过),,,,,,,(空),5,车身缝隙,,星愿后视镜拔膜缝大,,,,,,,,,,9,主动安全,,,,,哈佛猛龙上楼梯功能,,,,,9,空间,,,北汽极狐T1A0大空间,,,,,,,,,,,9,按键操作便利性,,,,,,车门解锁按键不合理,,,,,,6,其他〖空间大〗,,,,,,,北汽极狐T1A0级最大空间,,,,(空),,,,,,,,,,,,,,(空),,(空)
116,2502秒,35-39岁,男,已婚1孩,是，请补充车型〖AION Y〗,5,5,5,5,奇瑞,ICAR V23,广州-车展,9,车型整体,方盒子造型，方方正正，城市越野风,轮辋造型不好看，看着像铁轮辋（实为铝轮辋）掉价,,,,,,,,7,用料及工艺,,,门板多为软包敷材料,按键面板设计较为粗糙；IP台整体感觉廉价感,,,,,,,,8,应用生态,,,,,APP较多，有应用中心,应用APP界面会自动回弹回主界面，疑似bug,,,,,,,https://alifilezx.sojump.cn/338144886_115_q34_20251124141957599DFVZU9.mp4?Expires=1771984639&OSSAccessKeyId=LTAI5t5yGPC18zF31HzHsQKG&Signature=HOkqrQTHnvun16uOP5ojeNpS%2Fzw%3D&response-content-disposition=attachment%3Bfilename%3D118_34_VID_20251124_141934.mp4，https://alifilezx.sojump.cn/338144886_115_q34_20251124142012670XWR6Q8.jpg?Expires=1771984639&OSSAccessKeyId=LTAI5t5yGPC18zF31HzHsQKG&Signature=cWqFsszQfnHJpioqCeUgQ8mv%2FxU%3D&response-content-disposition=attachment%3Bfilename%3D118_34_IMG_20251124_141815.jpg,9,舒适配置,(跳过),(跳过),2026款全新前排座椅加热通风电调,全系最高续航只有500km，续航略显不足,,,,,,8,车身缝隙,车身缝隙小，一致性补充,部分缝隙不太对齐,,,,,,,,,,9,被动安全,,,2026款全新标配侧气囊侧气帘,,,,,,,8,座椅舒适性,座垫软硬适中,后排靠背角度较直,,,,,,,,,,,,8,按键操作便利性,,,,,保留较多实体按键及旋钮,隐藏式门把手设计较为奇葩，操作不便,,,,,,7,接待与专业性,,,接待及时,专业能力一般,,,,,(空),9,视野,,,前排整体视野开阔，可能是坐姿较高的原因,发动机盖过高，影响前下视野,,,,,,,https://alifilezx.sojump.cn/338144886_115_q88_20251124144828460X88TGO.mp4?Expires=1771984639&OSSAccessKeyId=LTAI5t5yGPC18zF31HzHsQKG&Signature=7Gh9UsGutc6%2BWnmLZycbjz8qa6E%3D&response-content-disposition=attachment%3Bfilename%3D118_88_VID_20251124_144630.mp4，https://alifilezx.sojump.cn/338144886_115_q88_202511241448471011ES80U.jpg?Expires=1771984639&OSSAccessKeyId=LTAI5t5yGPC18zF31HzHsQKG&Signature=NYG3LyJQZ1ZrxQ8%2FwRssddNu4VY%3D&response-content-disposition=attachment%3Bfilename%3D118_88_IMG_20251124_144837.jpg,,车门，前排座椅后面储物为网兜设计，实用,,车门，前排座椅后面储物为网兜设计，成本低且实用,
117,1684秒,30-34岁,女,已婚1孩,是，请补充车型〖特斯拉model3〗,2,2,2,1,AUDI,AUDI-E5先锋plus,广州车展,6,车型整体┋前脸/侧围┋漆面/颜色,前后灯,前后脸造型不符合审美,有特点,车灯闭环里面是块铁，没有凸显高科技,黑色的外漆搭配车灯比较高级又有科技感,,,,,3,内饰设计风格与布局┋用料及工艺┋色彩与氛围┋设计细节,bose音响，后排座椅加热，氛围灯，屏幕,设计过于简洁，空间小，没有储物空间,实木,翻毛皮,不觉得有优点，全屏屏幕ok,还是偏毛坯，没有豪华质感，沉浸感一般,中控可以屏幕盲操,设计过于简单，后排没有座椅通风,,,,5,UI设计┋语音助手┋独特功能亮点,,,卡片是操作界面，主副驾可以分屏使用互不干扰，副驾看视频可以自己连蓝牙耳机不影响主驾，也可以主驾用头枕音响,应用过少,,,可见即可说，连续对话,只能完成车机任务，没有高级功能,屏幕上有彩蛋功能,应用生态过少,,,,5,科技配置,(跳过),(跳过),,,终身免费智驾，免费ota升级,没有冰箱,,,(空),6,按键质感,,,,,,,物理按键配合屏幕可以盲操,功能不多,,,(空),5,其他〖智驾〗,,,,,,,mmt方案，终身免费智驾,暂无,,4,座椅舒适性┋空间┋静谧性,没有优点,空间小，舒适性一般，不算软,不好,空间不足，没有储物空间,,,音响效果好,没有,,,,,(空),6,便利性设计,,,ui,语音助手能力仅仅支持完成车机任务,,,,,,,(空),5,接待与专业性,,,会给你介绍你关注的点,,,,,,(空),4,(空),,,,,,,,,,,(空),,,(空),,(空)
118,3428秒,35-39岁,女,未婚/单身,是，请补充车型〖昊铂HT〗,1,3,1,1,ht,HT670,广州海珠昊铂店,8,车型整体,年轻时尚,欠缺豪华感,,,,,,,(空),7,内饰设计风格与布局┋色彩与氛围,空间大，舒适,欠缺独特的个性,,,材料质感好,色彩搭配单一，容易审美疲劳，橙色内饰在前玻璃上有倒影，影响视野清晰。,,,,,(空),8,应用生态┋语音助手,,,,,该有的功能基本满足,暂未发现,满足要求,暂未发现,,,,,(空),9,舒适配置┋科技配置,(跳过),(跳过),座椅，nvh表现优秀,后视镜视野不佳,智能泊车，测距表现优秀,碰撞滴滴音容易听觉疲劳，换成语音提醒更好,,,(空),8,材质/颜色一致性,,,颜色饱满,光线下显旧,,,,,,,(空),8,主动安全,,,,,方向盘自动回正很好用,暂未发现,,,(空),9,座椅舒适性┋静谧性,包裹性好,,,,,,隔振好，底盘噪音较小,风噪可以再降低,,,,,(空),9,储物空间┋便利性设计,空间充足,,按键明显易操作,,,,,,,,(空),8,接待与专业性,,,耐心，介绍全面,流程自动化程度低，忙乱起来易出错,,,,,(空),8,驾驶感受(加速、制动、专项等）,,,,,动力响应灵敏，跟随性好,暂未发现,,,,,(空),追求时尚，新鲜感，喜欢视觉和触觉上更有质感,语音交互更接近真人互动，理解力较好。,(空),暂未发现,(空)
119,1746秒,40-44岁,男,已婚1孩,是，请补充车型〖传祺E8〗,3,3,3,3,智己,智己LS9,广州车展,8,前脸/侧围,,,大灯设计感强，车头较高，外观大气,,,,,,,7,用料及工艺,,,内饰手感触摸舒服,,,,,,,,(空),7,语音助手,,,,,,,语音助手反应快捷,,,,,,(空),8,“哇塞”配置,大容量电池，纯电续航300+，基本满足一周充一次电,(空),,,,,,,(空),7,开闭件质感,,,,,开关门厚重,,,,,,(空),7,其他,,,,,,,无试驾,,(空),8,座椅舒适性,座椅坐着舒适，对胖的的人来说也没有紧迫感,,,,,,,,,,,,(空),6,按键操作便利性,,,,,与现有车型基本一致,,,,,,(空),8,接待与专业性,,,现场销售人员热情，介绍详细,,,,,,(空),7,其他,,,,,,,,,上ENC,,(空),车辆售价30w+，家用居多,,(空),,(空)
120,1945秒,40-44岁,男,已婚1孩,是，请补充车型〖GS4〗,3,3,4,4,小米,奇瑞风云A9L,广交会展馆,8,车型整体┋前脸/侧围┋漆面/颜色,线性简约匀称爆满,轮毂一般，A柱太粗,前脸宽大有气势,门把手不够精致,颜色独特,漆面质量一般,,,,6,内饰设计风格与布局,空间大，简约,前排座椅调整不方便，空间小,,,,,,,,,,5,硬件基础,momenta技术，性价比高,性能和华为比有差距，光辉版猎鹰700支持高速智驾。,,,,,,,,,,,,7,其他〖空间大，外观好，价格不算贵〗,(跳过),(跳过),,,,,空间大，外观好，价格不算贵,智驾水平一般，安全只有9气囊，没有正式测评成绩。,,6,按键质感,,,,,,,按键布局不错,按键反馈一般,,,,7,被动安全,,,有9气囊,没有正式测评,,,,,,8,座椅舒适性,座椅按摩效果不错,,,,,,,,,,,,(空),6,储物空间,副仪表板镂空设计,,,,,,,,,,,8,讲解与演示,,,,,专人讲解,,,,(空),7,视野,,,前方视野大,A柱不够细,,,,,,,,性价比,按键操作区域比较舒适,,暂无,(空)
121,1936秒,45-49岁,女,已婚2孩/多人口,是，请补充车型〖GS8〗,3,5,5,1,奔驰,EQE 500 4MATIC Luxury SUV,广州车展,7,车型整体,/,/,,,,,,,(空),9,色彩与氛围┋设计细节,,,,,作为浅内饰，感觉比其他车型的浅内饰更加的干净明快,/,同样的音响网罩，比其他车型更有设计感,/,,,(空),8,其他,,,,,,,,,,,/,/,(空),7,舒适配置,(跳过),(跳过),/,/,,,,,(空),8,车身缝隙,与价格相符,/,,,,,,,,,(空),8,主动安全,,,,,/,/,,,(空),9,静谧性,,,,,,,在车展这么嘈杂的环境里，这辆车关上车门后确实自成空间。,/,,,,,(空),8,按键操作便利性,,,,,右后车门可操控副驾座椅移动。对坐二排座椅的人非常友好。,/,,,,,(空),7,讲解与演示,,,,,/,/,,,(空),,(空),,,,,,,,,,,(空),,,(空),,(空)
122,3627秒,35-39岁,男,已婚2孩/多人口,是，请补充车型〖日产奇骏〗,3,4,4,5,问界,问界M8-6座增程/纯电Max+,惠州大亚湾万达广场鸿蒙智行体验中心(问界),8,车型整体,整体大气,有点显胖,,,,,,,,8,内饰设计风格与布局┋用料及工艺┋色彩与氛围┋设计细节,简约,老气,触摸高级,,整体较好,可接受，不亮眼,整体好看,二排左后少了小桌板,,,,9,硬件基础┋UI设计┋语音助手,操作顺畅不卡顿,,整体UI操作便利,,,,语音灵敏,,,,,,(空),8,科技配置,(跳过),(跳过),,,语音流畅，有幕布投影小朋友喜欢,幕布观感没有屏幕清晰,,,(空),8,开闭件质感┋按键质感,,,,,,,,,,,(空),9,主动安全,,,,,携带智能驾驶，主机界面显示会提前告知驾驶外部情况,智能驾驶等待缓慢，确认比较久后才启动,,,(空),9,座椅舒适性┋空间┋静谧性,软硬适用，有座椅按摩和通风,,空间较大，适合家用,,,,纯电驾驶模式比较安静，暂没体验增程发动机启动模式,,,,,,(空),9,储物空间,纯电有前备箱，停车后，如后面有墙方便取物,,,,,,,,,,(空),9,门店感受┋接待与专业性,热情接待，讲解详细,偶有出错，略多专业词汇,会讲解车上的各类优点,偶有出错，略多专业词汇,,,,,(空),9,底盘调教┋视野┋驾驶感受(加速、制动、专项等）┋风噪/胎噪等静谧行,,,,,,,,,,,(空),空间，家用，座舱和智能驾驶,语音灵敏,(空),,(空)
123,2444秒,40-44岁,男,已婚1孩,是，请补充车型〖传祺影速〗,5,5,3,1,GS3影速,劲享版,自己车,6,车型整体,尺寸紧凑,缺后四窗,,,,,,,,6,用料及工艺,,,时尚,低档软包覆感,,,,,,,,3,其他〖Auto hold〗,,,,,,,,,,,坡起灵敏,调用不方便,https://alifilezx.sojump.cn/338144886_125_q34_202511241923380994REOYN.mov?Expires=1771984639&OSSAccessKeyId=LTAI5t5yGPC18zF31HzHsQKG&Signature=a530uloPq93hsi8ShawRQVWzObg%3D&response-content-disposition=attachment%3Bfilename%3D125_34_IMG_9764.mov,2,舒适配置,(跳过),(跳过),无线CarPlay连接,返回车机界面繁琐,,,,,https://alifilezx.sojump.cn/338144886_125_q41_202511241926423525ZE2ES.mov?Expires=1771984639&OSSAccessKeyId=LTAI5t5yGPC18zF31HzHsQKG&Signature=crIZpD2RtLvwr6cgjLbooFoFY%2BM%3D&response-content-disposition=attachment%3Bfilename%3D125_41_IMG_9765.mov,6,其他〖门框外观〗,,,,,,,,,成本低,焊接质量差,,5,其他,,,,,,,加速太快,不平顺,(空),6,其他〖悬架太硬〗,,,,,,,,,,,紧凑性好,太颠簸,(空),5,储物空间,二排座椅可以放平,行李厢X向尺寸太小,,,,,,,,,,9,讲解与演示,,,,,多样功能演示,,,,(空),4,底盘调教┋驾驶感受(加速、制动、专项等）┋风噪/胎噪等静谧行,,悬架太硬,,,,加减速不平顺，制动不灵敏,,加速噪声太大,,,(空),,,(空),发动机盖手动支撑杆,
124,2352秒,40-44岁,男,已婚2孩/多人口,是，请补充车型〖传祺GS8〗,3,4,5,2,长安启源,A06 630max,广州车展,8,车型整体┋前脸/侧围,外观动感，轿跑,偏圆润，缺少力量感,侧面轮廓优雅流畅,贯穿式前灯没什么特色,,,,,,8,设计细节,,,,,,,大面积使用软质材料，细节处理的很好,方向盘上的上下左右导航按钮控制精准度不高。,,,,8,独特功能亮点,,,,,,,,,杯托后方的按钮可以调出前后左右四个方向的摄像画面,未发现,,,,9,“哇塞”配置,后排可以电动调节到145度,很舒服很实用,,,,,,,,9,车身缝隙┋开闭件质感,车身缝隙很均匀。,未发现,,,车门开闭件质感非常好。,未发现,,,,,,7,被动安全,,,安全带设置恰到好处,,,,,,(空),9,座椅舒适性,腿部空间充足，座椅支撑到位,未发现,,,,,,,,,,,,8,便利性设计,,,B柱上有隐藏式挂钩,,,,,,,,,7,接待与专业性,,,会根据需要讲解,,,,,,(空),,(空),,,,,,,,,,,(空),,,(空),,(空)
125,5265秒,35-39岁,男,已婚2孩/多人口,是，请补充车型〖第一代传祺GS4〗,2,3,5,4,五菱星光730,星光730-2025插混 125km 豪华版,广州市-广州华贵五菱宝骏4S店,6,车型整体┋前脸/侧围,整体尺寸比例协调，没有之前面包车的感觉。,缺少一些亮饰条装饰，高端感不足。,前脸格栅造型大气，但圆润不尖锐。悬浮式侧位。前脸气坝立体感较好还能降低风阻。,外视镜脖子太长细。前后组合大灯美感不足，很平庸。仅前格栅下有镀铬装饰条。,,,,,,6,用料及工艺,,,IP及CONSOLE等核心关注区亮饰条比较多，再品质上有提升感。车内软包覆较多，一定程度上减少了五菱印象中的廉价感。,做工粗糙，精细感不足。,,,,,,,,2,硬件基础┋应用生态,中控屏采用大屏设计,只有AV主机，音响数目少，坐二排音响感知不好。,,,无，有简单的车辆启动，空调控制等简单远控功能。,仅有AV，网联不能满足用户需求，基本靠手机互联。,,,,,,,(空),7,舒适配置,(跳过),(跳过),10万的车，有100km的WLTC纯电续航，还有滑移门，中控大屏，座椅仿皮，核心一二瓶排接触区有大量软包覆。点滑门可以5种开启方式。,电动滑移门仅能选装右侧，需要另外费用3000元。,,,,,(空),5,车身缝隙,,缝线等不均匀，焊点等不规则，有点丑。,,,,,,,,,(空),3,被动安全┋主动安全,,,,安全气囊数量少。,,无智驾L2，询问店员反馈后续无加装计划。,,,(空),7,座椅舒适性┋空间,座椅全仿皮，坐垫软度感觉还可以。,,第三排座椅没有一般三座车的小矮凳感觉，一二三排满座情况下，整体乘坐空间足够。,第三排头部空间够，但不充裕。,,,,,,,,,(空),8,储物空间┋便利性设计,车内很多储物空间，基本该有的储物都有,满座情况下，行李箱储物空间不大。,二排上下车扶手，三排座椅灵便性均不错。,三排左右往前翻折后，纵向空间偏小(相对这个整车尺寸来讲),,,,,,,(空),9,门店感受┋接待与专业性,网上汽车之家看了后，立马主动电话来沟通，很主动，提前预约好了，过去后出门迎接，并主动递水，安排看车，又安排试乘试驾，态度积极主动。,车型讲解不多(基本问什么答什么)。,核心卖点店员会讲到，整体感觉是聚焦讲重点(比如混动，纯电续航，点滑门，空间与其它竞品车对比大概简说），其它不问基本不主动讲。,很明确告诉客户，无智驾搭载计划。,,,,,(空),6,底盘调教┋驾驶感受(加速、制动、专项等）┋风噪/胎噪等静谧行,四连杆设计，宣传点够,主驾开车时候感觉滤振还行，没有很明显的偏硬；给商评的人开车，我坐二排，有比较多的颠簸(感觉底盘偏硬),,,混动车，低速情况下加速感还是很强，有明显地推背感。,网上看评论满载等特定情况下会感觉动力不足(受试乘试驾条件限制，本次未能验证),纯电体验，动总这块没有明显的噪音,噪音，胎噪较大。,,,(空),试乘试驾当天，正好碰到店里有一对30岁左右的夫妻购买此车，整体上看应该是小家庭(小商户)，属勤俭持家那种外貌(衣着、肤色等),广州车展看不到五菱展台，更看不到这个刚上市的新车，进一步应证了我们此前的客户群体定位(这个群体可能比较节俭，不会去参加车展这种)，所以总结就是这类群体很务实！车子设计上确实更多应该考虑务实的性价比,(空),全款10.68万可以搞定这款混动，E8的尺寸空间，滑移门，确实性价比很高。成本管控这块应该很好(对比我们的成本售价大概状态）。,
126,925秒,35-39岁,男,已婚2孩/多人口,否,4,3,3,3,埃安,i60,广州车展埃安展台,7,车型整体┋前脸/侧围,整体大气，浑然一体。,车身显得有些臃肿,前脸设计简约。,车身侧面线条过度有些突兀。,,,,,(空),6,用料及工艺┋设计细节,,,,仪表台镀铬饰条不够亮。,,,,中央出风口装饰调明显松动。中央扶手USB凹陷，脱落。,,,,7,硬件基础,中控屏反应速度还算灵敏。,,,,,,,,,,,,(空),8,舒适配置,(跳过),(跳过),,,,,,,(空),4,开闭件质感,,,,,车门声音和力度都挺好,,,,,,(空),6,被动安全,,,满意,,,,,,(空),6,座椅舒适性,挺好,前排座椅肩部太高，做后排看着很怪，不美观。,,,,,,,,,,,(空),7,储物空间,挺好,,,,,,,,,,(空),6,接待与专业性,,,,车展导购都是些临时大学生，不专业且各别人员不敬业。,,,,,(空),7,视野,,,视野还可以吧,机盖有些高了,,,,,,,(空),,,(空),,(空)
127,1845秒,35-39岁,男,已婚1孩,是，请补充车型〖大众〗,3,3,4,3,蔚来,全新ES8,广州车展,9,车型整体┋漆面/颜色,简约耐看，精致大气，原创性很高,发盖向下的设计的分缝看起来有点奇怪,,,漆面色泽亮丽，无明显橘皮等特征，,无明显不足,,,(空),9,用料及工艺┋设计细节,,,用料很好，细节处理不错，明显优于同级车,无明显不足,,,显示屏幕圆角处理，看起来很舒服。二排过道很宽敞方便通行，同时右侧座椅可以横向移动,无明显不足,,,,8,UI设计,,,UI操作起来丝滑，看起来很简洁,无明显不足,,,,,,,,,(空),9,“哇塞”配置,超大前备箱，超大后备胎坑，三排座椅一键纯平，储物空间超大,感觉很实用,,,,,,,,8,其他,,,,,,,,,细节做得很好,无明显不足,,9,被动安全,,,配置拉满，后排座椅下滑气囊也有配置,无明显不足,,,,,(空),9,座椅舒适性,座椅坐上去就很舒服，按摩覆盖面积大，力度很大,无明显不足,,,,,,,,,,,(空),9,便利性设计,,,二排过道较宽敞，座椅扶手可以收起来，右侧老板座还可电动横移,无明显不足,,,,,,,(空),9,接待与专业性,,,接待的小姐姐很热情并有耐心，每一个功能都细心讲解并引导操作体验，情绪价值拉满,无明显不足,,,,,(空),9,风噪/胎噪等静谧行,,,,,,,车展全关门静谧性不错，前小窗也是隔音玻璃,,,,,,,(空),,(空)
128,2683秒,25-29岁,女,未婚/单身,是，请补充车型〖埃安Yplus〗,3,2,5,1,智界,R7纯电ultra,广州番禺万达店,8,车型整体┋漆面/颜色,流线侧面，运动尾翼,无发现,,,幻影紫搭配内饰好看,无发现,,,(空),7,内饰设计风格与布局┋色彩与氛围,内饰布置和谐,无发现,,,内饰紫色和米色拼接搭配舒适,米色耐脏性较差（展车有脏污），氛围灯颜色不明显,,,,,,9,硬件基础,前排遮阳板化妆镜可调节灯光亮度和冷暖色，后排车门可调节空调风速温度和座椅按摩，后排小桌板和储物收起来跟座椅背部贴合，外后视镜无边框设计,副驾小桌板设计有点丑,,,,,,,,,,,,8,科技配置,(跳过),(跳过),,,标配前后向激光雷达、5个4D毫米波雷达和华为ADS辅助驾驶高阶版。价格从24.98到30.98万元，可选择性较多。,无发现,,,(空),7,开闭件质感,,,,,车门开关流畅，尾门开启流程,副驾小桌板打开卡滞,,,,,(空),8,主动安全,,,,,预警功能较多，时刻提醒驾驶员状态和车外风险情况，很安心,下车开门预警对行人无检测,,,(空),9,座椅舒适性┋空间,主副驾和后排坐起来舒服，儿童座椅设置很贴心,无发现,前排、后排和后备箱空间很大，乘坐起来舒适,无发现,,,,,,,,,(空),8,储物空间┋按键操作便利性,车内很多储物地方，特别是后备箱很大,无发现,,,方向盘按键跟广汽的设置不一样，要重新适应，实际使用可行,同上,,,,,(空),5,门店感受┋接待与专业性,门店内有智能家居、手机和汽车三类产品，汽车有三款。总体客户很多，国内外户籍客户都来体验。,总体空间有点窄。,销售人员主动跟随，但不会主动讲解,销售人员俩俩站着聊天，给客户感觉不太好。,,,,,(空),,(空),,,,,,,,,,,(空),,,(空),,(空)
129,3082秒,35-39岁,男,已婚1孩,是，请补充车型〖福克斯〗,4,4,5,2,别克,别克至境世家高配,广州车展,8,车型整体,大气，总体感觉比较厚重，外观中规中矩,隐藏式门把手,,,,,,,(空),8,内饰设计风格与布局,体验的是一款黄色内饰，总体感觉比较温馨，座椅比较柔软亲肤,不耐脏，座椅靠下位置和接触多的位置容易脏，不确定是否好打理。三排330MM的导轨外露，不美观。仪表较小，不利于驾驶员获取信息。,,,,,,,,,(空),9,独特功能亮点,,,,,,,,,“5恒”大健康座舱，恒湿（推荐湿度），恒温（推荐温度），恒洁（滤网寿命提醒），恒静（噪音），恒氧（含氧量，推荐开启外循环）。,贯穿屏不美观，UI设计感觉像是几年前水平。二排遥控器反应迟钝，和车机速度不匹配,,,(空),4,“哇塞”配置,空气悬架,因为只能静态体验，确实提升了进入便利性，实现一步上下车，对老人孩子比较友好,,,,,,,(空),6,按键质感,,,,,,,车内按键尺寸偏大，不容易误按，按键手感清脆,,,,(空),8,其他,,,,,,,因为车没有上市，相关可获知信息较少,,(空),8,座椅舒适性,座椅整体乘坐起来比较宽敞，体感柔软,,,,,,,,,,,,(空),8,储物空间,,副驾储物箱在坐人情况下开启不太方便,,,,,,,,,(空),7,接待与专业性,,,,接待人员对车型信息不太了解，比如车辆上各个储物空间的开启方式，各项功能的正确演示,,,,,(空),,(空),,,,,,,,,,,(空),,,(空),,(空)
130,1676秒,35-39岁,男,已婚1孩,是，请补充车型〖传祺GA6〗,5,5,5,2,奇瑞,风云A9L,广州-车展,7,车型整体,外造型廉洁大气,豪华感不强,,,,,,,,7,内饰设计风格与布局┋色彩与氛围,内饰简洁，空间感较好,用料一般，软包区域不足,,,没有什么特别的,色彩单一,,,,,,6,UI设计,,,操作不复杂,整车功能少,,,,,,,,,,8,舒适配置,(跳过),(跳过),座椅调节按键放在门板，便于操作，提升豪华感,后排座椅靠背角度不能调节,,,,,(空),7,材质/颜色一致性,,,座椅面料柔软，整车味道不大,整体搭配不够高级,,,,,,,(空),6,被动安全,,,配置气囊,没有什么特别的,,,,,(空),6,座椅舒适性┋空间,座椅尺寸合理，无拘束感,座椅硬,前后空间大,,,,,,,,,,(空),7,储物空间,门板储物空间较好,没有什么特别的,,,,,,,,,(空),7,接待与专业性,,,接待热情,,,,,,(空),6,其他〖未试驾〗,,,,,,,,,,,(空),,在保证运动溜背的外造型情况下，打造车内空间感较好，但是牺牲了后排座椅舒适性，后排座椅靠背角度小而且不能往后调节。,(空),空间大，配置合理，售价便宜，整车售价15w,(空)
131,1452秒,30-34岁,女,已婚1孩,是，请补充车型〖S7〗,3,3,4,3,智己,ＬＳ6-增程52max,广州车展,7,漆面/颜色,,,,,车漆好看,未知,,,,5,设计细节,,,,,,,nappa真皮座椅,门板和扶手下半部分是用塑料,,,,6,硬件基础,21.5英寸4k二排吸顶屏,未知,,,,,,,,,,,,6,舒适配置,(跳过),(跳过),增程器启动噪声低,未知,,,,,,4,车身缝隙,未知,缝隙较大,,,,,,,,,,6,被动安全,,,全向传力路径设计,未知,,,,,,6,静谧性,,,,,,,静谧性优秀,未知,,,,,,6,按键操作便利性,,,,,童锁,未知,,,,,,6,接待与专业性,,,热情有问必答,未知,,,,,(空),6,视野,,,视野清晰,,,,,,,,,未有机会体验,化妆镜尺寸超大且有触摸按键,,未知,(空)
132,2022秒,35-39岁,女,已婚1孩,是，请补充车型〖GS8、AIONY〗,3,4,4,3,智界R7,智界R7 2026款纯电Ultra,广州番禺万达华为智能生活馆,8,车型整体,线条流畅,大众化、特征不明显,,,,,,,,9,设计细节,,,,,,,副驾储物女性友好、后备箱百变空间令人印象深刻,暂无,,,,8,硬件基础,华为鸿蒙座舱加持，不拉跨,不推砌屏幕(不算劣势),,,,,,,,,,,,8,舒适配置,(跳过),(跳过),主销配置比较清晰，城市通勤消费群体会选Max+配置,暂无,,,,,,8,材质/颜色一致性,,,内饰选材及触感优秀,暂无,,,,,,,,7,主动安全,,,,,华为乾崑智驾加持，不拉跨,高阶智驾需要额外付费，且价格较高,,,,9,座椅舒适性┋空间,送座椅同款靠枕,暂无,定位是轿车，但空间舒适,暂无,,,,,,,,,,8,便利性设计,,,后备箱有小储物空间、挂钩、充电口等设计，非常实用,暂无,,,,,,,,8,接待与专业性,,,商场氛围较好，接待人员对车非常熟悉，有不清楚的地方也会马上找其他同事解释,暂无,,,,,,8,视野,,,小方向盘用起来也很舒服，前视野极佳,无hud配置,,,,,,,(空),年轻家庭居多,在华为五界中个人比较认同，配置实用，价格合理，设计优秀,(空),不推砌屏幕，但对幼儿家庭的后排屏需求可通过自行选购华为平板来满足,
133,3632秒,45-49岁,男,已婚2孩/多人口,否,2,5,5,5,东风日产,燃油车，2.5xl V6配置,天津市名达汽车销售服务有限公司,8,车型整体┋前脸/侧围┋漆面/颜色,外形流畅,年轻人可能不认为够新潮,不突兀，中规中矩，符合中年人的审美观,没有特别突出点,整体黑色中加了亮饰条分割，色差区域处理合理,没有,,,,7,内饰设计风格与布局┋用料及工艺,中规中矩，适合大多数人群,不够适合年轻人新潮的要求,中规中矩，适合大多数人群,不适合年轻的新潮要求,,,,,,,(空),5,硬件基础,中规中矩,没有新科技体验,,,,,,,,,,,(空),6,其他〖普通配置〗,(跳过),(跳过),,,,,适合中年人,不适合年轻人,(空),7,车身缝隙┋材质/颜色一致性┋按键质感,缝隙小，严格合理,,颜色搭配合理,,,,力度刚好,,,,(空),6,被动安全,,,安全带，安全气囊,,,,,,(空),7,座椅舒适性┋空间┋静谧性┋空调感受,硬度适中,无全包围感,宽敞,,,,优秀,,出风指向性好,,,,(空),7,储物空间┋便利性设计,够大,,方便,,,,,,,,(空),6,门店感受┋接待与专业性,适合中年人,不适合新潮年轻人,热情，周到，讲解到位,,,,,,(空),,(空),,,,,,,,,,,(空),,,(空),,(空)
134,3237秒,35-39岁,女,已婚1孩,是，请补充车型〖HT〗,3,3,3,3,零跑,C16，六座版高配,广州车展,6,车型整体┋前脸/侧围┋漆面/颜色,很普通，4.9米符合现在主流车体格,无明显劣势,很普通，但是很主流,无明显劣势,车漆质量一般，但符合经济型价位段水平,无明显劣势,,,(空),6,内饰设计风格与布局┋用料及工艺┋色彩与氛围┋设计细节,很普通，跟目前主流设计一致,无明显劣势,虽然用料差，软包少，但是客户不抱怨，说明他满足客户的最低接受程度,用料差，硬质材质多，软包用料少，仿皮座椅，,无，很普通很平庸,颜色甚至有点土，实车显low,没有细节设计，一切以最简约为准,很简陋,,,(空),6,硬件基础┋UI设计,客户都觉得很满意，满足这个价位段的客户需求,,跟随主流,,,,,,,,,,(空),8,舒适配置┋科技配置,(跳过),(跳过),客户很满意舒适性配置，冰箱彩电大沙发，达到客户预期，,,客户很满意智驾，该智驾水平已满足这个价位段客户水平,,,,(空),5,其他,,,,,,,,,,座椅缝线不平滑，,(空),6,主动安全,,,,,表现一般，,,,,(空),6,舒适配置,,,,,客户很满意舒适性配置，冰箱彩电大沙发，达到客户预期，,,,,,,,,(空),6,储物空间,第三排空间可以,后备箱空间小,,,,,,,,,(空),6,接待与专业性,,,积极介绍，讲得也比较清楚,,,,,,(空),6,底盘调教,,一般,,,,,,,,,(空),,,(空),,(空)
135,1915秒,40-44岁,男,已婚2孩/多人口,是，请补充车型〖昊铂HT和埃安RT〗,1,5,5,1,吉利银河,吉利银河M9次顶配,广州市吉利银河中山店,7,其他〖外观中规中矩。〗,,,,,,,外观中庸符合一般人群,缺少一眼吸睛的感觉,,8,内饰设计风格与布局┋用料及工艺┋色彩与氛围,大屏，简洁。,造型风格一般，普通。,用料中规中矩,没有亮点,色彩简洁,只有两种配色,,,,,,7,其他〖无太多亮点，很一般。〗,,,,,,,,,,,大屏幕,无太多亮点，很一般。,,7,其他〖次顶配〗,(跳过),(跳过),,,,,大屏和头部吸顶屏，二排座椅有腿托和按摩。,与其他品牌对比没有亮点。,,8,其他〖间隙面差一般水平，油漆等外观也一般。〗,,,,,,,,,无，一般,无，一般,,7,其他〖一般配置的安全气囊都具备。〗,,,,,,,,没有特殊亮点。,(空),7,座椅舒适性┋空间,,主驾侧板很硬，上下车容易顶到大腿。,车内宽近2米大空间,,,,,,,,,,(空),7,储物空间┋便利性设计┋按键操作便利性┋充电便利性,无，一般。,无，一般。,,,一般,一般,一般,一般,,,(空),9,门店感受┋接待与专业性┋讲解与演示,无，一般。,无，一般。,全程接待和讲解，并安排试驾以及讲解。,无。,可以大屏调高底盘悬架高度。,,,,(空),7,其他〖舒适一般，可以调节悬架高度，道路通过性好。〗,,,,,,,,,可以调节悬架高度，道路通过性好。,暂无,(空),商务接待以及大家庭人多出行用车。,仪表板上有预留接口，可以安装精品手机支架等。,(空),颜色和造型简约，规格少，可以降低开发和验证成本。,(空)
136,727秒,35-39岁,男,已婚2孩/多人口,是，请补充车型〖小鹏p7，传祺m8〗,3,3,5,2,比亚迪,方程豹8 顶配,广州车展,8,漆面/颜色,,,,,绿色的车身很越野,比较传统的造型,,,(空),9,用料及工艺,,,车载冰箱非常丝滑，安静,,,,,,,,(空),9,UI设计,,,不同的越野模式，用可视化的展示很方便,,,,,,,,,,(空),8,舒适配置,(跳过),(跳过),后排电动腿托,腿托的空间不足,,,,,(空),9,车身缝隙,严丝合缝,,,,,,,,,,(空),8,安全信息的表达,涉水检测很安心,,,,,,,,(空),5,空间,,,5座车后排空间不错,腿托升起后，空间不足,,,,,,,,,(空),9,其他,,,,,,,,,车载冰箱前后排均可控制，前排在扶手箱处，后排下中控后，操作都很方便,,(空),4,讲解与演示,,,,,,有些功能，他们也不清楚。,,,(空),,(空),,,,,,,,,,,(空),,可以把自己的车作为移动电站，给别的车充电,(空),,(空)
137,863秒,25-29岁,女,未婚/单身,否,3,3,3,3,icar,v23-550两驱运动版,广州-番禺体验中心,8,车型整体┋前脸/侧围┋漆面/颜色,整体比例协调,,前脸有越野的运动感,侧围比较一般，平平无奇,,,,,,7,内饰设计风格与布局┋用料及工艺┋设计细节,,传统的副驾前方储物格放在了座椅下面，很新颖，但抽屉的推拉很费劲,一般,,,,内饰设计方面有很多肉眼可见的螺丝，销售说这些螺丝都是可以拆卸支持改装的，很符合购买这个车的人群爱玩的特性,,,,,6,UI设计┋语音助手,,,一般,,,,语音反应比较快，算是比较灵敏,,,,,,,8,其他〖-〗,(跳过),(跳过),,,,,一共就3个配置，差异在于续航里程,,(空),8,材质/颜色一致性┋按键质感,,,彩色车身看起来还是很亮眼的,,,,,质感一般,,,(空),6,主动安全,,,,,,虽然只有高速NOA，但结合13万的售价来看又还行,,,(空),6,座椅舒适性┋空间,座椅很舒适,顶配的座椅是绒面的，在广东显示不合适，太热了,有很多意向不到的储物空间,但整体车身比较小,,,,,,,,,(空),6,储物空间,有很多意向不到的储物空间,,,,,,,,,,(空),9,门店感受┋接待与专业性┋讲解与演示,门店很宽敞,,接待很热情、主动,1,讲解也很细致，车身的每一个部分都会介绍到,,,,(空),6,视野,,,越野车身比较高，视野比较好,,,,,,,,(空),,,(空),,(空)
138,2251秒,30-34岁,女,其他,是，请补充车型〖GS4〗,2,3,3,2,理想,i6 顶配,广州 理想番禺大道店,8,车型整体┋前脸/侧围┋漆面/颜色,线条流畅,,耐看,,高级感强、有质感,,,,(空),7,内饰设计风格与布局┋用料及工艺┋色彩与氛围┋设计细节,简洁,,手感舒适,,舒适简约,,,,,,(空),7,语音助手,,,,,,,语音启动智驾并设置智驾相关功能,,,,,,(空),7,其他,(跳过),(跳过),,,,,零重力座椅,,(空),6,开闭件质感┋按键质感,,,,,声音好听,,手感好,,,,(空),7,主动安全,,,,,主动避让行人,,,,(空),7,座椅舒适性,零重力座椅躺睡舒适,,,,,,,,,,,,(空),8,储物空间,后备厢空间大,,,,,,,,,,(空),8,门店感受,干净明亮,,,,,,,,(空),7,驾驶感受(加速、制动、专项等）┋风噪/胎噪等静谧行,,,,,,,,,,,(空),,,(空),,(空)
139,889秒,35-39岁,男,已婚1孩,是，请补充车型〖埃安yp〗,4,4,3,3,小米,小米yu7 基础版,深圳壹方天地店,9,车型整体┋前脸/侧围┋漆面/颜色,好看，时尚，高级感,,符合东方人审美,,颜色不多，但是漆面很亮,,,,(空),9,内饰设计风格与布局┋用料及工艺┋色彩与氛围,很科技，有天幕屏，很高级感,,质感很好，包裹性很强,有点味道,很时尚，灵动，情绪价值拉满,,,,,,(空),1,UI设计┋独特功能亮点,,,屏幕跟手机差不多，习惯了，一下就上手,,,,,,防晕车模式很好，给油车用户充分照顾，不会出现急加速急减速的情况，如果我是油车用户我很愿意换车,,,,(空),8,舒适配置,(跳过),(跳过),24万有这样品质大汽车，加上小米品牌logo，很值,,,,,,(空),8,开闭件质感┋按键质感,,,,,做工精细，开门关门质感很好很高级,还可以更好，如电吸门,切换模式是使用按钮的，情绪价值拉满,,,,(空),6,其他〖未发现有很独特之处〗,,,,,,,,,(空),8,座椅舒适性┋空间┋静谧性,包裹性很强,悬架偏软,B级车体验，空间充足,,,,挺安静的，豪车水平,,,,,,(空),7,其他〖没有很特别的，中规中矩〗,,,,,,,,,,,(空),9,门店感受┋接待与专业性,已知我不买车，还是诚邀我试驾,,人员很专业，问了一些刁钻问题都能回答上来，培训很到位,,,,,,(空),8,底盘调教,操控很不错，各模式下特点明显,悬架偏软,,,,,,,,,(空),,,(空),不太清楚,(空)
140,7192秒,35-39岁,男,已婚1孩,是，请补充车型〖凯美瑞〗,3,4,2,2,吉利,银河M9,广州-吉利银河广州中和黄埔店,8,车型整体,经典大尺寸SUV造型，耐看。,前脸灯和保险杠造型有些特别，是否喜欢因人而异。,,,,,,,,7,内饰设计风格与布局,让人感觉空间宽敞，坐车不压抑。,前排中间空调出风口位置不太习惯,,,,,,,,,,7,语音助手,,,,,,,正常水平,正常水平,,,,,(空),8,舒适配置,(跳过),(跳过),三排座椅放到后和后备箱高度一致，形成一个大平面。储物、露营都很方便。,未发现,,,,,,7,材质/颜色一致性,,,未见异常,未见异常,,,,,,,(空),7,安全信息的表达,未见异常,未见异常,,,,,,,(空),8,空间,,,进出三排比想象的便利,第三排充电接口、杯架等便利性配置较少,,,,,,,,,(空),7,储物空间,正常水平,正常水平,,,,,,,,,(空),7,讲解与演示,,,,,对于空间、性价比讲解的很充分,动态功能演示不足,,,(空),,(空),,,,,,,,,,,(空),,,(空),,(空)
141,13975秒,40-44岁,男,已婚2孩/多人口,是，请补充车型〖昊铂HL〗,1,1,1,1,丰田 赛那,赛那  双擎四驱豪华版,广州车展,9,前脸/侧围,,,饱满度高，高度适中,,,,,,,9,内饰设计风格与布局,储物空间多,用料不够真诚,,,,,,,,,,6,其他,,,,,,,,,,,,智能性差，无法与电车最基本的功能相比,,5,舒适配置,(跳过),(跳过),,只有最基本的油车时代的配置,,,,,,5,按键质感,,,,,,,按键手感柔和，间隙小,机械感强,,,,7,被动安全,,,中间排座椅有侧气囊,无前排中央气囊,,,,,,8,座椅舒适性,座椅乘托性好,用料差,,,,,,,,,,,,9,储物空间,储物空间超级多,,,,,,,,,,https://alifilezx.sojump.cn/338144886_141_q73_20251126134722843QAAVDH.mp4?Expires=1771984639&OSSAccessKeyId=LTAI5t5yGPC18zF31HzHsQKG&Signature=DNNLk4dpgMQzwziQjNWFKYieqac%3D&response-content-disposition=attachment%3Bfilename%3D143_73_video%284%29.mp4，https://alifilezx.sojump.cn/338144886_141_q73_20251126134726119DSXR66.mp4?Expires=1771984639&OSSAccessKeyId=LTAI5t5yGPC18zF31HzHsQKG&Signature=9dybTvC7Djia%2FB%2B5qA1bHzJb2Ro%3D&response-content-disposition=attachment%3Bfilename%3D143_73_video%284%29.mp4，https://alifilezx.sojump.cn/338144886_141_q73_20251126134726220OI8NU0.mp4?Expires=1771984639&OSSAccessKeyId=LTAI5t5yGPC18zF31HzHsQKG&Signature=Sm2O%2FUwk%2BoG1Yk8jD%2BPiXs%2FfAXw%3D&response-content-disposition=attachment%3Bfilename%3D143_73_video%284%29.mp4，https://alifilezx.sojump.cn/338144886_141_q73_20251126134726328B0WRVW.mp4?Expires=1771984639&OSSAccessKeyId=LTAI5t5yGPC18zF31HzHsQKG&Signature=4C6hIOgrjni4AvY%2BmPVUY%2FF8ltY%3D&response-content-disposition=attachment%3Bfilename%3D143_73_video%284%29.mp4，https://alifilezx.sojump.cn/338144886_141_q73_20251126134726446QAE1R8.mp4?Expires=1771984639&OSSAccessKeyId=LTAI5t5yGPC18zF31HzHsQKG&Signature=cmsKzu47hk%2B4Rhh%2FTT85qtQnMK0%3D&response-content-disposition=attachment%3Bfilename%3D143_73_video%284%29.mp4，https://alifilezx.sojump.cn/338144886_141_q73_202511261347265453ZJLMZ.mp4?Expires=1771984639&OSSAccessKeyId=LTAI5t5yGPC18zF31HzHsQKG&Signature=E8n6v1dVe1eJsmUFfZ1AltRuen8%3D&response-content-disposition=attachment%3Bfilename%3D143_73_video%284%29.mp4，https://alifilezx.sojump.cn/338144886_141_q73_20251126134726644YTSBYB.mp4?Expires=1771984639&OSSAccessKeyId=LTAI5t5yGPC18zF31HzHsQKG&Signature=X0u46EGtSB1dDv66R2gn6%2FPgzn4%3D&response-content-disposition=attachment%3Bfilename%3D143_73_video%284%29.mp4，https://alifilezx.sojump.cn/338144886_141_q73_20251126134726735WBVHY5.mp4?Expires=1771984639&OSSAccessKeyId=LTAI5t5yGPC18zF31HzHsQKG&Signature=nB42oGahAzJQXPZESCyEWCZtLa0%3D&response-content-disposition=attachment%3Bfilename%3D143_73_video%284%29.mp4,5,其他〖无〗,,,,,,,无，不热情，不冷淡,无，不热情，不冷淡,(空),6,视野,,,前方视野好,车身大,,,,,,,(空),不会是年轻的人群，中年以上，比较务实,第三排座椅可以收藏起来，形成一个大大的行李箱空间,,用料一般,(空)
142,866秒,30-34岁,男,已婚1孩,是，请补充车型〖昊铂HT〗,3,3,4,4,蔚来,ES8-6座版,广州新塘店,6,车型整体,外观简洁大气、发罩分缝形式独特,没有眼前一亮,,,,,,,(空),8,用料及工艺,,,内饰一眼高级感强,第三排空间局促,,,,,,,(空),7,语音助手,,,,,,,nomi情绪价值满,触发灵敏度一般,,,,,(空),4,舒适配置,(跳过),(跳过),0重力座椅很舒服,第三排局促,,,,,(空),7,材质/颜色一致性,,,内饰一眼高级感强、机舱盖板品质优异,,,,,,,,(空),5,其他〖未驾驶〗,,,,,,,未驾驶,未驾驶,(空),8,座椅舒适性,0重力座椅舒适性极高,,,,,,,,,,,,(空),6,按键操作便利性,,,,,门板上按键很方便,,,,,,(空),8,接待与专业性,,,服务很周到,专业性一般,,,,,(空),,(空),,,,,,,,,,,(空),,,(空),,(空)
143,2053秒,40-44岁,男,已婚1孩,是，请补充车型〖传祺GS8〗,4,3,3,2,极石,极石,广州车展,7,车型整体,高大，方正，线条粗犷，显得有力量,细节制造工艺不够,,,,,,,,5,用料及工艺,,,设计中庸，不激进，适合更多的消费者,材质定义用料略差,,,,,,,,5,硬件基础,体验一般，没啥太多亮点,屏幕按键操作太麻烦,,,,,,,,,,,(空),5,其他,(跳过),(跳过),,,,,后尾门提供更多改装可能,没有太多特点,(空),5,其他〖座椅〗,,,,,,,,,宽大,大量遮盖功能件的塑料罩盖外漏，显得档次低,(空),6,被动安全,,,车身高大，造型风格给人安全感，非承载式车身,一般,,,,,(空),6,空间,,,宽大,车身高大，？前排拉手太高，一只手拿东西时，单手拉拉手不方便,,,,,,,,,(空),3,按键操作便利性,,,,,简洁,操作不方便，不易盲操,,,,,(空),8,接待与专业性,,,主动联系方式，会面后多次联系,小女生接待，不能共情，销售人员都不是实际使用用户，不能完全理解消费者真实需求,,,,,(空),,(空),,,,,,,,,,,(空),主要中年,针对其出口市场，设计中东土豪版,(空),该车型在其厂内车型上共用较多零件,(空)
144,4019秒,30-34岁,女,已婚1孩,是，请补充车型〖Id3〗,3,4,2,2,问界,问界m7-中配,广州-车展鸿蒙智行展台,7,车型整体┋前脸/侧围┋漆面/颜色,体量大，姿态像奔驰GLS,造型没有太多新意，和M9M8太像,有家族化设计语言,鲶鱼脸，不太好看,红色金属漆质感好，有贵价感,没有创新色,,,,7,内饰设计风格与布局┋用料及工艺┋色彩与氛围┋设计细节,宜商宜家的设计风格，通吃各类用户，有5和6座可以选,6座比较鸡肋，空间很小,座椅，方向盘质感都非常不错，舒适够软但不松垮,Console、门板、顶棚材质和工艺都比较一般，不如理想,红色内饰显高级感，橙色非常适合家庭氛围,氛围灯不是很明显，没有灯光氛围,主驾上方副手位改为眼镜盒以及后排B柱挂钩非常实用,装配工艺明显不足,,,,9,UI设计┋应用生态┋语音助手┋独特功能亮点,,,界面采用3d交互设计，可以点击三维模型打开车窗和加油盖等操作,操作界面的美术设计略显老登,能够适配各种系统如苹果安卓鸿蒙,几乎无敌,自然语言理解力非常强，几乎所有指令都可以理解并做出交互,几乎没有弱点,后排的华为平板接口设计非常好，华为pad有非常多应用，还可以与车机互联，比吸顶屏更好用。流媒体后视镜非常高级清晰好用,不可以长时间放pad在车内，HUD和仪表盘没必要同时存在,,,,7,舒适配置┋科技配置,(跳过),(跳过),全系配有电吸门，空悬，副驾屏，冰箱,副驾屏太小了,激光雷达，ADS4.0，鸿蒙座舱,低配没有激光激光雷达和智驾,,,,7,车身缝隙┋材质/颜色一致性┋按键质感,外饰车身缝隙较小,内饰装配缝隙较大,内饰软包视觉质感优秀,非接触面质感一般,,,按键拨动和推拉有阻尼感比较好,按键材质质感较为一般,,,,9,主动安全,,,,,拥有AEB主动紧急避险功能,几乎无缺点,,,,9,座椅舒适性┋空间┋舒适配置,整体非常柔软，头枕可拆卸，方便换洗,按摩感觉一般,5座版空间非常大,6座版鸡肋空间小,零重力座椅非常有必要,只有6座有,,,,,,,,6,储物空间┋便利性设计,5座版尾箱空间较大,冰箱占了很多console储物空间,尾箱有悬架升降按钮非常便利,方向盘没有电动调节,,,,,,,,8,门店感受┋接待与专业性,展台简洁有序,比较老登适合年纪大的消费者,热情接待，能够较为专业的讲解，媲美当年的bba销售水准,不太主动,,,,,,7,视野,,,坐姿高，视野较好，流媒体后视镜对于倒车视野有较好的帮助,基本无,,,,,,,,关注问问界品牌的用户普遍年龄偏大，35到55岁左右，都比较关注智驾，配置和智能座舱方面,车机与鸿蒙，安卓，苹果都可以融合，建议我们也需要开发适配更多手机用户的系统,,所有接触面都用了软包，其他地方用pvc和唐塑较多,
